,Request Id,decode_time_execution_plus_preemption_normalized,cdf
0,0,0.0018713033568339668,0.25
1,1,0.0018713033568339668,0.5
2,2,0.0018713033568339668,0.75
3,3,0.0018713033568339668,1.0
