,Request Id,request_e2e_time,cdf
0,0,0.12196742792969442,0.25
1,1,0.12196742792969442,0.5
2,2,0.12196742792969442,0.75
3,3,0.12196742792969442,1.0
