,Request Id,decode_time_execution_plus_preemption_normalized,cdf
6,6,0.0017927558238827468,0.125
0,0,0.001794812012771575,0.25
1,1,0.0017948120127716793,0.375
7,7,0.0017958401072160624,0.5
5,5,0.0017968682016605009,0.625
3,3,0.001798924390549378,0.75
4,4,0.001798924390549378,0.875
2,2,0.0017999524849938164,1.0
