,Request Id,prefill_time_execution_plus_preemption_normalized,cdf
2,2,0.0001405436047330027,0.125
3,3,0.00015135465125092596,0.25
4,4,0.0001513546512509943,0.375
5,5,0.00017887367875117505,0.5
7,7,0.00019676104662629256,0.625
0,0,0.00021862338514025824,0.75
1,1,0.00021862338514027572,0.875
6,6,0.0002756792259628327,1.0
