,Request Id,prefill_time_execution_plus_preemption,cdf
6,6,0.0019297545817398287,0.125
2,2,0.0019676104662620375,0.25
3,3,0.0019676104662620375,0.375
0,0,0.001967610466262324,0.5
1,1,0.0019676104662624816,0.625
4,4,0.0019676104662629257,0.75
5,5,0.0019676104662629257,0.875
7,7,0.0019676104662629257,1.0
