,Request Id,request_e2e_time_normalized,cdf
6,6,0.0018229082392224316,0.125
0,0,0.001825555926306924,0.25
1,1,0.0018255559263070306,0.375
7,7,0.0018265840207514206,0.5
5,5,0.001827612115195859,0.625
3,3,0.0018296683040847223,0.75
4,4,0.0018296683040847361,0.875
2,2,0.0018306963985291608,1.0
