,Request Id,request_execution_time_normalized,cdf
6,6,0.0018229082392223596,0.125
0,0,0.001825555926306924,0.25
1,1,0.001825555926306924,0.375
7,7,0.0018265840207513683,0.5
5,5,0.0018276121151958127,0.625
3,3,0.0018296683040847014,0.75
4,4,0.0018296683040847014,0.875
2,2,0.0018306963985291458,1.0
