,Request Id,prefill_e2e_time,cdf
0,0,0.0022040130923205448,0.25
1,1,0.0022040130923205448,0.5
2,2,0.0022040130923205448,0.75
3,3,0.0022040130923205448,1.0
