request_id,request_e2e_time,request_e2e_time_normalized,request_e2e_time_piecewise_normalized,request_execution_time,request_execution_time_normalized,request_preemption_time,request_scheduling_delay,request_execution_plus_preemption_time,request_execution_plus_preemption_time_normalized,prefill_e2e_time,prefill_e2e_time_normalized,prefill_e2e_time_piecewise_normalized,prefill_time_execution_plus_preemption,prefill_time_execution_plus_preemption_normalized,decode_time_execution_plus_preemption_normalized,request_inter_arrival_delay,request_num_tokens,request_num_prefill_tokens,request_num_decode_tokens,request_pd_ratio,request_num_restarts,request_num_pauses,request_num_ignored
0_0,4.171828980091959,0.0772560922239251,0.0914430017000995,4.062785386457108,0.0752367664158723,0.0945890066213905,0.0144545870134606,4.1573743930784985,0.0769884146866388,3.2963249150197957,0.000873893137598,0.0153246480760286,3.2818703280063346,0.0008700610625679,0.0162130382420771,,3826,3772,54,69.85185185185185,0,289,0
0_1,4.884654405526817,0.0313118872149154,0.4815121250434552,4.301620346610434,0.0275744894013489,0.1299293034244328,0.4531047554919496,4.431549650034867,0.0284073695515055,2.382633937522769,0.0011824486042296,0.4540623382125604,1.9295291820308196,0.0009575827206108,0.0160385927436156,2.828480710508302,2171,2015,156,12.916666666666666,0,285,0
0_10,24.55245692713652,0.0569662573715464,13.968666142098805,10.145599415758625,0.0235396738184654,0.4628048362210393,13.944052675156854,10.608404251979664,0.0246134669419481,17.14082540315576,0.0054003860753483,13.94505984992938,3.196772727998905,0.0010071747725264,0.0171963608445029,1.2312480547698217,3605,3174,431,7.364269141531323,0,636,0
0_100,195.2147794365883,0.6236893911712086,184.98485540858687,9.897922556381673,0.0316227557711874,0.3647896896582097,184.9520671905484,10.262712246039882,0.032788218038466,189.62861089257055,0.054179603112163,184.95340334589184,4.6765437020221725,0.0013361553434349,0.0178471838467019,2.649268899578601,3813,3500,313,11.182108626198085,0,574,0
0_101,193.95435712626204,1.4919565932789387,188.4665595209799,5.364355840487406,0.0412642756960569,0.1659828315023332,188.4240184542723,5.530338671989739,0.0425410667076133,191.6278420652961,0.0824205772323854,188.4253964429222,3.203823611023836,0.0013779886499027,0.0178962696997377,1.186882279231213,2455,2325,130,17.884615384615383,0,309,0
0_102,199.7974739575293,0.5964103700224755,188.0189225574872,11.373482723953202,0.0339506946983677,0.4403338000411168,187.98365743353497,11.81381652399432,0.0352651239522218,192.98646476352587,0.0554399496591571,187.9850946088668,5.002807329990901,0.0014371753317985,0.0203313707283684,3.6263661477714777,3816,3481,335,10.391044776119402,0,603,0
0_103,196.1255819981452,1.7356246194526124,190.60949983577805,5.283877728041261,0.0467599798941704,0.281455167918466,190.56024910218548,5.565332895959728,0.0492507335925639,193.88421725016087,0.0938452164812008,190.56185799286695,3.3239681479753926,0.0016088906814982,0.019835086265348,2.407567441347055,2179,2066,113,18.283185840707965,0,271,0
0_104,197.61864250106737,1.0186527963972545,192.59610351315848,4.8237432449823245,0.0248646559019707,0.224819260998629,192.5700799950864,5.048562505980954,0.0260235180720667,193.91506877110805,0.2379325997191509,192.57173028806312,1.344988776021637,0.0016502929767136,0.0190905862369036,1.3151671751402318,1009,815,194,4.201030927835052,0,261,0
0_105,196.17918803566133,4.4586179099013945,191.820345821248,4.218602920649573,0.0958773391056721,0.2416077173547819,191.718977397657,4.460210638004355,0.101368423591008,195.40397599968128,0.0842258517240005,191.7205657591234,3.68499860202428,0.0015883614663897,0.0176184553631835,2.177176935365424,2364,2320,44,52.72727272727273,0,235,0
0_106,199.988098417758,1.7542815650680528,194.5790282395156,5.146651557879522,0.0451460662971887,0.3102864980464801,194.531160361832,5.456938055926003,0.0478678776835614,197.9432463698322,0.0758112778130341,194.5324671737845,3.412086008000188,0.0013068119525086,0.0179372986660159,0.8552125688875094,2725,2611,114,22.903508771929825,0,303,0
0_107,203.23501143138856,1.1547443831328896,196.7068965132057,6.268800428020768,0.035618184250118,0.2966180039802566,196.66959299938756,6.5654184320010245,0.0373035138181876,200.10768225439824,0.0726607415593312,196.67084139780985,3.438089255010709,0.0012483984222987,0.017768915778354,1.2562932424480096,2930,2754,176,15.647727272727272,0,370,0
0_108,206.17416231078096,0.9771287313307154,199.6746149572535,6.335505047929473,0.0300260902745472,0.1949925310909748,199.6436647317605,6.530497579020448,0.0309502254929879,202.6781631758204,0.0858078590922186,199.64494944744385,3.034498444059864,0.0012847156833445,0.016568716279434,0.4473163365619257,2573,2362,211,11.19431279620853,0,380,0
0_109,210.10067302454263,0.7898521542276039,202.4317406709144,7.572229596204124,0.0284670285571583,0.1256421247962862,202.40280130354225,7.697871721000411,0.0289393673721819,205.84839926753196,0.07152480864056,202.40399852312663,3.4455979639897123,0.00119721958443,0.0159859915677093,0.2577107432298362,3144,2878,266,10.819548872180452,0,472,0
0_11,22.15468354790937,0.2014062140719033,17.090137124532536,4.888368140324019,0.0444397103665819,0.2226420117076486,17.043673395877704,5.111010152031668,0.0464637286548333,20.21947197197005,0.0071853134228749,17.044801966800268,3.1757985760923475,0.001128570922563,0.0175928325085392,0.0828662432031706,2924,2814,110,25.581818181818186,0,297,0
0_110,206.793891368201,2.376941280094264,203.34822472047875,3.437941330834292,0.0395165670210838,0.047791208140552,203.30815882922616,3.485732538974844,0.0400658912525844,205.41807940613944,0.1073239704316298,203.30926119107409,2.1099205769132823,0.001102361847917,0.0158139305984087,2.523432216374204,2001,1914,87,22.0,0,216,0
0_111,210.1135990348412,1.410158382784169,205.2858580950571,4.801048747496679,0.0322218036744743,0.0593120635021477,205.25323822384237,4.860360810998827,0.0326198712147572,207.76371126784943,0.0881849368709038,205.2543037896505,2.5104730440070853,0.0010655658081524,0.0157710588388707,0.1650623083114624,2505,2356,149,15.812080536912752,0,310,0
0_112,234.46696936280927,0.1491520161341026,207.5459833538155,25.90132846555207,0.0164766720518779,1.0367937535047531,207.5288471437525,26.938122219056822,0.0171362100630132,207.54271494573916,18.86751954052174,207.530107853024,0.0138678019866347,0.0012607092715122,0.0171273883060242,0.2210576410870999,1583,11,1572,0.0069974554707379,0,1572,0
0_113,213.36962384125215,1.5461566945018277,207.20882860557816,6.129239239729941,0.0444147770994923,0.0765253042336553,207.16385929728855,6.205764543963596,0.0449693082895912,211.17124072520528,0.0578709895108811,207.164957510889,4.007381427916698,0.0010982136004156,0.0159303124351224,0.3649902795441448,3787,3649,138,26.44202898550725,0,391,0
0_114,215.9791847623419,1.2412596825421949,210.05159708890253,5.850597866228782,0.0336241256679815,0.111253319773823,210.0173335763393,5.961851186002605,0.0342635125632333,213.1023087883368,0.0779167490999403,210.0184615380256,3.0849752119975165,0.0011279616862879,0.0165337699655464,1.1382345649180934,2909,2735,174,15.718390804597702,0,366,0
0_115,222.9186300531728,0.5586933084039419,212.6255365042217,9.898573064710943,0.024808453796268,0.4203825283329934,212.59967446012888,10.318955593043938,0.0258620440928419,215.8053656280972,0.0802847342366433,212.60086705356932,3.2056911679683253,0.0011925934404644,0.0178277303886606,0.4868695011828094,3087,2688,399,6.7368421052631575,0,590,0
0_116,217.70927091350316,3.1101324416214733,215.02256016645612,2.605357826454565,0.0372193975207795,0.1202907575061544,214.9836223295424,2.7256485839607194,0.0389378369137245,216.4697996515315,0.1811462758590221,214.98486599257336,1.4861773219890893,0.0012436630309532,0.0177067323138804,0.805274041602388,1265,1195,70,17.071428571428573,0,155,0
0_117,225.1589767505648,0.6004239380015061,213.94196500365405,10.7120889328653,0.0285655704876407,0.5349148240638897,213.9119729936356,11.247003756929187,0.0299920100184778,218.2585707716644,0.0655628028752371,213.91327867034872,4.3465977780288085,0.0013056767131357,0.018401082610401,2.540916353929788,3704,3329,375,8.877333333333333,0,618,0
0_118,223.69977754948195,1.7476545121053275,216.48426114040467,6.921920461696573,0.0540775036070044,0.350411037215963,216.42744605056944,7.272331498912536,0.0568150898352541,221.29438037157524,0.0601506877878704,216.42876894655228,4.866934321005829,0.0013228959828773,0.0187921654523961,1.813788513070904,3807,3679,128,28.7421875,0,395,0
0_119,225.0912959157722,2.4735307243491453,219.95566737507397,4.977071656263433,0.0546930951237739,0.2156194237759336,219.89860483573284,5.192691080039367,0.0570625393410919,223.5409402018413,0.0807881966757648,219.89992118389551,3.642335366108455,0.0013163481626702,0.0170368759772627,1.3779376357560975,2858,2767,91,30.406593406593405,0,291,0
0_12,25.876257286639884,0.0969148212982767,18.947653995397804,6.667122188140638,0.024970495086669,0.2875284838955849,18.92160661460366,6.954650672036223,0.0260473807941431,21.317248862585984,0.0111027337825968,18.92285434494115,2.395642247982323,0.0012477303374907,0.0170749379178048,1.281204268336296,2187,1920,267,7.191011235955056,0,402,0
0_120,228.89827121561396,1.6586831247508256,223.3808685736469,5.341532873106189,0.0387067599500448,0.2161427808459848,223.34059556166176,5.557675653952174,0.0402730119851606,226.6016344116069,0.0758880222409936,223.34168767112251,3.26103884994518,0.0010921094607987,0.0166422956812101,0.2011175651568919,3124,2986,138,21.63768115942029,0,338,0
0_121,231.27074718254156,1.7790057475580117,225.249584617318,5.853842133656144,0.045029554874278,0.2139961103675887,225.2029089385178,6.067838244023733,0.0466756788001825,229.1117098334944,0.0594015322358035,225.20392236887687,3.9088008949765936,0.0010134303590813,0.0166079796080549,1.3993187490850687,3987,3857,130,29.66923076923077,0,379,0
0_122,234.097750413348,1.6721267886667712,228.60187508982077,5.3569697143975645,0.038264069388554,0.1784442805219441,228.5623364184285,5.535413994919509,0.0395386713922822,231.7813426463399,0.0741937716537579,228.56336683015317,3.21900622791145,0.0010304117246835,0.0165457697643432,0.5346803901484236,3264,3124,140,22.314285714285717,0,343,0
0_123,236.0379770377185,1.844046695607176,231.65589235753305,4.260844288393855,0.0332878460030769,0.1557449955726042,231.6213877537521,4.416589283966459,0.0345046037809879,233.9005831828108,0.1152219621590201,231.62251051012103,2.279195429058745,0.0011227563689944,0.0166983894914665,0.145604231627658,2158,2030,128,15.859375,0,264,0
0_124,238.5606964613544,2.208895337605133,233.4617112953371,4.962121681193821,0.045945571122165,0.1845175517955795,233.41405722836495,5.146639232989401,0.047654066972124,236.76010225829668,0.0735051543800983,233.4150960501688,3.3460450299317017,0.0010388218037664,0.0166721685468305,0.4699126094346866,3329,3221,108,29.824074074074076,0,317,0
0_125,242.11829764489084,1.3835331293993762,236.693692952936,5.251954296138138,0.0300111674065036,0.2038262848509475,236.66251706390176,5.455780580989085,0.0311758890342233,239.1355432549026,0.1018898778248413,236.66357076061715,2.4730261910008267,0.0010536967153816,0.0170443107999329,0.0830087484791874,2522,2347,175,13.411428571428573,0,329,0
0_126,246.5744929040084,0.844433194876741,238.0740410059005,8.202121069189161,0.0280894557164012,0.3275420038262382,238.04482983099297,8.5296630730154,0.0292111749075869,241.569579673931,0.075302238052971,238.0459285684752,3.524749842938036,0.0010987374822126,0.0171401138016348,1.07657076488249,3500,3208,292,10.986301369863014,0,503,0
0_127,246.31537289661355,1.8111424477692173,240.45523759427132,5.704782740212977,0.0419469319133307,0.1987609717762097,240.4118291846244,5.903543711989187,0.0434084096469793,243.92438231268895,0.0787106751573697,240.41296263190677,3.51255312806461,0.0011334472823699,0.0175808131170924,1.143149319337681,3235,3099,136,22.78676470588235,0,343,0
0_128,248.55586790386587,1.2184111171758132,243.5814135650061,4.795819499879144,0.0235089191170546,0.2031395401572808,243.55690886382945,4.998959040036425,0.0245047011766491,245.0848019508412,0.2068226176800347,243.5581982250843,1.527893087011762,0.0012893612548622,0.0170150291814934,0.3462354227667674,1389,1185,204,5.8088235294117645,0,288,0
0_129,252.9418596379692,1.019926853378908,245.044988168588,7.644614537479356,0.0308250586188683,0.2842280714539811,245.01301702903584,7.928842608933337,0.0319711395521505,248.74645582796077,0.076396331642494,245.0141636625736,3.733438798924908,0.0011466335377533,0.0169169508468081,0.0539310788735747,3504,3256,248,13.129032258064516,0,468,0
0_13,24.104395326343365,0.2459632176157486,19.33027179562012,4.642464288976044,0.0473720845813881,0.1808770101051777,19.281054027262144,4.823341299081221,0.0492177683579716,22.4328148503555,0.0084429111216994,19.282240237583217,3.1517608230933547,0.0011862103210739,0.0170569436325292,2.036855709273368,2755,2657,98,27.112244897959183,0,282,0
0_130,251.5448360509472,2.566784041336196,245.58256382386472,5.806744151865132,0.0592524913455625,0.216994799207896,245.52109709987417,6.023738951073028,0.0614667239905411,249.8930387009168,0.0643556628124946,245.52222301839103,4.371941601042636,0.0011259185168793,0.0168550750003101,3.2109534670598805,3981,3883,98,39.62244897959184,0,356,0
0_131,252.78278267360287,3.663518589472506,248.9838446798107,3.731120193493553,0.0540742057028051,0.1236845355015248,248.92797794460785,3.854804728995077,0.0558667352028272,251.64382406964432,0.0943900315340001,248.92899664157895,2.715846125036478,0.0010186969711314,0.0165066464341826,0.9503519523423164,2735,2666,69,38.63768115942029,0,241,0
0_132,253.35281305131505,2.724223796250699,249.91613628058093,3.381176432943903,0.0363567358381064,0.092855520080775,249.87878109829035,3.474031953024678,0.0373551822905879,251.8083151523024,0.1314239640669636,249.87978816199285,1.9295340540120376,0.0010070637025115,0.0166075042904584,1.750673870323226,2009,1916,93,20.602150537634408,0,217,0
0_133,258.5128367970465,0.9265693075162956,251.40472082460695,6.870430594775826,0.0246251992644294,0.2632541401544586,251.3791520621162,7.133684734930284,0.0255687624907895,253.7422829431016,0.1104668188694391,251.38018085222544,2.363130880985409,0.0010287901092666,0.0170987593331357,0.4150528071913868,2576,2297,279,8.232974910394265,0,429,0
0_134,255.7846685493132,3.3655877440699107,251.80892142104167,3.8597457902506,0.0507861288190868,0.1690112997312098,251.7559114593314,4.028757089981809,0.0530099617102869,254.47407047031447,0.1070568239252479,251.7570549843676,2.718159010983072,0.0011435250361729,0.0172447115657728,1.972236309782602,2453,2377,76,31.276315789473685,0,234,0
0_135,256.71780809958,3.469159568913243,252.58300996988987,4.050339131499641,0.0547343125878329,0.1411000684602186,252.5263688996201,4.191439199959859,0.0566410702697278,255.49315301561728,0.0938622898661342,252.5274588276569,2.966784115997143,0.0010899280367366,0.0165493930265231,1.9309075407218188,2796,2722,74,36.78378378378378,0,256,0
0_136,261.095638240804,2.039809673756281,255.41397232663985,5.538334209588356,0.043268236012409,0.1880692314589396,255.36923479975667,5.726403441047296,0.044737526883182,258.9010739917867,0.0702962459928826,255.370193756909,3.53183919203002,0.0009589571523296,0.0171450331954474,0.1095672697992995,3811,3683,128,28.7734375,0,363,0
0_137,255.15975310024805,3.1501204086450376,252.5292442400428,2.5612469271291047,0.0316203324336926,0.1021432938287034,252.49636287929025,2.663390220957808,0.0328813607525655,253.77198087330908,0.2294502539541673,252.4975162409485,1.2756179940188304,0.0011533616582448,0.0171329904560367,6.390105496509932,1187,1106,81,13.65432098765432,0,155,0
0_138,258.51598673232365,2.438830063512487,253.01500227352503,5.3540137792006135,0.0505095639547227,0.1993610077770427,252.962611945346,5.553374786977656,0.0523903281790344,256.7384611093439,0.0674739713822191,252.9636042841539,3.7758491639979184,0.0009923388078838,0.0167691096507522,0.7924660919234157,3911,3805,106,35.89622641509434,0,352,0
0_139,260.5569402569672,2.34735982213484,255.12874798933024,5.283432509168051,0.047598491073586,0.1941069609019905,255.0794007868972,5.477539470070042,0.0493472024330634,258.6959427339025,0.0717006493164918,255.0804031543991,3.6165419470053166,0.0010023675019416,0.0167657434510335,1.6444216744275764,3719,3608,111,32.5045045045045,0,343,0
0_14,27.385595715488307,0.2059067347029196,22.002020850563177,5.223420936381444,0.0392738416269281,0.2009385866113007,21.96123619249556,5.424359522992745,0.0407846580676146,25.17800725554116,0.0080776410829455,21.962268201177963,3.2167710630455986,0.0010320086824015,0.0165984094732868,0.4551703818142414,3250,3117,133,23.43609022556391,0,339,0
0_140,262.4390138189774,2.475839753009221,258.4328538998632,3.906718687503599,0.0368558366745622,0.1375951356021687,258.39469999587163,4.044313823105767,0.0381539039915638,260.6612001969479,0.1241835160538103,258.39577979587216,2.266500201076269,0.0010798000005127,0.0167718266229197,0.2867046489845961,2205,2099,106,19.80188679245283,0,244,0
0_141,267.306788314716,0.9900251419063554,259.51854650349554,7.552106816554442,0.0279707659872386,0.2650875664548948,259.4895939317066,7.817194383009337,0.0289525717889234,262.71847588871606,0.0824861776730662,259.4906077094011,3.2288819570094347,0.0010137776945084,0.0169937497259255,1.157436878187582,3455,3185,270,11.796296296296296,0,476,0
0_142,268.5542851624777,2.4638007813071354,262.4239895995183,5.951433262438513,0.0546003051599863,0.2356242964742705,262.36722760356497,6.187057558912784,0.0567619959533282,266.68861342652235,0.0702551668668394,262.3683660086817,4.321385822957382,0.0011384051166905,0.0171162544583064,0.3367564572254196,3905,3796,109,34.825688073394495,0,362,0
0_143,269.9246024705935,2.726511136066601,264.8248462791042,4.965453314012848,0.0501560940809378,0.1863412059610709,264.7728079506196,5.151794519973919,0.052038328484585,268.2324430336012,0.078961566980748,264.773826388972,3.459635082981549,0.0010184383523643,0.0170925195655794,1.8987587499432264,3496,3397,99,34.313131313131315,0,319,0
0_144,269.1443236983614,4.205380057786897,267.6961711064305,1.4202340911142528,0.0221911576736602,0.0509050498949363,267.6731845573522,1.4711391410091892,0.0229865490782685,268.0419752714224,0.8376311727231951,267.6743370283337,0.3687907140702009,0.0011524709814693,0.0172241941709216,0.5447947671636939,384,320,64,5.0,0,85,0
0_145,273.6244469739031,1.2107276414774473,267.1354149860388,6.260479075484909,0.0277012348472783,0.2573930545477196,267.1065748438705,6.517872130032629,0.0288401421682859,269.7365708168363,0.1057790473791515,267.10760621484025,2.629995972965844,0.0010313709697905,0.0172029918454282,0.9165849265409634,2776,2550,226,11.283185840707963,0,394,0
0_146,273.0881920256652,2.677335215937894,269.140124158564,3.8257076998706903,0.0375069382340263,0.1614499480929225,269.1010343777016,3.987157647963613,0.0390897808623883,271.3296697556507,0.1402220515533078,269.1021861272509,2.228635377949104,0.0011517495493277,0.0172404144119069,0.6212594981770962,2037,1935,102,18.97058823529412,0,231,0
0_147,276.89062550652307,1.4496891387776076,270.4603452040108,6.2593761559110135,0.0327716029105288,0.2047477271407842,270.42650162347127,6.464123883051798,0.0338435805395382,273.7003182085464,0.0875001017290749,270.4275482400266,3.27381658507511,0.0010466165553309,0.0167031795705585,0.8864824131596833,3319,3128,191,16.376963350785342,0,399,0
0_148,277.98057399713434,1.8050686623190544,273.161794708632,4.702388153178617,0.0305349880076533,0.1478864247910678,273.13029941916466,4.850274577969685,0.0314952894673356,275.3859462161781,0.1358588782516912,273.1314122197552,2.255646797013469,0.0011128005905345,0.0168482323438715,0.5556481623789296,2181,2027,154,13.162337662337665,0,289,0
0_149,278.76155277865473,2.5341959343514064,274.68569329694253,3.9709046566858888,0.0360991332425989,0.1423480312805622,274.6483000906883,4.113252687966451,0.0373932062542404,276.93008108471986,0.1423805044137377,274.6494732428704,2.2817809940315783,0.0011731521820213,0.0166497426721352,0.7211693364661187,2055,1945,110,17.681818181818183,0,244,0
0_15,30.51138095650822,0.1685711655055702,23.752355467101037,6.517130761523731,0.036006247301236,0.2794448694912717,23.714805325493217,6.796575631015003,0.0375501416078176,27.510380341554992,0.0074837813769192,23.71583785406124,3.795575016061776,0.0010325285680255,0.0165801138947692,1.448924308991991,3857,3676,181,20.30939226519337,0,419,0
0_150,280.86694642319344,2.7535975139528768,276.91881831344125,3.844514217809774,0.0376913158608801,0.1427042692666873,276.879727936117,3.987218487076461,0.039090377324279,279.17730876314454,0.1308234811448662,276.8808045906751,2.2975808270275597,0.0010766545581197,0.0165650750985186,0.033790013520047,2236,2134,102,20.92156862745098,0,243,0
0_151,282.20382233301643,2.5423767777749227,277.33976682337936,4.731073697796091,0.0426222855657305,0.1772004982922226,277.2955481369281,4.908274196088314,0.044218686451246,280.35798239696305,0.0921018339017618,277.2965541928611,3.0624342600349337,0.0010060559329943,0.0166291886130935,1.8676576241850853,3155,3044,111,27.423423423423426,0,308,0
0_152,283.8878920574207,1.7967588104900043,277.43224171834447,6.270286785205826,0.0396853594000368,0.226482345839031,277.39112292637583,6.496769131044857,0.0411187919686383,281.1853934493847,0.0730541422315886,277.392108707234,3.7942705230088905,0.0009857808581472,0.0171044215698478,2.952527515590191,4007,3849,158,24.360759493670887,0,405,0
0_153,343.1012272970984,0.0985923066945685,280.5053157942637,59.74022917542607,0.0171667325216741,2.87367482855916,280.48732329311315,62.613904003985226,0.0179925011505704,281.10009995813016,0.5264046815695321,280.48847081495774,0.6127766650170088,0.0011475218446011,0.0178164159020023,0.6834818032803014,4014,534,3480,0.1534482758620689,0,3516,0
0_154,283.11102888092864,3.1810227964149287,277.1465194066581,5.786056393641047,0.0650118695914724,0.2462315973825752,277.078740889905,6.032287991023623,0.0677785167530744,281.5333208638476,0.0746376778536181,277.0799218496012,4.4545799739426,0.0011809596961671,0.0177270563716968,4.004810937214643,3861,3772,89,42.38202247191011,0,348,0
0_155,283.80183585884515,2.556773296025632,281.3412189811672,2.3884081575088203,0.0215171906081875,0.0945779645116999,281.31884973682463,2.4829861220205203,0.0223692443425272,281.83896800491493,0.7081381105651129,281.320156566644,0.5201182680903003,0.0013068298193223,0.0176834941795515,0.1977488190168514,509,398,111,3.5855855855855854,0,140,0
0_156,285.96702936536167,1.7226929479841064,278.5906445826677,7.14123314851895,0.0430194767983069,0.2798569964943453,278.5459392203484,7.421090145013295,0.0447053623193572,283.0722457984229,0.0757485271068833,278.54715043431094,4.526306578074582,0.0012112139625567,0.0174384552225223,3.27605601050891,3903,3737,166,22.512048192771083,0,426,0
0_157,288.35073817765806,4.576995844089811,282.7177114612848,5.485233913990669,0.0870672049839788,0.2386480720015242,282.62685619166587,5.723881985992193,0.0908552696189237,287.237699464662,0.0748209688628971,282.62805724487583,4.610843272996135,0.0012010532099495,0.0176672811586675,0.4286522757029161,3902,3839,63,60.93650793650794,0,330,0
0_158,291.76804329804145,1.7682911715032814,286.466865685688,5.086327300989069,0.0308262260666004,0.2471745650982484,286.43454143195413,5.3335018660873175,0.0323242537338625,288.852422256954,0.1442819291992777,286.43574916463393,2.417880824999884,0.0012077326798201,0.017670430552045,0.7866567766759545,2167,2002,165,12.133333333333333,0,303,0
0_159,291.40751243103296,1.3126464523920405,285.993318533034,5.192548061022535,0.0233898561307321,0.246144451899454,285.96881991811097,5.438692512921989,0.024498614923072,287.3798484400613,0.2547693691844515,285.9700708299212,1.4110285219503569,0.0012509118102396,0.0181426305899623,2.8670521079329774,1350,1128,222,5.081081081081081,0,302,0
0_16,44.09351423603948,0.0549109766326768,27.335934294090062,16.14924336131662,0.0201111374362598,0.6292313187150285,27.315039556007832,16.77847468003165,0.0208947380822311,30.19260344200302,0.0116528766661532,27.31615015573226,2.877563885995187,0.0011105997244288,0.0173112214122496,0.180909710470587,3394,2591,803,3.2266500622665006,0,975,0
0_160,297.9269006085815,0.5864702767885462,287.234591179204,10.28967590816319,0.0202552675357543,0.4237228889251128,287.2135018114932,10.713398797088304,0.0210893677108037,288.8228345385287,0.2515878349638751,287.21490366926935,1.6093327270355076,0.0014018577761633,0.0179213899016787,0.1493234505178406,1656,1148,508,2.25984251968504,0,596,0
0_161,294.34093778021634,2.973140785658751,288.63918739661455,5.4899504472268745,0.0554540449214835,0.2699810627382248,288.58100627025124,5.759931509965099,0.0581811263632838,292.56143387325574,0.0992069969051392,288.5823560252879,3.9804276030045,0.0013497550366241,0.0179747869389959,0.2246881882892921,3048,2949,99,29.78787878787879,0,319,0
0_162,301.41343907953706,0.9723014163856034,290.9985935342941,10.012053412618116,0.0322969464923165,0.4364971343893558,290.9648885325296,10.448550547007471,0.0337050017645402,295.6842161875684,0.0825011763916206,290.96620530921905,4.719327655038796,0.0013167766894639,0.0184813641676408,1.5794454746646809,3894,3584,310,11.561290322580644,0,573,0
0_163,302.5267151389271,1.368899163524557,294.54709843,7.677124702255242,0.0347381208246843,0.3387629917124286,294.51082744495943,8.01588769396767,0.0362709850405776,298.3922474529827,0.1005703564047801,294.512135641794,3.8814200080232695,0.0013081968345208,0.0187079985789339,1.1557399076409638,3188,2967,221,13.425339366515836,0,435,0
0_164,305.17509796470404,2.243934543858118,298.087957176813,6.819467345369048,0.0501431422453606,0.3201707816915586,298.03545983764343,7.139638127060607,0.0524973391695632,302.76698988769203,0.0865295769899091,298.0368120897298,4.731530050048605,0.0013522520863242,0.0177066770368529,0.3387868702411651,3635,3499,136,25.727941176470587,0,390,0
0_165,308.33294508967083,3.854161813620885,302.3048950218843,5.858734430978075,0.0732341803872259,0.2456200680462643,302.2285905906465,6.104354499024339,0.0763044312378042,306.893968927674,0.0794444651637778,302.22979829925043,4.665378337027505,0.0012077086039418,0.0179872020249604,0.5215979920467362,3943,3863,80,48.2875,0,347,0
0_166,312.6147041309159,1.4608163744435323,306.02579154880885,6.346962435171008,0.0296587029680888,0.2728840088238939,305.994857686921,6.619846443994902,0.0309338618878266,308.8072710050037,0.1348503366834077,305.9960858150075,2.8124133180826902,0.0012281280864989,0.017791743579029,0.8821777066914365,2504,2290,214,10.700934579439252,0,372,0
0_167,314.1499376166612,1.847940809509772,306.6002546837444,7.307401983998716,0.0429847175529336,0.2869536289945245,306.55558200366795,7.59435561299324,0.0446726800764308,311.0890669366345,0.0864376401602207,306.55684165494137,4.53348493296653,0.0012596512733999,0.0180051216472159,2.235006331349723,3769,3599,170,21.17058823529412,0,424,0
0_168,318.43556536140386,1.2586385982664183,310.6811177767524,7.486094313440844,0.0295893055867227,0.2991248886100948,310.6503461593529,7.785219202050939,0.0307716173994108,313.831579881371,0.1274701786683066,310.65163829327736,3.181233722018078,0.001292133924459,0.0181975710673235,0.4215534122195095,2715,2462,253,9.731225296442688,0,428,0
0_169,322.4046566883335,1.2212297601830815,312.9507081845659,9.099526829319077,0.0344679046565116,0.3903682467062026,312.9147616123082,9.489895076025276,0.0359465722576715,317.4971619233256,0.0908952653659678,312.9160734933019,4.582400311017409,0.0013118809937066,0.0185889953219995,0.9000762990908697,3757,3493,264,13.231060606060606,0,514,0
0_17,35.57083768444136,0.3324377353686108,30.136842082961785,5.284005456371233,0.0493832285642171,0.201254254556261,30.085577973513864,5.485259710927494,0.0512641094479205,33.677379289409146,0.0104328932123324,30.086690675284583,3.5918013158952817,0.0011127017707234,0.0176958728507683,0.1077379615744575,3335,3228,107,30.16822429906542,0,322,0
0_170,324.819621131639,1.5249747470968966,317.0986565867796,7.405391551321372,0.0347670964850768,0.3519926376175135,317.0622369427001,7.757384188938886,0.0364196440795252,320.98147502273787,0.1087704083438623,317.0635650477764,3.9192380800377578,0.0013281050762581,0.0180194653000052,0.4166884946171194,3164,2951,213,13.854460093896714,0,424,0
0_171,325.942178938305,1.7811048029415577,320.634281971324,5.101482164580375,0.0278769517190184,0.2355790714500472,320.6051177022746,5.337061236030422,0.0291642690493465,322.82345703733154,0.1980512006363997,320.6064786466519,2.218339335056953,0.0013609443773355,0.0170421961801828,0.3580217803828418,1813,1630,183,8.907103825136613,0,301,0
0_172,329.3608442735858,1.0292526383549556,320.3250355418313,8.653271712595597,0.0270414741018612,0.4108624383807182,320.2967101226095,9.064134150976315,0.0283254192218009,323.76734580867924,0.1077070345338254,320.2978646920327,3.470635686069727,0.0011545694231768,0.017479682702833,2.510049640666693,3326,3006,320,9.39375,0,525,0
0_173,325.9182127377717,3.7897466597415312,323.1309425072436,2.7197218695655465,0.0316246729019249,0.1003397754393518,323.0981510927668,2.8200616450048983,0.0327914144768011,324.4294267357327,0.2735492636894879,323.0992735848772,1.3312756429659205,0.0011224921104265,0.0173114651399881,0.654803573852405,1272,1186,86,13.790697674418604,0,165,0
0_174,327.2199730302673,2.6177597842421383,322.8720359083097,4.171296022250317,0.0333703681780025,0.2117051087552681,322.8369718992617,4.383001131005585,0.0350640090480446,324.9465359773021,0.1884840695924026,322.8381955443186,2.109564078040421,0.0012236450568679,0.0181874964237213,1.5757944334764034,1849,1724,125,13.792,0,246,0
0_175,369.612005973584,0.1464970297160459,324.5916404495068,42.94007902184967,0.0170194526444112,2.098137559136376,324.573789392598,45.038216580986045,0.0178510569088331,324.817170513561,1.7277509069870265,324.57508397302865,0.2433811209630221,0.0012945804306543,0.0177545919381779,0.3561206797603518,2711,188,2523,0.0745144669044788,0,2536,0
0_176,327.4878885630751,3.274878885630751,324.6104366370174,2.7699810756603256,0.0276998107566032,0.1365360213676467,324.5813714660472,2.9065170970279723,0.0290651709702797,325.71352541202214,0.4122956017873698,324.58280457230785,1.1321539459750056,0.0014331062607278,0.0177436315105296,0.2188648164737969,890,790,100,7.9,0,161,0
0_177,333.4011170496233,1.3663980206951774,324.38920316400794,8.679614049033262,0.0355721887255461,0.3693859019549563,324.35211709863506,9.048999950988218,0.0370860653729025,328.9658559346572,0.0858918683902499,324.3533217301849,4.613738836022094,0.0012046315498752,0.0181772996515005,1.3440092013916,4074,3830,244,15.69672131147541,0,512,0
0_178,331.9992683905876,1.6038611999545291,327.3044228130948,4.521523573319428,0.0218431090498523,0.1961125166853889,327.2816323005827,4.717636090004817,0.0227905125121005,328.1944675395498,0.4514366816224894,327.28288791989354,0.9128352389670908,0.0012556193108213,0.0183806804397957,1.6675923131406307,934,727,207,3.5120772946859904,0,259,0
0_179,337.4655800195178,0.7336208261293865,327.08147477539984,9.973002431215718,0.0216804400678602,0.4337261358741671,327.0588514524279,10.406728567089884,0.0226233229719345,329.1824943544343,0.2204839212018984,327.0602738522283,2.123642902006395,0.0014223998004061,0.0180067079675728,1.1186899350723252,1953,1493,460,3.2456521739130437,0,575,0
0_18,39.241263799136505,0.220456538197396,33.32329273381234,5.726376587874256,0.0321706549880576,0.2250293422257527,33.289857869036496,5.951405930100009,0.0334348647758427,36.12490021204576,0.0155643688979085,33.29107934354878,2.8350423430092637,0.0012214745122831,0.0175076606016334,0.3707990613766014,2499,2321,178,13.039325842696629,0,340,0
0_180,333.5581498068059,2.238645300716818,327.806829201174,5.5434591841185465,0.0372044240544868,0.246721695875749,327.7679689268116,5.790180879994296,0.0388602743623778,330.8626597237308,0.1495762476147065,327.769367973284,3.094690796919167,0.0013990464723866,0.0180905374703028,1.3968842506874353,2361,2212,149,14.845637583892618,0,319,0
0_181,332.0536980886245,4.099428371464501,329.6768660037563,2.3159271192271262,0.0285916928299645,0.090615366701968,329.6471556026954,2.4065424859290943,0.029710401060853,330.5673031486804,0.4926487379264983,329.6485269105136,0.9201475459849462,0.0013713078181593,0.0183505548141252,1.1986499121412637,752,671,81,8.283950617283951,0,132,0
0_182,337.62777981965337,0.9275488456583884,329.2883648216609,8.043036760995165,0.0220962548378988,0.319351832033135,329.26539122662507,8.3623885930283,0.022973595035792,331.1624634555774,0.2651420844320075,329.26691009950656,1.897072228952311,0.001518872881467,0.0177618581430659,1.2846540600294247,1613,1249,364,3.431318681318681,0,466,0
0_183,334.45519661006983,4.029580682049034,328.5646893633768,5.704916851012968,0.0687339379640116,0.2574258499080315,328.49285390914883,5.962342700920999,0.0718354542279638,332.9501941151684,0.0987982771855099,328.49417656202894,4.45734020601958,0.0013226528801245,0.0181325601795351,2.6525677664903924,3453,3370,83,40.60240963855421,0,334,0
0_184,335.84174229728524,3.198492783783669,329.67072402551617,5.979445134522393,0.0569470965192608,0.250909851398319,329.6113873113645,6.230354985920712,0.0593367141516258,334.00799868337344,0.0928573807849245,329.61260961088414,4.39661137200892,0.0012222995196021,0.017464224894398,3.3217282937839627,3702,3597,105,34.25714285714286,0,357,0
0_185,338.6461061722366,3.078600965202151,333.2787515497618,5.195506147923879,0.0472318740720352,0.2210902600781992,333.22950976423454,5.416596408002079,0.0492417855272916,336.70926852722187,0.1155091830282064,333.2307035065203,3.4797587629873306,0.0011937422857589,0.0176076149546795,0.7792439301265404,3025,2915,110,26.5,0,311,0
0_186,344.76043171831407,0.9169160418040267,336.60759613721353,7.82666902593337,0.0208156091115249,0.3479074500501156,336.5858552423306,8.174576475983486,0.0217408948829348,337.9627885943046,0.3080791144888829,336.58711042314366,1.376933351974003,0.001255180813103,0.0180788380957699,0.106758749927394,1473,1097,376,2.917553191489361,0,454,0
0_187,346.262649540673,1.1133847252111673,336.32480968857726,9.517166007775812,0.0306018199606939,0.4527313922299072,336.2927521406673,9.96989740000572,0.0320575479099862,340.5431304955855,0.1027279428342641,336.2940343060836,4.250378354918212,0.0012821654162649,0.018390736479381,1.6514521236531436,3626,3315,311,10.659163987138264,0,550,0
0_188,342.8633207785897,16.32682479898046,339.6889967481561,3.124494125833735,0.1487854345635111,0.2085461061215028,339.53028054663446,3.3330402319552377,0.1587162015216779,342.4839505585842,0.1670653417358947,339.53172136127444,2.953670011949725,0.0014408146399754,0.018065248571691,0.9955218660179526,2071,2050,21,97.61904761904762,0,177,0
0_189,346.7385034863837,1.541060015495039,339.6269930717204,6.861569529632106,0.0304958645761426,0.2816886993823573,339.59524525736924,7.143258229014464,0.0317478143511753,342.7192111123586,0.1413858131651644,339.5965340221609,3.1239658549893647,0.0012887647916622,0.0178635216623337,2.8711371612735093,2649,2424,225,10.773333333333332,0,398,0
0_19,44.99505799147301,0.1414938930549465,35.0793690622309,9.605965089634992,0.0302074373887892,0.3410036154091358,35.04808928642888,9.946968705044128,0.0312797758020255,39.38712213747203,0.0111736516702048,35.049320217734135,4.339032851043157,0.0012309313052604,0.017635018408808,1.0602344416547569,3843,3525,318,11.08490566037736,0,565,0
0_190,347.5197856584564,2.213501819480614,341.5121578123646,5.808238392230123,0.0369951489950963,0.2378998887725174,341.47364737745374,6.046138281002641,0.0385104349108448,344.7041161385132,0.1362466862207562,341.4749242425767,3.230468761059456,0.0012768651229484,0.0179342007639693,1.228792218840681,2687,2530,157,16.11464968152866,0,338,0
0_191,349.7412886753445,3.208635675920592,344.56938664222866,4.957120104925707,0.0454781661002358,0.2626699099782854,344.52149866044056,5.219790014903992,0.04788798178811,347.9034243064234,0.1307416100362357,344.5227695832688,3.3819256459828466,0.0012709228282536,0.0168611409992765,0.1650230881059542,2770,2661,109,24.412844036697248,0,299,0
0_192,353.8068389586406,1.5865777531777605,346.6869059200821,6.880732960533351,0.0308553047557549,0.2712718484690413,346.6548341496382,7.152004809002392,0.0320717704439569,349.9977913425537,0.105643764365395,346.6558431919542,3.342957192915492,0.0010090423160022,0.0170809310138426,1.2343616267899051,3536,3313,223,14.856502242152466,0,436,0
0_193,358.14378730545286,0.9601710115427692,349.3334879209478,8.48710428958293,0.0227536308031713,0.3468786954181269,349.3098043204518,8.833982985001057,0.0236836004959813,351.6507628594991,0.1713697674753894,349.3109451384533,2.3409585390472785,0.001140818001485,0.0174075722411629,0.6734643641393632,2425,2052,373,5.501340482573727,0,510,0
0_194,357.92050232191104,2.4183817724453447,351.5418113484519,6.17803024163004,0.0417434475785813,0.2440531874308362,351.49841889285017,6.422083429060876,0.0433924556017626,355.3023686148226,0.1104109287180928,351.49960097790984,3.803949721972458,0.0011820850596558,0.0176900926154622,0.135454281582497,3366,3218,148,21.74324324324324,0,368,0
0_195,361.6604408456478,1.4072390694383183,354.9895846805968,6.410735309123993,0.0249444953662412,0.2861788878217339,354.9635266487021,6.696914196945727,0.0260580318947304,357.1972694876604,0.2051678744903276,354.9648096715849,2.2337428389582783,0.0012830228828019,0.0173664255174608,0.3221766002243384,1998,1741,257,6.77431906614786,0,382,0
0_196,400.3197723138146,0.1558877618044449,353.10879595917385,45.55829306342639,0.0177407683268794,1.6710747895995155,353.0904044607887,47.22936785302591,0.0183914983851346,354.8209531927714,0.2472619882876456,353.09161041809324,1.730548731982708,0.0012059573045175,0.017717608691995,4.089458344853483,4003,1435,2568,0.5588006230529595,0,2667,0
0_197,364.29171758168377,1.210271486982338,354.36160649600487,9.60105856624432,0.0318972045390176,0.3621528897201642,354.3285061257193,9.963211455964483,0.0331003702855962,358.8482972296188,0.0958206401147179,354.3297130125294,4.519791103899479,0.00120688681012,0.0180844529968937,0.4740320701384917,4046,3745,301,12.44186046511628,0,561,0
0_198,364.9137785856146,2.385057376376566,358.5697132206653,6.158496023854241,0.0402516079990473,0.2273066132329404,358.52797594852746,6.385802637087181,0.0417372721378247,362.1044713255251,0.1294154650913241,358.5292541813284,3.5764953769976278,0.0012782328009283,0.0183614853600624,0.303636321099475,2951,2798,153,18.287581699346404,0,353,0
0_199,366.2391473778989,3.212624099806131,361.6052091963509,4.518899591756053,0.0396394701031232,0.1560468922834843,361.5642008938594,4.674946484039538,0.0410083024915748,364.2843412469374,0.1875820500756629,361.5656015840515,2.7201403530780226,0.0014006901921102,0.0171474222014168,0.5224776186514646,2056,1942,114,17.035087719298247,0,260,0
0_2,6.092776178847998,0.0458103472093834,0.0704162566873588,5.871108062216081,0.0441436696407224,0.1968757987488061,0.0247923178831115,6.067983860964887,0.0456239388042472,3.897041684947908,0.0010101196695043,0.0257960113426928,3.872249367064797,0.0010036934595813,0.0165092819090232,2.748458418645896,3991,3858,133,29.00751879699248,0,382,0
0_20,46.55911552871112,0.2463445266069371,38.92485072220634,7.430855037178844,0.0393166933184065,0.2440175608498975,38.884242930682376,7.674872598028742,0.0406077915239615,43.34843911463395,0.0120078778710897,38.88547955012391,4.464196183951572,0.0012366194415378,0.0169877058945882,0.485865093767643,3799,3610,189,19.1005291005291,0,441,0
0_200,364.6911445505684,14.02658248271417,361.9434863601883,2.774496941245161,0.1067114208171215,0.0830675767501816,361.8335800325731,2.8575645179953426,0.1099063276152054,364.2600222545443,0.1828614569550925,361.834798126058,2.4264422219712287,0.0012180934849253,0.0165816267701582,2.4321816173614934,2018,1992,26,76.61538461538461,0,166,0
0_201,369.618767073378,2.2957687395861988,363.0035130768806,6.49781558837276,0.0403591030333711,0.1587837456027045,362.9621677394025,6.656599333975464,0.0413453374781084,366.7992818603525,0.1085847489225436,362.9633036524045,3.837114120949991,0.0011359130020574,0.0175123305156861,1.280983737204224,3539,3378,161,20.981366459627328,0,388,0
0_202,373.3506177515956,1.9859075412318916,366.5861734286684,6.612489260151051,0.0351728152135694,0.1881285618292167,366.5499999296153,6.800617821980268,0.0361734990530865,370.0076277005719,0.1327143571379382,366.5512401117426,3.4576277709566057,0.0012401821273158,0.0177818619735301,0.2325942227616906,2976,2788,188,14.829787234042554,0,385,0
0_203,373.6011533907149,2.94174136528122,370.0099321436357,3.5279272857587785,0.0277789550059746,0.0917957172496244,369.9814303877065,3.619723003008403,0.0285017559292,371.32016374368686,0.3493134183854062,369.98268977938665,1.3387333559803665,0.001259391680132,0.0179605484017955,0.0095640268409624,1190,1063,127,8.37007874015748,0,203,0
0_204,376.29559755767696,2.50863731705118,370.8243940076597,5.349971993244253,0.0356664799549616,0.1579510436858981,370.7876745207468,5.507923036930151,0.0367194869128676,373.6919647337636,0.1700919275074026,370.7889964552999,2.904290213016793,0.0013219345530344,0.0173575521594223,0.5153217830229551,2347,2197,150,14.646666666666668,0,312,0
0_205,380.55443200632,2.393424100668679,373.5423746551987,6.863639543182217,0.0431675442967435,0.192797917756252,373.4979945453815,7.056437460938469,0.044380109817223,377.7244971443433,0.107767331567573,373.4992003949105,4.226502598961815,0.0012058495289477,0.0177983324652619,0.1772081773960963,3664,3505,159,22.044025157232703,0,403,0
0_206,386.3911581764696,1.061514170814477,375.3058397209133,10.795930572785435,0.0296591499252347,0.3199259501416236,375.27530165354256,11.11585652292706,0.0305380673706787,379.56504961149767,0.1085712384472247,375.27652869815296,4.2897479579551145,0.001227044610399,0.0187530455081646,2.432308331830427,3860,3496,364,9.604395604395604,0,607,0
0_207,384.42155842960346,2.3157925206602616,379.4526866897352,4.860856653074734,0.0292822689944261,0.1381294609745964,379.4225723155541,4.99898611404933,0.03011437418102,381.2552714565536,0.2681120052437086,379.42386113351546,1.8326991409994664,0.0012888179613217,0.0190740179099389,0.1253978778840974,1588,1422,166,8.566265060240964,0,268,0
0_208,386.9073001841316,1.3575694743302864,380.4553200021978,6.318134568515234,0.0221688932228604,0.1565638534957543,380.4326017621206,6.474698422010988,0.0227182400772315,381.5119187490782,0.5141670064003749,380.43405636722434,1.079316986957565,0.0014546051037163,0.018931162930012,0.8049912825226784,1027,742,285,2.6035087719298247,0,342,0
0_209,388.1065599640133,2.896317611671741,380.3547723523868,7.533200293662958,0.0562179126392758,0.2768714353442192,380.2964882350061,7.810071729007177,0.0582841173806505,385.6908666410018,0.1053800182079239,380.29796210888753,5.394378405995667,0.0014738738814195,0.0180275621120261,1.1970911381067708,3794,3660,134,27.31343283582089,0,417,0
0_21,46.60101258859504,1.6643218781641085,42.03304777843629,4.592816109885462,0.1640291467816236,0.1443325821310281,41.86386389657855,4.73714869201649,0.1691838818577317,46.156871109618805,0.011744750918478,41.86495626482614,4.293007213040255,0.0010923682475929,0.0158621956777226,1.4675128820817918,3958,3930,28,140.35714285714286,0,290,0
0_210,391.7358369920403,0.9067959189630562,382.3370117082663,9.136860025231726,0.0211501389472956,0.283772277762182,382.3152046890464,9.420632302993909,0.0218070192198933,384.1500139849959,0.2701476891596314,382.3164949909423,1.834809295949526,0.0012903018958857,0.0175597754792694,3.376476933946833,1854,1422,432,3.2916666666666665,0,533,0
0_211,392.3800403035712,1.290723816788063,383.8186407385817,8.341127088293433,0.0274379180535968,0.2485279208049178,383.7903852944728,8.589655009098351,0.0282554441088761,387.0560829684837,0.1482973497963539,383.7916365196352,3.2656976740108803,0.0012512251624562,0.0175130175496298,0.3417390075046569,2914,2610,304,8.585526315789474,0,489,0
0_212,390.03549677086994,2.653302699121564,385.0315821019926,4.9104847924318165,0.0334046584519171,0.1277032645884901,384.9973087138496,5.038188057020307,0.0342733881429952,387.4156255678972,0.1989808040923971,384.998550787221,2.418316854047589,0.0012420733713649,0.017822253081447,2.042093999683857,2094,1947,147,13.244897959183673,0,286,0
0_213,391.2467678914545,9.781169197286363,386.618697653088,4.616841145558283,0.115421028638957,0.1298975604586303,386.5000291854376,4.746738706016913,0.1186684676504228,390.5972376964055,0.1107763011050497,386.5011911844481,4.097208510967903,0.0011619990104843,0.0162382548762252,0.8984345553908497,3566,3526,40,88.15,0,286,0
0_214,391.28493535588495,5.148485991524802,388.5834285358571,2.682214512256905,0.0352922962139066,0.0553123987047001,388.54740844492335,2.7375269109616056,0.0360200909337053,390.0315661599161,0.2521212450936755,388.5483678228904,1.4841577149927616,0.0009593779670282,0.0164916999469584,2.0353176965145394,1623,1547,76,20.355263157894736,0,175,0
0_215,395.8649359012488,1.629073810293205,389.6220025216908,6.129074821947143,0.0252225301314697,0.1396558029809966,389.5962052763207,6.268730624928139,0.0257972453700746,391.79962578532286,0.177767525310945,389.59720501339376,2.2034205090021715,0.0009997370730499,0.0167296712589546,0.4213294916553423,2447,2204,243,9.069958847736626,0,386,0
0_216,396.5274131015176,3.277086058690228,391.43646429992987,5.019317800295539,0.0414819652916986,0.114055574638769,391.3940397265833,5.133373374934308,0.0424245733465645,394.49237739958335,0.1417507644267277,391.39515303512553,3.09833767300006,0.0011133085422206,0.0168184768754896,0.3914929287275299,2904,2783,121,23.0,0,306,0
0_217,398.4565361245768,3.2930292241700565,394.213612729569,4.175735452678055,0.0345102103527111,0.1025456372881308,394.1782550346106,4.278281089966185,0.0353576949583982,396.45212440763135,0.1996234261871255,394.17939998394246,2.273869373020716,0.0011449493318331,0.0165653860904584,0.2973800299223512,2107,1986,121,16.41322314049587,0,257,0
0_218,401.27721265144646,2.461823390499672,395.2471748778105,5.941470195772126,0.036450737397375,0.125790033256635,395.2099524224177,6.067260229028761,0.0372224553928144,398.5730010004481,0.1194405157328283,395.2109602284045,3.36304857803043,0.0010078059868236,0.0165902555275971,1.22811390820425,3500,3337,163,20.47239263803681,0,379,0
0_219,403.9643202963052,2.0402238398803294,397.82535526041306,6.022651719627902,0.0304174329274136,0.1474755753297358,397.7941930013476,6.170127294957638,0.0311622590654426,400.668800236308,0.1532780414063917,397.79529269807097,2.874607234960422,0.0010996967233972,0.0166440407070566,0.7642666001338512,2812,2614,198,13.202020202020202,0,371,0
0_22,48.22073844540864,0.4636609465904677,45.90180075955756,2.265323505271226,0.021781956781454,0.0761281386949122,45.8792868014425,2.3414516439661384,0.022513958115059,46.5151504954556,0.0751456389264226,45.88031404489002,0.6358636940130964,0.0010272434475171,0.0163998841341638,0.263031026115641,723,619,104,5.951923076923077,0,144,0
0_220,404.52898599323817,2.6098644257628267,399.6671473132642,4.782936576171778,0.0308576553301405,0.1104724848410114,399.6355769322254,4.89340906101279,0.0315703810387921,401.95840376324486,0.1931563689395698,399.6366931392561,2.3228268310194835,0.0011162070307638,0.0165844014838277,1.018916838103905,2236,2081,155,13.425806451612903,0,294,0
0_221,406.74487559637055,2.5581438716752865,400.4724208997378,6.165560770779848,0.038777111765911,0.1465930062113329,400.43272181937937,6.312153776991181,0.0396990803584351,404.1181372574065,0.1156275070836642,400.433776301622,3.685415438027121,0.00105448224264,0.0165203669117236,1.509209852782078,3654,3495,159,21.9811320754717,0,391,0
0_222,407.2289796421537,2.8881487917883244,402.777731036068,4.38020902860444,0.0310653122596059,0.1028342103818431,402.7459364031674,4.483043238986284,0.0317946329006119,404.9077424071729,0.2062698636816978,402.7470376797869,2.1618060040054843,0.0011012766194628,0.0164626754253957,1.3577381612267343,2104,1963,141,13.921985815602836,0,271,0
0_223,407.0942448850256,7.538782312685658,403.7247696485159,3.351977777667344,0.0620736625493952,0.0810724633047357,403.6611946440535,3.43305024097208,0.0635750044624459,406.2224058720749,0.1746441985692497,403.66229576667945,2.5612112280214205,0.0011011226259765,0.0161451669064936,1.229762690141797,2380,2326,54,43.07407407407408,0,210,0
0_224,409.7793301085476,2.545213230487873,404.59511106757606,5.113474979647435,0.0317607141593008,0.103145430330187,404.56270969857,5.216620409977622,0.0324013690060721,407.1519761425443,0.1469332284888287,404.5636441144646,2.5892664439743385,0.0009344158946136,0.0163189687329396,1.6455854584928602,2932,2771,161,17.211180124223603,0,338,0
0_225,413.7001123285154,2.165969174494845,407.13169841803136,6.449888484319672,0.0337690496561239,0.1530960256932303,407.0971278185025,6.602984510012902,0.0345705995288633,410.52831874252297,0.1245157169373742,407.0981685194197,3.431190924020484,0.0010407009172036,0.0166062491413215,0.0405139100039377,3488,3297,191,17.26178010471204,0,407,0
0_226,414.59282416128553,1.6991509186937932,408.7673268124435,5.718031941098161,0.0234345571356482,0.1314386478625238,408.7433535723249,5.849470588960685,0.0239732401186913,410.5484123533825,0.2495735029503844,408.7444508724957,1.805058781057596,0.0010973001708556,0.016575458229111,1.7705174752045425,1889,1645,244,6.741803278688525,0,353,0
0_227,415.7034288968425,2.5503277846432058,409.0432150659246,6.536530458368361,0.0401014138550206,0.1647958036046475,409.0021026348695,6.7013262619730085,0.0411124310550491,413.02887580683455,0.116972210650477,409.0032430407522,4.026773171965033,0.0011404058827428,0.0164083011656931,1.5298956194892526,3694,3531,163,21.66257668711657,0,404,0
0_228,418.77361146872863,2.719309165381355,412.5369766528632,6.140424327226356,0.0398728852417295,0.1369728076970204,412.49621433380526,6.277397134923376,0.040762319057944,416.2489678707207,0.1149224096826948,412.4972504336222,3.752753536915407,0.0010360998169286,0.0163937895974543,0.5160742860753089,3776,3622,154,23.51948051948052,0,391,0
0_229,423.32290966343135,1.528241551131521,415.9790127974,7.154663810390048,0.0258291112288449,0.2158413776196539,415.9524044754216,7.370505188009702,0.0266083219783743,418.5491131484741,0.1772762020959229,415.9535043096754,2.5967086730524898,0.0010998342537282,0.0172339224366686,0.2820321843028068,2638,2361,277,8.52346570397112,0,434,0
0_23,50.32537381560542,0.3332806212954001,44.37871444838843,5.77809537248686,0.0382655322681248,0.2082083905115723,44.339070052606985,5.986303762998432,0.0396443957814465,47.81181481364183,0.0136177199697071,44.34005915678273,3.4727447610348463,0.0009891041757433,0.0166460861057191,2.1623179578455165,3662,3511,151,23.251655629139076,0,377,0
0_230,453.3640921458136,0.221369185618073,417.7160850986063,34.564289377536625,0.0168770944226253,1.1011324264109137,417.6986703418661,35.66542180394754,0.0174147567402087,417.7132776008221,417.7132776008221,417.7132776008221,0.014607258955948,0.014607258955948,0.0174076242895466,0.8360169596271589,2049,1,2048,0.00048828125,0,2048,0
0_231,420.9919364898233,2.2633975080098026,415.3460246830176,5.5335784228518605,0.0297504216282358,0.1428518261527642,415.31550624081865,5.676430249004625,0.0305184421989495,417.7524550427916,0.2086675599614343,415.31672349796247,2.4369488019729038,0.0012172571438426,0.0174165669195253,2.3831714660627767,2188,2002,186,10.763440860215054,0,329,0
0_232,429.9604906850727,0.9512400236395414,417.3800334577736,12.267665966413915,0.0271408539079953,0.340685844537802,417.352138874121,12.608351810951715,0.027894583652548,421.8472425991204,0.1179332520545486,417.35339554276095,4.495103724999353,0.0012566686399215,0.0179496639069742,0.3834447807166725,4029,3577,452,7.913716814159292,0,712,0
0_233,428.38249268301297,1.8954977552345704,420.1810775818334,8.024132826831192,0.0355050125081026,0.2137330081313848,420.1446268480504,8.237865834962577,0.0364507337830202,424.16974784305785,0.1301533439223866,420.14586192660056,4.025120995007455,0.001235078550171,0.0186404638936067,1.6862226329976693,3485,3259,226,14.420353982300885,0,458,0
0_234,428.3105683783069,2.30274499128122,420.70039819636673,7.421653160825372,0.0399013610797063,0.2296530761523172,420.6592621413293,7.651306236977689,0.0411360550375144,425.1223171403399,0.1353461690991212,420.6606830439077,4.463054999010637,0.0014209025784815,0.0171411356879949,3.493009280762635,3327,3141,186,16.887096774193548,0,425,0
0_235,430.7815865013981,4.733863587927452,424.7041330441185,5.969100304413587,0.0655945088397097,0.1758804135024547,424.6366057834821,6.144980717916042,0.06752726063644,429.23153380549047,0.1115756521459554,424.6378002019957,4.594928022008389,0.0011944185136491,0.0170335461088753,0.4692054948536679,3938,3847,91,42.27472527472528,0,360,0
0_236,427.6948077464476,3.421558461971581,424.1812739176862,3.450296396389604,0.0276023711711168,0.0915723826037719,424.1529389674543,3.541868778993376,0.028334950231947,425.577848215471,0.3694252154648186,424.1541758678432,1.4249092480167749,0.0012369003889034,0.0169356762478128,5.062084894976579,1277,1152,125,9.216,0,207,0
0_237,436.81761526106857,1.1030747860127994,425.5361207067644,11.018015576642938,0.0278232716581892,0.2920397233683616,425.50755996105727,11.3100553000113,0.0285607457070992,429.7013081171317,0.1197940641530894,425.5087291130383,4.1937481560744345,0.0011691519810634,0.0179704725856991,0.0710540973814204,3983,3587,396,9.058080808080808,0,643,0
0_238,435.7620883770287,3.6313507364752393,429.6918607412663,5.947561991517432,0.0495630165959786,0.1736759605119004,429.64085042499937,6.1212379520293325,0.0510103162669111,433.5245658920612,0.1411212779596553,429.6421146552946,3.883715467061848,0.0012642302952675,0.0186460207080623,0.0437470300821587,3192,3072,120,25.6,0,340,0
0_239,434.6940595938359,12.7851193998187,431.4207639120492,3.254289879114367,0.0957144082092461,0.1181965809082612,431.3215731338132,3.3724864600226283,0.0991907782359596,434.0915293027647,0.2219281847151148,431.3229892668239,2.7699561689514667,0.0014161330107113,0.0177214791491518,2.185069087194279,1990,1956,34,57.52941176470589,0,182,0
0_24,53.520981047302485,0.1720931866472748,46.376803319887,6.88577183696907,0.0221407454564921,0.2814516250509769,46.35375758528244,7.167223462020047,0.023045734604566,48.23417264025193,0.028710817047769,46.35487687995801,1.8804150549694896,0.001119294675577,0.0169993839455001,1.4436304273549467,1991,1680,311,5.401929260450161,0,423,0
0_240,440.3107002080651,2.701292639313283,433.3576189328772,6.810804887558334,0.041784079064775,0.1851966424146667,433.3146986780921,6.996001529973,0.0429202547851104,437.6067156310892,0.1123508897640793,433.3158006079902,4.2920169529970735,0.0011019298980737,0.0165888624354351,0.7592801827704534,4058,3895,163,23.895705521472397,0,423,0
0_241,444.63140413875226,1.5123517147576608,436.90539010632057,7.566698530456051,0.0257370698314831,0.1856841505505144,436.8790214577457,7.752382681006566,0.0263686485748522,439.7252788917394,0.1714328572677346,436.8801311097668,2.846257433993742,0.0011096520210501,0.0166875008401796,0.7129954133415595,2859,2565,294,8.724489795918368,0,465,0
0_242,441.91083591105416,7.490014167983968,437.48245388632085,4.403502231813036,0.0746356310476785,0.10123120713979,437.4061024721013,4.504733438952826,0.0763514142195394,440.9074128770735,0.1394394095120409,437.4072097808948,3.5013104049721733,0.0011073087934763,0.0170071700674686,2.3049144606338814,3221,3162,59,53.59322033898305,0,269,0
0_243,443.3913014063146,3.634354929559956,438.02327034537217,5.297456076834351,0.043421771121593,0.1149388771736994,437.97890645230655,5.41239495400805,0.0443638930656397,441.3818774583051,0.1283459951899695,437.97989597571626,3.402971005998552,0.0009895234097117,0.0164706880984385,2.911764360731468,3561,3439,122,28.188524590163933,0,346,0
0_244,446.9161511851708,2.1383547903596685,440.4288248520943,6.37731363880448,0.0305134623866243,0.1412017631810158,440.3976357831853,6.518515401985496,0.0311890689090215,443.4562077001901,0.1480160906876469,440.39865666833776,3.0585719170048837,0.0010208851525383,0.0165547535166536,0.9697392971720546,3205,2996,209,14.334928229665072,0,404,0
0_245,446.5067692876328,5.253020815148621,441.02874275909136,5.420323105761781,0.0637685071266092,0.1229180243099108,440.9635281575611,5.543241130071692,0.0652146015302552,445.1110222345451,0.1151347703658937,440.96460097030734,4.147494076984003,0.0010728127462452,0.0164205535657375,2.4783004575874656,3951,3866,85,45.48235294117647,0,340,0
0_246,447.5299202780007,4.66177000289584,443.9453026412484,3.5430509401485324,0.0369067806265472,0.0792995138326659,443.90756982401945,3.6223504539811984,0.0377328172289708,445.9511014680611,0.2220872019263252,443.9085875190613,2.04353164404165,0.0010176950418534,0.0164460292702036,1.188788055558689,2104,2008,96,20.916666666666668,0,226,0
0_247,452.62608049891423,1.7016018063868956,445.3744111748393,7.117510088719428,0.0267575567245091,0.1615240252576768,445.34704638493713,7.279034113977104,0.0273647899021695,448.1869043809129,0.1564352196792017,445.3480376093685,2.8398579959757626,0.0009912244314051,0.0166886320225614,0.5899564271094278,3131,2865,266,10.770676691729324,0,451,0
0_248,459.8278458787827,0.9701009406725372,447.9115131213138,11.634789030067624,0.0245459684178641,0.3067368199117481,447.8863200288033,11.94152584997937,0.025193092510505,451.6639941087924,0.133628400623903,447.88743768385655,3.777674079989083,0.0011176550532512,0.0172233159704436,0.2862264901632443,3854,3380,474,7.1308016877637135,0,700,0
0_249,456.5979393199086,3.804982827665905,450.0820772185728,6.412785558612086,0.0534398796551007,0.1578316864324733,450.02732207486406,6.570617245044559,0.0547551437087046,454.44869289395865,0.1168849518760181,450.0284592587167,4.421370819094591,0.0011371838526477,0.0179103868829164,1.6197238188469782,4008,3888,120,32.4,0,381,0
0_25,53.535328349331394,0.2676766417466569,47.47659278368344,5.8673853183863685,0.0293369265919318,0.2217961546266451,47.44614687631838,6.089181473013014,0.030445907365065,50.10374600533396,0.021485311323042,47.4472864985864,2.65759912901558,0.0011396222680169,0.0171579117199871,0.7715248869499192,2532,2332,200,11.66,0,358,0
0_250,461.2509932842804,0.9876894931140908,451.9327563418549,9.102397193899378,0.0194912145479644,0.2358359651407227,451.9127601252403,9.3382331590401,0.0199962166146468,453.2830423893174,0.4308774167198835,451.914062674921,1.3702822640771046,0.0013025496806816,0.0170619933510984,2.518686639610678,1519,1052,467,2.252676659528908,0,543,0
0_251,456.96432105626445,3.715157081758248,450.1798673902016,6.663432031520642,0.0541742441587044,0.1766319104935974,450.1242571142502,6.84006394201424,0.0556102759513352,454.8530475012958,0.1150652789024274,450.1254533678265,4.728790387045592,0.0011962535762827,0.0171648256501516,3.1410434880526736,4076,3953,123,32.13821138211382,0,398,0
0_252,461.5688025242416,2.4293094869696925,454.5183899495016,6.907842052634805,0.03635706343492,0.1798742923419922,454.4810861792648,7.087716344976798,0.0373037702367199,458.4085387712112,0.1318023400722286,454.482215406577,3.927452591946349,0.0011292273122329,0.0166329671212128,0.3553066439926624,3668,3478,190,18.305263157894736,0,427,0
0_253,462.5280248799827,2.964923236410145,457.2214290769167,5.203414494288154,0.0333552211172317,0.1374174107331782,457.18719297496136,5.340831905021332,0.0342361019552649,459.8679058889393,0.189871141985524,457.1882997928449,2.6807129139779136,0.0011068178835581,0.0170520448143808,1.2068231572629884,2578,2422,156,15.525641025641026,0,317,0
0_254,516.2967977388762,0.1666548733824648,459.2830224358809,54.77837582526263,0.0176818514607045,2.253808833658695,459.26461307995487,57.03218465892133,0.0184093559260559,459.2813349679345,459.2813349679345,459.2813349679345,0.0167218879796564,0.0167218879796564,0.0184039582862949,0.603886389057152,3099,1,3098,0.0003227888960619,0,3098,0
0_255,464.605806409847,2.5527791560980604,457.2910019114715,7.16087462217547,0.039345464957008,0.1943431607214734,457.2505886269501,7.355217782896943,0.0404132845214117,461.4506937338738,0.1309451457814625,457.2517804842449,4.200105106923729,0.0011918572948137,0.0173357839339187,2.0140334350289777,3706,3524,182,19.36263736263736,0,429,0
0_256,467.1291707636556,1.7897669377917838,461.1973334944578,5.810617152485065,0.0222629009673757,0.1440348754404112,461.1745187357301,5.954652027925476,0.0228147587276838,462.59094312170055,0.3987852957945694,461.1757397912352,1.4164243859704584,0.0012210555051469,0.0173878453714751,0.2596640752162784,1421,1160,261,4.444444444444445,0,343,0
0_257,471.248505105963,1.8553090752203267,462.5391827161941,8.492147737531923,0.0334336525099682,0.2515988514060154,462.504758517025,8.743746588937938,0.034424199169047,466.4687417190289,0.1520928404691975,462.506050979758,3.963983202003874,0.001292462732965,0.0188179660902915,0.0693488057004287,3321,3067,254,12.0748031496063,0,481,0
0_258,514.5679068975151,0.1986748675279981,466.045961321636,47.05866307369433,0.0181693679821213,1.4820240802364424,466.0272197435843,48.540687153930776,0.0187415780517107,466.1856097514974,4.018841463374978,466.028585174687,0.1583900079131126,0.0013654311026992,0.018680423608501,0.424604820436798,2706,116,2590,0.0447876447876447,0,2598,0
0_259,472.7248857022496,4.25878275407432,466.1436895511631,6.433384856791236,0.0579584221332543,0.2076403502142056,466.08386049524415,6.641025207005441,0.0598290559189679,470.7770141592482,0.1481362536687376,466.0853372585116,4.693153664004058,0.001476763267465,0.0175483922792917,0.0831298403209075,3289,3178,111,28.63063063063063,0,358,0
0_26,55.3563013325911,0.3665980220701397,49.63332846308349,5.529405402136035,0.0366185788220929,0.2317206198349595,49.59517531062011,5.761126021970995,0.038153152463384,52.85705419559963,0.019818917958605,49.596398362320514,3.261878884979524,0.0012230517004047,0.0165513055429898,0.4906902427319437,2818,2667,151,17.662251655629138,0,339,0
0_260,474.8212344403146,6.783160492004494,470.2716398793289,4.466983349411748,0.0638140478487392,0.1485473646316677,470.2057037262712,4.615530714043416,0.065936153057763,473.6016976912506,0.1828577983363901,470.20701492085226,3.395993964979425,0.0013111945810731,0.017421953558057,0.5542396459495649,2660,2590,70,37.0,0,263,0
0_261,481.4073221749859,2.5337227482894,473.0548205920152,8.149037030525506,0.0428896685817131,0.2476576825138181,473.01062746194657,8.396694713039324,0.044193130068628,477.93925190297887,0.1226428667957348,473.01189218466686,4.928624441032298,0.0012647227203059,0.0182530014316159,0.5739764802856371,4087,3897,190,20.510526315789477,0,473,0
0_262,484.1796484023798,2.457764712702436,477.8211494972917,6.203035517479293,0.0314874899364431,0.1879047085531056,477.7887081763474,6.390940226032399,0.0324413209443269,480.60961115034297,0.2401847132185622,477.79011792296114,2.820902973995544,0.0014097466136909,0.0181220165078012,0.1333990496350452,2198,2001,197,10.157360406091373,0,351,0
0_263,483.9057686295128,2.587731383045522,476.9965131364515,6.723330011125654,0.0359536364231318,0.2230720168445259,476.95936660154257,6.94640202797018,0.0371465349089314,480.51031886658166,0.1928985623711688,476.9607921142945,3.5509522650390863,0.0014255127519225,0.0181574853632678,3.6320356198120862,2678,2491,187,13.320855614973262,0,381,0
0_264,486.4848115374334,2.533775060090799,480.16996272013967,6.154046514653601,0.0320523255971541,0.1938643383327871,480.136900684447,6.347910852986388,0.0330620356926374,482.9860987124266,0.2383939282884632,480.1383070013414,2.8491980279795825,0.001406316894363,0.0182224626302437,0.3555062741506845,2218,2026,192,10.552083333333334,0,348,0
0_265,487.8207749483408,3.5095019780456176,481.6044276423556,6.040864165872335,0.0434594544307362,0.2205291350837797,481.5593816473847,6.261393300956115,0.0450459949709073,485.2717393314233,0.1859991335114692,481.56080455182473,3.71235768403858,0.0014229044400301,0.0183383857332196,1.4079621490091083,2748,2609,139,18.769784172661872,0,341,0
0_266,519.6686038550688,0.2971232726444075,485.0380762047389,33.63210166676436,0.0192293319992935,1.018237498239614,485.0182646900648,34.65033916500397,0.0198115146741017,486.43317853601184,0.4883867254377629,485.01968528629567,1.4149138459470123,0.0014205962308704,0.0190025301995751,0.2361418503569439,2745,996,1749,0.5694682675814752,0,1826,0
0_267,492.6953615848906,3.879491036101501,485.8710102503606,6.625622775871307,0.0521702580777268,0.2528900771867484,485.8168487318326,6.878512853058055,0.0541615185280161,490.2444117518608,0.1605253476594174,485.8182984905162,4.427563020028174,0.0014497586837027,0.0192988175829124,0.5985493601765484,3181,3054,127,24.04724409448819,0,366,0
0_268,499.8324422239093,2.2616852589317165,490.1639039531615,9.386668677907435,0.0424736139271829,0.3258174940710887,490.1199560519308,9.712486171978526,0.043947901230672,495.41261755093,0.1513172319947862,490.121572625388,5.292661498999223,0.0016165734572386,0.0199992066650647,0.1061690748902037,3495,3274,221,14.81447963800905,0,483,0
0_269,503.9266208470799,4.499344828991785,495.3328000064389,8.311309103854,0.0742081169986964,0.3599335461622104,495.2553781970637,8.671242650016211,0.0774218093751447,501.6722455180716,0.1263976431136486,495.2569949436802,6.416867321007885,0.00161674661653,0.02012835115186,0.1386376129230484,4081,3969,112,35.4375,0,434,0
0_27,58.441139036091045,0.3092123758523336,52.33960516450104,5.925281258299947,0.0313506944883595,0.2087075806921348,52.30715019709896,6.133988838992082,0.0324549674020745,55.29764868400525,0.0199270806068487,52.30822785421136,2.99049848690629,0.0010776571123986,0.01663222408511,0.5333172815153375,2964,2775,189,14.682539682539682,0,372,0
0_270,509.6219652061118,2.4152699772801505,501.6778217396579,7.676855099503882,0.036383199523715,0.3051176215521991,501.6399924850557,7.981972721056081,0.0378292546021615,505.8696727401111,0.1896063241154839,501.64157782248265,4.229680255055428,0.0015853374269323,0.0177833766161168,0.0131191009422764,2879,2668,211,12.644549763033176,0,424,0
0_271,516.8570315317484,1.088120066382628,503.9788763895045,12.547631376655772,0.0264160660561174,0.3576928692637011,503.9517072858289,12.905324245919472,0.0271691036756199,508.14501275576185,0.1553960283656764,503.9529896422417,4.193305469932966,0.0012823564128235,0.0183410921599715,1.9004318373044955,3745,3270,475,6.88421052631579,0,710,0
0_272,515.1006899696076,3.179633888701282,507.7557629045792,7.182881443644874,0.0443387743434868,0.2076662863837555,507.710142239579,7.390547730028629,0.0456206650001767,512.0096138726221,0.1527930808333698,507.7114252809496,4.29947163304314,0.0012830413706485,0.0190807166480585,0.4179467482026666,3513,3351,162,20.685185185185187,0,402,0
0_273,517.2610009444179,7.184180568672471,511.2610510764983,5.876795721356757,0.0816221627966216,0.2076604827307164,511.1765447403304,6.0844562040874735,0.0845063361678815,516.0726783433929,0.1436727946390292,511.1779078064783,4.896133603062481,0.0013630661478459,0.0165044805697915,0.8148617862025276,3664,3592,72,49.888888888888886,0,336,0
0_274,520.3446945905453,2.4202078818164896,515.060453946824,5.194078165222891,0.0241585030940599,0.1148551917867735,515.0357612335356,5.308933357009664,0.024692713288417,516.7615818205522,0.3094380729464385,515.0367946590368,1.725820587016642,0.0010334255012075,0.0166656407906652,1.0222899878863243,1885,1670,215,7.767441860465116,0,324,0
0_275,523.0505368874874,3.248761098680046,516.5765977559586,6.36799064045772,0.0395527368972529,0.1464106106432154,516.5361356363865,6.514401251100935,0.0404621195720555,520.3627435844392,0.1497877788095679,516.5372371355079,3.826607948052697,0.0011014991214889,0.0166943683419145,0.2115447410615161,3635,3474,161,21.577639751552795,0,391,0
0_276,524.1218760912307,2.620609380456153,516.9336327262333,7.068796125706285,0.0353439806285314,0.1555690652457997,516.8975109002786,7.224365190952085,0.0361218259547604,520.7775709222769,0.1396560930335953,516.8985514098044,3.8800600219983608,0.0010405095258778,0.0167215258447686,3.45076114020776,3929,3729,200,18.645,0,443,0
0_277,525.5248243298847,4.734457876845808,520.1684466454678,5.281351572484709,0.0475797438962586,0.1237204545177519,520.1197523028823,5.405072027002461,0.0486943425856077,523.6808326859027,0.1632930566529163,520.1208627114831,3.561080383020453,0.0011104086008794,0.0166125373331712,0.6431110122939572,3318,3207,111,28.89189189189189,0,324,0
0_278,525.7955839724746,105.1591167944949,524.0212273140903,2.168922971119173,0.4337845942238346,0.049022851861082,523.5776381494943,2.217945822980255,0.4435891645960509,525.7286265025614,0.2659224210938601,523.5787261557427,2.1509883530670777,0.00108800624839,0.0133914939826354,0.0886767404153943,1982,1977,5,395.4,0,136,0
0_279,531.8657166010235,1.7553323980231796,525.6080806090546,6.126211829483509,0.0202185208893845,0.1521448114654049,525.5873599600745,6.278356640948914,0.0207206489800294,526.7150862490525,0.4124628709859456,525.5882430660173,1.1277262889780104,0.0008831059428175,0.0169987800395079,0.1271105074556544,1580,1277,303,4.214521452145214,0,383,0
0_28,58.45440920640249,0.7494155026461857,55.23441601981027,3.162207833607681,0.0405411260718933,0.0996034463169053,55.1925979264779,3.2618112799245864,0.0418180933323664,57.13561525847763,0.0327800431775545,55.19371268111473,1.9430173319997264,0.0011147546368328,0.0169076147169853,0.0906789966393262,1821,1743,78,22.346153846153847,0,195,0
0_280,532.4232664988376,2.559727242782873,526.1473852866463,6.156453428324312,0.0295983337900207,0.1497460505925119,526.1170670199208,6.306199478916824,0.0303182667255616,528.8239573389292,0.2184320352494544,526.1181851076196,2.70689031900838,0.0011180876988882,0.0173043709610982,0.583921535173431,2629,2421,208,11.639423076923077,0,369,0
0_281,532.2229346014792,4.882779216527332,528.6905364953761,3.4765782555332407,0.0318952133535159,0.0885272404411807,528.6578291055048,3.565105495974421,0.0327073898713249,530.3344278275035,0.3957719610653011,528.6590802985809,1.6765987219987435,0.0012511930761184,0.0173257502199603,0.1494013434275984,1449,1340,109,12.293577981651376,0,205,0
0_282,536.501888598199,2.438644948173632,529.9632815433762,6.407902116887271,0.029126827804033,0.1605615911539644,529.9334248901578,6.568463708041236,0.0298566532183692,532.8333551451797,0.2046997138475527,529.9345389624801,2.8999302550219,0.0011140723223288,0.0166751520591788,0.3839135812595486,2823,2603,220,11.831818181818182,0,399,0
0_283,537.4686261434108,6.718357826792635,532.0136025253814,5.401347441016696,0.0675168430127087,0.1227271088864654,531.9445515935076,5.524074549903162,0.0690509318737895,536.1451335204765,0.1385387941913376,531.9456370151942,4.20058192696888,0.0010854216865552,0.0165436577866785,0.8745114967459813,3950,3870,80,48.375,0,335,0
0_284,540.7103114058264,6.514582065130438,536.1523934560547,4.526200068648905,0.0545325309475771,0.0873022463638335,536.0968090908136,4.613502315012738,0.0555843652411173,539.3354734869208,0.1597557682129504,536.0977684108361,3.238664396107197,0.0009593200225436,0.0165643122759703,0.048820124589838,3459,3376,83,40.67469879518072,0,298,0
0_285,542.941900288919,5.074223367186159,538.9364829905588,3.959961252869107,0.0370089836716738,0.0832430011359974,538.8986960349139,4.043204254005104,0.0377869556449075,541.1729865949601,0.2408424506430619,538.8997081802455,2.274290560046211,0.0010121453315737,0.0165319036818588,0.4222291229525581,2354,2247,107,21.0,0,253,0
0_286,548.9032323040301,1.217080337702949,539.3331995683884,9.343157200259157,0.0207165348121045,0.2481422747951001,539.3119328289758,9.591299475054257,0.0212667394125371,541.2754413270159,0.2998755907628896,539.3130206453183,1.963508498040028,0.0010878163424044,0.0169130620332909,1.846927244914696,2256,1805,451,4.0022172949002215,0,570,0
0_287,544.9808054951718,4.657955602522836,541.2062465325823,3.724177227821201,0.0318305745967624,0.0829210361698642,541.1737072311807,3.807098263991065,0.032539301401633,542.9863944922108,0.336006432235279,541.1748289435948,1.812687261030078,0.0011217124140037,0.0170462478885554,0.0876725998241454,1733,1616,117,13.811965811965813,0,225,0
0_288,547.1570742137264,4.885331019765415,541.875645114057,5.195587726309896,0.0463891761277669,0.1334218156989663,541.8280646717176,5.329009542008862,0.0475804423393648,545.2423267447157,0.1887958195099431,541.8292468954271,3.414262072998099,0.0011822237094868,0.0170959595447389,1.1415976164862514,3000,2888,112,25.785714285714285,0,312,0
0_289,549.511476054322,5.49511476054322,545.2097886958171,4.231457443442196,0.0423145744344219,0.1136813025223091,545.1663373083575,4.345138745964505,0.043451387459645,547.8665683423169,0.2377893091763528,545.1675092836326,2.700231033959426,0.001171975275156,0.0164490771200507,0.0593762893695384,2404,2304,100,23.04,0,260,0
0_29,67.1658814814873,0.1499238425926055,56.93073041820961,9.835744894691745,0.0219547877113654,0.422303598257713,56.90783298853785,10.258048492949456,0.0228974296717621,59.47029560955707,0.0237027882062802,56.90885429687624,2.562462621019222,0.0010213083383894,0.0171776470355585,0.2113320638891309,2957,2509,448,5.600446428571429,0,614,0
0_290,556.1627468493534,1.151475666354769,544.7254527532083,11.179067255812695,0.0231450667822209,0.2819556662579998,544.7017239272827,11.461022922070695,0.0237288259256122,547.9429374312749,0.1668522951983175,544.702710898508,3.241213503992185,0.0009869712253325,0.017018238960825,3.1507162100169808,3767,3284,483,6.799171842650104,0,695,0
0_291,552.3950570460875,15.782715915602498,547.7655364971541,4.653755880659446,0.132964453733127,0.1119270373601466,547.6293741280679,4.765682918019593,0.136162369086274,551.7855715050828,0.148729264556626,547.6304943969027,4.156197377014905,0.0011202688347749,0.0174138726001339,0.2990539802704006,3745,3710,35,106.0,0,282,0
0_292,589.9059218375478,0.266203033320193,551.4975087899769,37.23166223149747,0.0168012916207118,1.1940909574041143,551.4801686486462,38.42575318890158,0.0173401413307317,551.5149708406534,30.63972060225852,551.4821021037577,0.0348021920071914,0.0019334551115106,0.0173244363704397,0.2883318894309923,2234,18,2216,0.0081227436823104,0,2217,0
0_293,556.9522921544267,4.284248401187898,550.2672653853168,6.5430862485663965,0.0503314326812799,0.193762433482334,550.215443472378,6.7368486820487306,0.0518219129388363,554.7088310964173,0.1531921654505433,550.2166843968806,4.493387624039315,0.0012409245026344,0.0172573927539185,1.2824788541765884,3751,3621,130,27.853846153846156,0,389,0
0_294,554.5685915546492,5.963103134996228,552.0614269983564,2.472098282305524,0.0265817019602744,0.0623180626425892,552.0341752097011,2.534416344948113,0.027251788655356,552.9573449176969,0.7513007403773055,552.0354295163695,0.9231697079958394,0.0012543066684726,0.0173252326554007,2.658078707754612,829,736,93,7.913978494623656,0,146,0
0_295,555.7229839032516,2.259036519931917,549.2147103909093,6.358618413214572,0.0258480423301405,0.1762194808106869,549.1881460092263,6.534837894025259,0.0265643816830295,551.4648880421882,0.3063693822456601,549.1894108659113,2.27674203296192,0.0012648566849788,0.0173093327685501,3.7502787404228,2046,1800,246,7.317073170731708,0,377,0
0_296,554.4066074780421,3.3805280943783056,549.8505049960677,4.471194930491038,0.0272633837225063,0.1128591004526242,549.8225534470985,4.584054030943662,0.0279515489691686,551.5472253940534,0.3956579809139551,549.8237906579643,1.7246719469549134,0.0012372108658213,0.0174352566096874,1.6255602261517197,1558,1394,164,8.5,0,264,0
0_297,556.0513166127494,5.673993026660708,549.5647108015314,6.365237856749445,0.0649514067015249,0.1882401793263852,549.4978385766735,6.553478036075831,0.0668722248579166,554.3836109417025,0.1403147585273861,549.4990751680086,4.88577236502897,0.0012365913351123,0.0170174048066006,2.0324842703994364,4049,3951,98,40.31632653061224,0,382,0
0_298,561.187147423625,1.9690777102583328,553.1050702448999,7.908503869664855,0.0277491363847889,0.202031327295117,553.076612226665,8.110535196959972,0.0284580182349472,556.2223543076543,0.2069279591918356,553.0777825176177,3.1457420809892938,0.0011702909527489,0.0174203267227041,1.290407362044789,2973,2688,285,9.43157894736842,0,470,0
0_299,564.4109309698688,2.351712212374453,556.014388216023,8.204525569453835,0.0341855232060576,0.227149162441492,555.9792562379735,8.431674731895328,0.0351319780495638,560.1747729319613,0.1660761259804214,555.9805000911291,4.195516693987884,0.0012438531556441,0.017650658491281,0.2265136237256229,3613,3373,240,14.054166666666667,0,481,0
0_3,5.046008972567506,0.0638735312983228,1.1270718165581952,3.840308906510472,0.0486115051457021,0.1288710335502401,1.0768290325067935,3.969179940060712,0.0502427840514014,3.747638470609672,0.0014936781469149,1.0778935241122551,2.670809438102878,0.0010644916054614,0.0164350696450358,2.805601176340133,2588,2509,79,31.75949367088608,0,244,0
0_30,62.78630067768973,0.4242317613357413,58.67786632865869,3.960651988396421,0.0267611620837596,0.1757308936212211,58.64991779567208,4.136382882017642,0.0279485329866056,60.25302547169849,0.0429764803649775,58.651061239092925,1.6031076760264114,0.0011434434208462,0.0171167243648056,0.8062593548092991,1550,1402,148,9.472972972972974,0,241,0
0_300,567.9166771130404,2.057669119974784,558.818830098115,8.877649397472851,0.0321653963676552,0.2532806975068524,558.7857470180606,9.130930094979703,0.0330830800542742,563.0746071421308,0.1688379631610587,558.7870330330903,4.288860124070197,0.0012860150297062,0.0175437317786576,1.3713560118339956,3611,3335,276,12.083333333333334,0,517,0
0_301,567.4611968705431,47.28843307254525,563.2607995797298,4.431782287429087,0.3693151906190905,0.1504693025490269,562.878945280565,4.582251589978114,0.3818542991648428,567.2584298305446,0.1630990310036068,562.8802044768128,4.379484549979679,0.0012591962478377,0.0168972533332028,0.1963297575712204,3490,3478,12,289.8333333333333,0,260,0
0_302,573.4209910605568,1.9504115342195807,566.1018116749802,7.160250099026598,0.0243545921735598,0.1839094209717586,566.0768315405585,7.344159519998357,0.0249801344217631,568.2594410845777,0.3021049660205091,566.0779918858769,2.182609544019215,0.0011603453184578,0.0175562924353032,1.1637208259198817,2175,1881,294,6.3979591836734695,0,422,0
0_303,573.2204479764914,4.585763583811931,567.3872107917917,5.708153065177612,0.0456652245214209,0.1721263548824936,567.3401685564313,5.880279420060106,0.0470422353604808,570.9812208954245,0.1944758926755533,567.3414086968737,3.641052338993177,0.0012401404424363,0.0179138166485354,0.9026563251391052,3061,2936,125,23.488,0,334,0
0_304,577.7178439922864,2.1161825787263235,570.5875142188833,6.919379817554727,0.0253457136174165,0.2371644035447389,570.5612997711869,7.156544221099466,0.026214447696335,573.0631869082572,0.3038511065261173,570.5626263285236,2.501887137070298,0.0013265573367286,0.0170500259488247,0.4206639662152156,2159,1886,273,6.908424908424909,0,412,0
0_305,592.6154206788633,0.5086827645312131,572.2312600403307,19.807902833330445,0.0170024917024295,0.5937699706992134,572.2137478748336,20.40167280402966,0.0175121654970211,572.3767462949036,4.088405330677882,572.2149121492627,0.1629984200699255,0.0011642744290708,0.0173722526900941,0.8354638403980061,1305,140,1165,0.1201716738197424,0,1174,0
0_306,574.1763343227794,16.405038123507985,571.380877876019,2.8002772267209366,0.0800079207634553,0.0773985272971913,571.2986585687613,2.877675754018128,0.0822193072576608,573.5852546617389,0.3090437794513679,571.2998905709666,2.286596092977561,0.001232002205268,0.0168879903154447,1.0614755731076002,1891,1856,35,53.02857142857143,0,168,0
0_307,580.0184814162785,3.6025992634551463,573.337424874639,6.552600511815399,0.0406993820609652,0.170212633209303,573.2956682712538,6.722813145024702,0.0417566033852465,577.2507036703173,0.1734527354778597,573.2968566833329,3.9550353990634894,0.0011884120790455,0.0171911661239826,0.2726080664433539,3489,3328,161,20.67080745341615,0,393,0
0_308,587.4341952165123,1.26602197244938,576.7824425718063,10.398647544439882,0.0224108783285342,0.2761110455030575,576.7594366265694,10.67475858994294,0.0230059452369459,579.1589831865858,0.2980746182123447,576.7606715964922,2.3995465600164607,0.0012349699228082,0.0178345086851863,0.4918621367542073,2407,1943,464,4.1875,0,602,0
0_309,587.2067382733803,1.9771270648935364,578.6732985775044,8.350085592712276,0.0281147663054285,0.2121832913253456,578.6444693893427,8.562268884037621,0.0288291881617428,581.8030744023854,0.2308742358739624,578.6457228040305,3.1586050130426884,0.0012534146877153,0.0181941544477943,0.4973272521747276,2817,2520,297,8.484848484848484,0,479,0
0_31,65.6021783396136,0.5857337351751214,59.83142721447594,5.601421058177948,0.0500126880194459,0.2213188158348202,59.77943846560083,5.822739874012768,0.051988748875114,63.65420450060628,0.0197193942071271,59.78063882682605,3.87476603500545,0.0012003612252185,0.0173926235625653,0.4572708661435172,3340,3228,112,28.821428571428573,0,337,0
0_310,588.3035049830796,8.404335785472567,581.748653523298,6.423383157583885,0.0917626165369126,0.2264661494409665,581.6536556760548,6.649849307024851,0.0949978472432121,587.1099298160989,0.1507342566921948,581.6550565166556,5.456274140044116,0.0014008406007815,0.0170510738140105,0.1322643012972548,3965,3895,70,55.642857142857146,0,368,0
0_311,593.2944450812647,4.008746250549086,586.7966265513945,6.380370693514124,0.0431106127940143,0.16165068349801,586.7524237042526,6.542021377012134,0.0442028471419738,590.8312341882847,0.156843969787174,586.7535064784719,4.078810484032147,0.0010827742192811,0.0166433168444593,0.3407594878226518,3915,3767,148,25.4527027027027,0,399,0
0_312,593.5063632146921,6.313897481007363,589.6508938732144,3.806708526914008,0.0404968992224894,0.09021747414954,589.6094372136286,3.896926001063548,0.0414566595857824,591.9503106606426,0.2836369480884727,589.6105588587876,2.340873447014019,0.0011216451590867,0.0165537505749949,1.2071313805645332,2181,2087,94,22.20212765957447,0,233,0
0_313,596.02983305417,5.274600292514779,590.5762455595938,5.3927851292537525,0.0477237622057854,0.109495110809803,590.5275528141065,5.502280240063556,0.0486927454872881,594.1584936241852,0.1589509078716386,590.5285241733387,3.630940810078755,0.0009713592322308,0.016560525929069,1.4059945235494524,3851,3738,113,33.07964601769911,0,353,0
0_314,600.4604158073198,1.9122943178577063,593.4910085442225,6.82588977611158,0.0217385024716929,0.1657839638646692,593.4687420673436,6.99167373997625,0.0222664768789052,595.2012411872856,0.3852435218040683,593.4698634259972,1.7324991199420765,0.0011213586536841,0.0167489637580706,0.6752107267966494,1859,1545,314,4.920382165605096,0,417,0
0_315,599.8903638405027,8.217676216993187,594.5529714898312,5.288741823635064,0.0724485181319871,0.1227809763513505,594.4788410405163,5.411522799986415,0.0741304493148823,598.6494506634772,0.1607112619230811,594.4799606672607,4.17060962296091,0.001119626744419,0.0169988106441849,0.7058113148668781,3798,3725,73,51.02739726027397,0,322,0
0_316,601.6537482152926,5.841298526362064,598.1985120624496,3.404164291336201,0.0330501387508369,0.084946725750342,598.164637198206,3.489111017086543,0.0338748642435586,599.9579313542927,0.3647160676925791,598.1657273466292,1.7932941560866311,0.0010901484231529,0.0164642413689311,0.4680696232244372,1748,1645,103,15.970873786407768,0,214,0
0_317,603.4232560809469,3.528790971233608,598.5998943003013,4.74444643384777,0.0277453007827355,0.1072880631545558,598.5715215839446,4.851734497002326,0.0283727163567387,600.5976509710308,0.3181131625905883,598.5725947456962,2.0261293870862573,0.0010731617516346,0.0165240064907372,1.3724930692696944,2059,1888,171,11.04093567251462,0,296,0
0_318,608.9222922581248,2.022997648698089,600.1350121090353,8.604753327323124,0.0285872203565552,0.2118177555967122,600.105721175205,8.816571082919836,0.0292909338302984,603.7958557311213,0.1716304308502334,600.1067701048684,3.690134555916302,0.0010489296634213,0.0170313505880516,0.4779324848204851,3819,3518,301,11.687707641196011,0,531,0
0_319,608.5618522496661,3.012682436879535,602.6832854725199,5.77757454791572,0.0286018541976025,0.1302388301119208,602.6540388716385,5.90781337802764,0.0292466008813249,605.082441431703,0.2787113963296651,602.655157435692,2.428402560064569,0.0011185640534613,0.0172248060295201,1.1272568604908884,2373,2171,202,10.747524752475249,0,347,0
0_32,71.68109082023147,0.1958499749186652,62.17624498371835,9.162731410586275,0.0250347852748258,0.3681550994515419,62.15020431019366,9.530886510037815,0.0260406735246934,65.4127844881732,0.0222492464245487,62.15131403134263,3.262580177979544,0.0011097211489726,0.0171265200329461,1.487302185385488,3306,2940,366,8.032786885245901,0,565,0
0_320,609.6051211415324,5.541864737650295,604.3602339912566,5.152016558335163,0.0468365141666832,0.1409888226771727,604.3121157605201,5.293005381012335,0.0481182307364757,607.7914444835624,0.2138604660392548,604.3133400141172,3.479328723042272,0.0012242535971295,0.0164879696179096,0.7530723791569471,2952,2842,110,25.83636363636364,0,310,0
0_321,612.1865460465197,3.643967535991188,607.0990636489864,5.004319157800637,0.0297876140345276,0.1136272061849013,607.0685996825341,5.1179463639855385,0.0304639664522948,609.4110325495712,0.2737695564014246,607.0696519884043,2.3424328670371324,0.0010523058701873,0.0165209136723119,0.7062130059348419,2394,2226,168,13.25,0,314,0
0_322,610.4637472034665,5.984938698073201,606.0602072251997,4.346330892061815,0.0426110871770766,0.1008084919303655,606.0166078194743,4.44713938399218,0.0435994057254135,608.788907689508,0.243710531501004,606.0177176272686,2.7722998700337484,0.0011098077942488,0.0164199952348865,3.380301047116518,2600,2498,102,24.49019607843137,0,268,0
0_323,612.0280996242072,4.671970226138987,606.2930710864047,5.663542401394807,0.0432331481022504,0.1156017405446618,606.2489554822678,5.779144141939469,0.0441156041369425,609.8607663852163,0.1649609863092281,606.2499324395042,3.6118109029484913,0.0009769572363939,0.0165445285419158,2.5233572982251644,3828,3697,131,28.221374045801525,0,369,0
0_324,614.2423649940174,3.2159286125341224,608.7527202828617,5.381400216720067,0.0281748702446076,0.1371373613364994,608.7238274159608,5.518537578056566,0.0288928669008197,611.0316600300139,0.2919405924653673,608.7249300593503,2.3078326140530407,0.0011026433894185,0.0168099736335263,1.122291825246066,2284,2093,191,10.958115183246074,0,330,0
0_325,612.7354645318119,7.472383713802584,609.652251111954,3.052208301378414,0.0372220524558343,0.0690694816876202,609.6141867487459,3.1212777830660343,0.0380643632081223,611.3355191317387,0.3939017520178728,609.6152958546627,1.7213323829928413,0.0011091059168768,0.0170725048789413,1.403417915222235,1634,1552,82,18.92682926829268,0,185,0
0_326,614.0461587976897,5.386369814014822,611.1702776958282,2.8293789718300104,0.0248191137879825,0.0719524052692577,611.1448274205904,2.901331377099268,0.0254502752377128,612.1377293466358,0.7632640016790969,611.1460654529172,0.992901926045306,0.0012380323267397,0.0167406092197715,0.1740824921289459,916,802,114,7.035087719298246,0,171,0
0_327,615.7861334659392,8.435426485834784,611.6331929838849,4.117332145455293,0.0564018102117163,0.0932880655163899,611.5755132549675,4.210620210971683,0.0576797289174203,614.5852924810024,0.2125122034858237,611.576553980841,3.00977922603488,0.001040725873456,0.0164498765059836,0.545298382639885,2965,2892,73,39.61643835616438,0,264,0
0_328,621.9062555455603,1.4462936175478145,613.0737623738125,8.584996175952256,0.0199651073859354,0.2680855579674244,613.0531738116406,8.85308173391968,0.0205885621719062,614.4733542905888,0.4616629258381583,613.0542408142544,1.4201804789481685,0.0010670026137852,0.0172858168720267,1.5325818033888936,1761,1331,430,3.0953488372093023,0,517,0
0_329,661.8585516220191,0.2338722797250951,613.2727230849548,47.15960860089399,0.0166641726504925,1.4433941420866176,613.2555488790385,48.60300274298061,0.0171742059162475,613.2699803070864,613.2699803070864,613.2699803070864,0.0144314280478283,0.0144314280478283,0.0171691064717076,1.2035425945650786,2831,1,2830,0.0003533568904593,0,2830,0
0_33,69.88441293605138,0.4991743781146527,64.60295430523277,5.134485140093602,0.0366748938578114,0.1849695959826931,64.56495819997508,5.319454736076295,0.0379961052576878,67.44682194699999,0.0264497340968627,64.56608834262097,2.8818637470249087,0.0011301426458921,0.0174113642075099,0.8335183851886541,2690,2550,140,18.214285714285715,0,310,0
0_330,615.8930666701635,12.569246258574768,613.0365779283433,2.839280076092109,0.0579444913488185,0.0767188478494063,612.977067746222,2.9159989239415154,0.0595101821212554,615.0450473792152,0.367191073062218,612.9783023609283,2.0679796329932287,0.0012346147062646,0.0173065161418017,0.2784885618602857,1724,1675,49,34.18367346938776,0,169,0
0_331,615.5470029680291,7.075252907678496,611.4219232177396,4.055341289495118,0.0466131182700588,0.1177045044023543,611.3739571741316,4.173045793897472,0.0479660436080169,614.0272546621272,0.2942152633742823,611.3752285193583,2.6532974879955877,0.0012713452266389,0.0174683713322055,3.653933513094671,2174,2087,87,23.988505747126435,0,239,0
0_332,620.6932293560822,4.030475515299234,614.0072245329063,6.545879623736255,0.0425057118424432,0.1838245773687958,613.9635251549771,6.729704201105051,0.0436993779292535,618.0617784510832,0.1868950040674578,613.9647644211689,4.098253296106122,0.0012392661917466,0.017087343538954,0.0451524320524185,3461,3307,154,21.47402597402597,0,391,0
0_333,624.0455384856323,2.929791260495926,616.7696230126608,7.125671842135489,0.0334538584137816,0.1845639868406579,616.7353026566561,7.310235828976147,0.0343203560045828,620.3698319576215,0.2052166165920018,616.7365049488496,3.6345293009653687,0.0012022921935049,0.017256838159675,1.3098397454014048,3236,3023,213,14.192488262910798,0,425,0
0_334,627.5066813757876,3.4289982588840853,620.278786443144,7.071000535157509,0.038639347186653,0.1966081059072166,620.2390727347229,7.267608641064726,0.0397137084211187,624.3501724557718,0.1863175686230294,620.2402995624523,4.111099721048959,0.0012268277293491,0.0172486826230369,0.1134442628826946,3534,3351,183,18.311475409836067,0,420,0
0_335,628.3169554566266,3.529870536273183,621.4811135075988,6.690430907183327,0.0375866904897939,0.1840316178277135,621.4424929316156,6.87446252501104,0.038620575983208,625.25091920665,0.200722606486886,621.4437155403716,3.808426275034435,0.0012226087560303,0.0172249227526775,2.8909398100804538,3293,3115,178,17.5,0,398,0
0_336,630.1421890547499,8.51543498722635,625.2001693163152,4.864716792828403,0.0657394161193027,0.1450018461327999,625.1324704157887,5.009718638961203,0.0676989005265027,628.8850577737903,0.2043825342131265,625.133689976191,3.75258735800162,0.0012195604023404,0.0169882605535078,0.1018578548682853,3151,3077,74,41.58108108108108,0,291,0
0_337,633.5764068044955,5.324171485752063,627.0978208900373,6.363064287230372,0.0534711284641207,0.1704248976893723,627.0429176195757,6.533489184919745,0.0549032704615104,631.51569859148,0.1623016444593883,627.0440671392292,4.472780971904285,0.0011495196535348,0.0173168757396257,1.825482193264179,4010,3891,119,32.69747899159664,0,383,0
0_338,637.9004178898176,4.869468838853569,631.336483733006,6.435215383186005,0.0491237815510382,0.1792105748318135,631.2859919317998,6.614425958017819,0.0504918012062428,635.6266034058062,0.1730537989125527,631.287173693704,4.340611474006437,0.0011817619041672,0.0173573624733693,0.2130297176772728,3804,3673,131,28.0381679389313,0,384,0
0_339,637.2240899316967,4.9397216273774935,630.3220271651539,6.7626454152632505,0.0524236078702577,0.193339716643095,630.2681047997903,6.9559851319063455,0.053922365363615,634.9633764097234,0.1600613502419267,630.2692883822481,4.695271609933116,0.0011835824577597,0.0175249110230482,5.341801140108146,4096,3967,129,30.751937984496124,0,402,0
0_34,73.04060105874669,0.4296505944632158,67.18346184825333,5.682110914960504,0.0334241818527088,0.2096859239973127,67.14880421978887,5.891796838957816,0.0346576284644577,70.20361942471936,0.0284110155502708,67.15004048656546,3.054815204930492,0.0012362667765805,0.0166881272589842,0.2799175932304933,2641,2471,170,14.53529411764706,0,344,0
0_340,637.7454442235176,12.264335465836876,634.3333692434378,3.3720249329926446,0.0648466333267816,0.1069534780690446,634.2664658124559,3.4789784110616893,0.0669034309819555,636.8633532854728,0.3069220979689026,634.2677173244911,2.5968874730169773,0.0012515120351889,0.0169632872700906,0.680101505247876,2127,2075,52,39.90384615384615,0,199,0
0_341,640.2457104296191,5.472185559227514,635.5059688558043,4.652341955341399,0.0397636064559093,0.1282594596268609,635.4651090146508,4.78060141496826,0.0408598411535748,638.2271384405904,0.2678250685860639,635.4662680702219,2.762029425939545,0.0011590555711034,0.0172527520429804,1.3815138798672706,2500,2383,117,20.36752136752137,0,279,0
0_342,646.6247368900804,1.97141688076244,637.0874244631957,9.28020692744758,0.0282933138031938,0.2862715924857184,637.0582583701471,9.566478519933298,0.0291660930485771,640.8929178920807,0.198726486168087,637.0594474118593,3.834659521933645,0.0011890417122274,0.0174750579207306,1.1522225885419175,3553,3225,328,9.832317073170731,0,551,0
0_343,647.3322106468258,2.2793387698831897,640.113594186525,7.044695099117234,0.0248052644335113,0.1994288398418575,640.0880867078668,7.244123938959092,0.0255074786583066,642.4263200538699,0.3433598717551415,640.0893364317288,2.338233346003108,0.0012497238621074,0.0172742626512534,0.7881088032154366,2155,1871,284,6.588028169014085,0,416,0
0_344,647.5387613711646,4.047117258569779,640.7559289596109,6.643336433684453,0.0415208527105278,0.1821553012123331,640.7132696362678,6.8254917348967865,0.0426593233431049,644.8584027881734,0.1910125600675869,640.7144974600687,4.145133151905611,0.0012278238009199,0.0167522411436948,1.696505777654238,3536,3376,160,21.1,0,398,0
0_345,655.8758898852393,1.230536378771556,643.9934999107621,11.589756817789748,0.0217443842735267,0.3149684761883691,643.9711645912612,11.904725293978116,0.022335319500897,646.7678445982747,0.2646349609649241,643.972308895683,2.7966800070134923,0.0011443044218549,0.0170882650787328,0.870603229966946,2977,2444,533,4.585365853658536,0,699,0
0_346,648.0358785885619,4.730188894807021,643.5623306642383,4.409213306964375,0.0321840387369662,0.097228352096863,643.5294369295007,4.506441659061238,0.0328937347376732,645.6912192094605,0.3336905525630287,643.5305541296453,2.16178227995988,0.0011172001446821,0.0171143020372361,3.2242384797427803,2072,1935,137,14.124087591240876,0,266,0
0_347,653.919998078607,2.8934513189318896,645.6395122966403,8.114116656826809,0.0359031710479062,0.2031712841708213,645.6027101376094,8.31728794099763,0.0368021590309629,649.9898882225389,0.1743535107893076,645.6038869557652,4.387178084929474,0.0011768181558287,0.0173898666197706,0.0718187219463288,3954,3728,226,16.495575221238937,0,483,0
0_348,651.1953327037627,3.482327982373062,643.7086832572396,7.333862374536693,0.0392185153718539,0.1930378754623234,643.6684324537637,7.526900249999016,0.0402508034759305,648.0774005737621,0.1731438419913871,643.6696103773864,4.408968119998463,0.001177923622762,0.0166734338502703,6.304547616746277,3930,3743,187,20.016042780748663,0,444,0
0_349,651.8438762699952,9.8764223677272,647.1757861283859,4.632779466803186,0.0701936282848967,0.1071274462155997,647.1039693569764,4.739906913018785,0.0718167714093755,650.7612302550115,0.191795234381082,647.1050472411197,3.65726089803502,0.0010778841432463,0.016403727499754,0.973930059815757,3459,3393,66,51.40909090909091,0,289,0
0_35,74.982533752569,0.5066387415714122,69.68059320925464,5.154340019449592,0.0348266217530377,0.1836681466083973,69.64452558651101,5.338008166057989,0.036067622743635,72.52788050856907,0.0285318176666282,69.64565987247562,2.8833549220580608,0.0011342859646176,0.0165854948918914,0.5424568662419915,2690,2542,148,17.175675675675677,0,319,0
0_350,656.5954242610605,3.141604900770625,650.4294506141467,6.0617653641384095,0.0290036620293703,0.1338523868471384,650.399806510075,6.195617750985548,0.0296441040717011,653.1058352540713,0.23102434922323,650.4007637186862,2.706028743996285,0.0009572086112473,0.0166965981195658,0.3468697399366647,3036,2827,209,13.526315789473683,0,390,0
0_351,657.0684601770481,4.831385736595942,652.4357754382731,4.562892953050323,0.0335506834783111,0.1041079689748585,652.4014592550229,4.667000922025181,0.0343161832501851,654.7911718430696,0.3041296664389548,652.4025692004888,2.3897125880466774,0.0011099454658832,0.0167447671616066,0.6900736540555954,2289,2153,136,15.830882352941176,0,279,0
0_352,657.2460661289515,7.918627302758452,653.3577972036289,3.839186543598771,0.0462552595614309,0.0965002954471856,653.3103792899055,3.9356868390459567,0.0474179137234452,655.8840057199122,0.2879209858296366,653.3115090644578,2.5736264300066978,0.0011297745522417,0.0164103663739669,1.4624116111081094,2361,2278,83,27.44578313253012,0,238,0
0_353,659.9744861158542,4.099220410657479,654.7299468631578,5.167867552372627,0.0320985562259169,0.1094500706531107,654.6971684928285,5.277317623025738,0.0327783703293524,657.3193588359281,0.2472984796222453,654.6981550204218,2.6221903430996463,0.0009865275933407,0.0164914737883608,1.1727257430320606,2819,2658,161,16.509316770186334,0,333,0
0_354,661.663841536385,2.99395403410129,654.8799619486296,6.662282790639438,0.030146075975744,0.1524326134240254,654.8491261323215,6.814715404063463,0.0308358163079794,657.9980248634238,0.2227481465346729,654.8501921102264,3.148898731102236,0.0010659779049093,0.0165874057600055,2.4558902455028147,3175,2954,221,13.366515837104073,0,415,0
0_355,666.5343366884626,1.5429035571492191,655.332378480757,10.946141457534395,0.0253382904109592,0.2818073724629357,655.3063878584653,11.227948829997333,0.0259906222916604,659.1310247255024,0.1905553699697896,655.3074935644113,3.824636867037043,0.0011057059459488,0.0171372962105562,2.6773390679154545,3891,3459,432,8.006944444444445,0,662,0
0_356,664.8701874517137,4.682184418674041,658.0524493343227,6.712226382922381,0.047269199879735,0.1538644870743155,658.004096581717,6.866090869996697,0.0483527526056105,662.3344666777411,0.1713229349916557,658.0052166981412,4.330370096024126,0.0011201164242173,0.0178571885491026,1.1124079497531056,4008,3866,142,27.225352112676056,0,400,0
0_357,665.8885274432832,3.5993974456393687,660.4944054864378,5.272503018146381,0.0285000163143047,0.1509348188992589,660.4650896062376,5.42343783704564,0.0293158802002467,662.7391236573458,0.3752769669633894,660.4663772812382,2.274034051108174,0.0012876750006275,0.0170238042483106,1.8521364004118368,1951,1766,185,9.545945945945943,0,311,0
0_358,711.4401008817367,0.2658595294774801,661.9488598762584,47.78014344756957,0.0178550610790618,1.7295989564154295,661.9303584777517,49.509742403985,0.0185013985067208,663.441535575781,0.5303289652883941,661.9315664530499,1.5111770980292931,0.0012079752981848,0.0179366835971433,0.7907949545187876,3927,1251,2676,0.4674887892376682,0,2763,0
0_359,669.437575183576,6.499393933821126,663.3663217847131,5.981451860163361,0.0580723481569258,0.1493236308451742,663.3067996925674,6.130775491008535,0.0595220921457139,667.6768965515075,0.1754735601975052,663.3079482068537,4.370096858940087,0.0011485142861866,0.0170939673016354,0.135313423234038,3908,3805,103,36.94174757281554,0,363,0
0_36,78.96537993766833,0.3403680169727083,71.78997369331724,6.960076380637474,0.0300003292268856,0.2463922284077853,71.75891132862307,7.20646860904526,0.0310623646941606,75.02124845760409,0.0241458797739311,71.75996132448049,3.262337128981017,0.0010499958574126,0.0170005667244148,0.7547726319171488,3339,3107,232,13.392241379310343,0,435,0
0_360,698.7060452874284,0.4484634437018154,667.0408873298073,30.86172567459289,0.0198085530645653,0.8237695713760331,667.0205500414595,31.685495245968923,0.0203372883478619,670.0106938714162,0.2655611152879176,667.0217351955737,2.9901438299566507,0.0011851541141326,0.0184180689448089,0.639866543118842,4081,2523,1558,1.6193838254172015,0,1733,0
0_361,673.9077555282274,4.084289427443802,669.6740946337052,4.157352618640289,0.0251960764766078,0.1021232813363894,669.6482796282507,4.259475899976678,0.0258150054544041,670.9655653792433,0.6276572173800219,669.6495118880739,1.317285750992596,0.0012322598231923,0.0178314554483883,0.3458984461612999,1234,1069,165,6.478787878787879,0,241,0
0_362,676.7900857644854,3.021384311448596,668.6653148995252,7.932457671500742,0.0354127574620568,0.2287471435265615,668.6288809494581,8.161204815027304,0.0364339500670861,672.5964692034759,0.2298689231727532,668.630236926305,3.9675882540177554,0.001355976846896,0.0187215025045069,2.319844933808781,3150,2926,224,13.0625,0,445,0
0_363,678.7969578227494,15.08437684050554,672.4537863302406,6.263904016464949,0.1391978670325544,0.2234304645098745,672.3096233417746,6.487334480974823,0.1441629884661071,677.9667626887094,0.1691111904935668,672.3110344516142,5.657139346934855,0.0014111098395946,0.0184487807564437,0.2692981687141582,4054,4009,45,89.08888888888889,0,347,0
0_364,682.3560083983466,14.518212944645672,676.5750396294678,5.712821934022941,0.1215494028515519,0.1938200689619407,676.4493663953617,5.906642002984881,0.1256732341060613,681.4815982363652,0.1778860867231441,676.4506799510498,5.032231841003522,0.0013135556880719,0.0186044715315182,1.4989381743362171,3878,3831,47,81.51063829787235,0,324,0
0_365,681.6616524200654,7.835191407127188,678.822277921545,2.7898077227873728,0.0320667554343376,0.0825827582739293,678.7892619390041,2.872390481061302,0.0330159825409345,680.0880258131074,0.7384234807959906,678.790672106077,1.2987638741033152,0.0014101670728591,0.0180876621489423,2.673898065346293,1008,921,87,10.586206896551724,0,156,0
0_366,685.8161359383957,4.368255642919718,679.9508410803298,5.729318339377642,0.0364924734992206,0.1735745626501739,679.9132430363679,5.902892902027816,0.0375980439619606,682.8513384794351,0.3152591590394437,679.9145994977913,2.938095443067141,0.001356461423392,0.0188840602481571,0.1574827836593613,2323,2166,157,13.796178343949045,0,318,0
0_367,689.2810925989179,4.078586346739159,681.761431849335,7.326429775799625,0.0433516554781042,0.2379908591974526,681.7166719639208,7.564420634997077,0.0447598854141838,686.0116354698548,0.2261079879597412,681.7180875748325,4.294963505933993,0.001415610911646,0.0193459001719709,1.1168905125232411,3203,3034,169,17.952662721893493,0,396,0
0_368,689.6303207799792,5.652707547376879,682.9985889887455,6.452974724816158,0.0528932354493127,0.2335647671716287,682.9437812879914,6.686539491987787,0.0548077007539982,687.4837606679648,0.2176270214206916,682.9452184451235,4.539979379973374,0.0014371571319953,0.0175947550165115,3.0687418698798865,3281,3159,122,25.89344262295082,0,358,0
0_369,690.0996065678773,9.719712768561651,686.9054553673396,3.1417449546279386,0.0442499289384216,0.0980369773460552,686.8598246359034,3.239781931973994,0.0456307314362534,688.8776572447969,0.4354473181066984,686.8611001305992,2.0178326088935137,0.0012754946958871,0.0172105538462039,0.6070493691368029,1653,1582,71,22.281690140845072,0,184,0
0_37,113.46009604458231,0.0532426541739006,74.62050661357011,37.11972557846457,0.017418923312278,1.7380984015762806,74.60227206454147,38.85782398004085,0.0182345490286442,75.97123157256283,0.0622205008784298,74.60339324349971,1.368959508021362,0.0011211789582484,0.0175921466316374,0.4045098370406776,3352,1221,2131,0.5729704364148287,0,2212,0
0_370,692.5619435259141,5.3273995655839546,688.3139593110724,4.16275443485938,0.0320211879604567,0.1181598901748657,688.2810292008799,4.280914325034246,0.0329301101925711,690.3104303359287,0.410899065676148,688.282237177746,2.029401135048829,0.0012079768661004,0.017319332230657,0.5790125789353624,1810,1680,130,12.923076923076923,0,247,0
0_371,695.6176879191771,3.549069836322332,689.543688109195,5.93455287697725,0.0302783310049859,0.1705956499790772,689.5125393922208,6.105148526956327,0.0311487169742669,692.1501570701366,0.3244960886404766,689.5137759687224,2.6376176779158413,0.0012365765016014,0.0176914839236759,0.7812267027329654,2329,2133,196,10.88265306122449,0,347,0
0_372,696.6669782988029,8.10077881742794,691.9466556019737,4.62131439591758,0.0537362139060183,0.1545415091095492,691.8911223937757,4.775855905027129,0.0555332081979898,695.1523345927708,0.2719688320003016,691.892398298392,3.2612121989950538,0.0012759046161952,0.017612136116652,0.2422881564125418,2642,2556,86,29.72093023255814,0,269,0
0_373,705.1559703123057,1.8268289386329164,694.9490051621069,9.954528125934305,0.0257889329687417,0.2789486220572144,694.9224935643142,10.233476747991515,0.0265115977927241,698.5465021393029,0.2002713595582863,694.9235325575984,3.624008574988693,0.0010389932841137,0.017122974541458,0.2118645365117117,3874,3488,386,9.036269430051814,0,616,0
0_374,702.1723410482518,3.3278310002286817,694.9262091632187,7.115859379409812,0.0337244520351175,0.1647778955521062,694.8917037732899,7.280637274961919,0.0345053899287294,698.4695178482216,0.2171857953508151,694.8928162776665,3.5778140749316663,0.0011125043765334,0.0175489251186267,3.6553546939976513,3427,3216,211,15.24170616113744,0,425,0
0_375,701.6597675634548,7.883817613072526,695.6955732547709,5.876904322532937,0.0660326328374487,0.1550649214768782,695.627798319445,6.031969244009815,0.0677749353259529,700.2044267004821,0.1778522800864826,695.6289607853787,4.576628381037153,0.0011624659337153,0.0163521445277827,2.8246822837973014,4026,3937,89,44.235955056179776,0,359,0
0_376,703.9548312025145,9.386064416033529,699.5564773921637,4.371295536635444,0.0582839404884725,0.0864954873686656,699.4970401785104,4.457791024004109,0.0594372136533881,702.7345971905161,0.2097715215494077,699.4980066134393,3.237557012005709,0.0009664349289569,0.0162697868266453,0.6927614939631894,3425,3350,75,44.66666666666666,0,290,0
0_377,711.3228293872671,2.020803492577464,702.3651019602661,8.773183725657873,0.0249238174024371,0.2100642923032865,702.339581369306,8.98324801796116,0.0255205909601169,705.417091438314,0.2173858525233633,702.3405297545353,3.0775100690079853,0.0009483852292782,0.0167776646277078,0.3805764801800251,3597,3245,352,9.21875,0,559,0
0_378,707.7318666292122,11.60216174801987,703.8854189063251,3.822157386690378,0.0626583178145963,0.0883977982448414,703.821311444277,3.91055518493522,0.0641074620481183,706.697705133236,0.2720160527841555,703.8224186012011,2.8763936889590696,0.0011071569241566,0.01695346714715,1.5813639120897278,2659,2598,61,42.59016393442623,0,234,0
0_379,738.4504899209132,0.3657506141262572,701.5823791495974,35.6460327161476,0.0176552910926932,1.2403476838953793,701.5641095208703,36.88638040004298,0.0182696287271139,702.8977206428535,0.6407454153535583,701.5653252101337,1.3336111219832674,0.0012156892634305,0.0176090982060721,5.115170085337013,3116,1097,2019,0.5433382862803368,0,2096,0
0_38,81.06659156817477,0.6333327466263654,75.61902403574004,5.281874685315415,0.0412646459790266,0.208587079658173,75.57612980320118,5.490461764973588,0.0428942325388561,78.85444025916513,0.0293030249941156,75.57734805309191,3.278310455963947,0.0012182498907335,0.0172824321016378,0.378719083382748,2819,2691,128,21.0234375,0,318,0
0_380,704.5084779218305,8.91782883445355,700.3842902182383,4.070527862408198,0.0515256691444075,0.1065340425120666,700.3314160169102,4.177061904920265,0.0528742013281046,703.1832805108279,0.2910526823306407,700.3325964243994,2.851864493917674,0.0011804074892043,0.0167746507721847,2.549755524029024,2495,2416,79,30.582278481012654,0,247,0
0_381,704.9595721754013,11.749326202923356,702.6343836061385,2.303562631364912,0.0383927105227485,0.0610359136480838,702.5949736303883,2.364598545012996,0.0394099757502165,703.9538788333302,0.6370623337858192,702.5962034088525,1.358905202941969,0.0012297784642008,0.0167615557011837,0.571862863493152,1165,1105,60,18.416666666666668,0,139,0
0_382,707.3055280535482,5.6584442244283855,703.1915559458994,4.047588728950359,0.0323807098316028,0.0995605731150135,703.1583787514828,4.1471493020653725,0.0331771944165229,705.1877443435369,0.4057466883449579,703.159546395667,2.0293655920540914,0.0011676441841508,0.0169422696800902,0.7791087998775765,1863,1738,125,13.904,0,245,0
0_383,710.7157931149704,3.0502823738839933,703.911754063466,6.6629701716592535,0.0285964385049753,0.1703966343775391,703.8824263089336,6.833366806036793,0.0293277545323467,706.6949493099237,0.3000827810233221,703.8836205862165,2.8125230009900406,0.0011942772827983,0.0172568403650075,1.2888403955148533,2588,2355,233,10.107296137339056,0,398,0
0_384,712.5044538308866,4.071454021890781,705.833516720886,6.516612899722531,0.0372377879984144,0.1926629293011501,705.795178001863,6.709275829023682,0.0383387190229924,709.3927173749544,0.2435265078527135,705.7964129964984,3.597539373091422,0.0012349946354587,0.0177813511767557,0.8833208690630272,3088,2913,175,16.645714285714284,0,383,0
0_385,770.2509364839643,0.2280873368326811,709.0121860123194,59.13164427608717,0.0175101108309408,2.125245635863393,708.9940465720138,61.256889911950566,0.018139440305582,709.1369446190074,8.150999363436867,708.9956890783011,0.1428980469936505,0.0016425062872833,0.0180971252191166,0.3812572628958151,3464,87,3377,0.0257625111045306,0,3384,0
0_386,714.5204475153005,6.213221282741744,708.7918389764017,5.597533889696933,0.048674207736495,0.1813256012974307,708.7415880243061,5.778859490994364,0.0502509520956031,712.4971228953218,0.2574980567023208,708.7429452830235,3.7555348710156977,0.0013572587173891,0.0175941271302492,0.3778262446867302,2882,2767,115,24.06086956521739,0,326,0
0_387,715.8904752352973,18.839223032507824,711.3291794185858,4.529742242884822,0.1192037432338111,0.1548318391432985,711.2059011532692,4.684574082028121,0.1232782653165295,715.2344955572626,0.2302009963171105,711.2071977720024,4.028594403993338,0.0012966187331809,0.0172626231061784,1.2742337740492076,3145,3107,38,81.76315789473684,0,268,0
0_388,721.4859341807896,1.976673792276136,711.1364128895387,10.102829022565857,0.0276789836234681,0.2751250194851309,711.1079801387386,10.377954042050987,0.0284327508001396,714.6396199527662,0.2541392674085228,711.1092360561689,3.531639814027585,0.0012559174303085,0.0187570252822558,4.1094193265307695,3177,2812,365,7.704109589041096,0,568,0
0_389,722.0470570845064,5.157478979175045,714.4524334227949,7.400328111834824,0.0528594865131058,0.2489331301767379,714.3977958424948,7.649261242011562,0.0546375803000825,719.3380347805796,0.2075412679690074,714.3992211855237,4.940238938084804,0.0014253430288761,0.0193501593137625,0.2254990552319213,3606,3466,140,24.757142857142856,0,407,0
0_39,85.73439195996616,0.4442196474609645,77.84499992543428,7.611431799130514,0.0394374704618161,0.3190508189145475,77.8039093419211,7.930482618045062,0.0410905835131868,82.30490849399939,0.0215007597946706,77.80508515152195,4.500999152078293,0.0011758096008563,0.0177693443832475,1.0340172732248902,4021,3828,193,19.83419689119171,0,456,0
0_390,726.856575272046,3.727469616779723,717.966192430727,8.640945577993989,0.0443125414256102,0.295263979001902,717.9203657150501,8.936209556995891,0.045826715676902,723.3671232609777,0.1867235733766075,717.9217716927336,5.44675754592754,0.0014059776835125,0.0178946256977864,1.3990749975200742,4069,3874,195,19.866666666666667,0,488,0
0_391,726.5409145570593,4.199658465647742,720.2977387120205,6.093291778233834,0.035221339758577,0.1861816007876768,720.2614411780378,6.279473379021511,0.0362975339827833,723.568889670074,0.2907066651948871,720.26277000427,3.307448492036201,0.0013288262322363,0.0171793346068515,3.0878609749488533,2662,2489,173,14.38728323699422,0,356,0
0_392,730.0891505697509,4.345768753391375,723.5751720134666,6.365943753742613,0.037892522343706,0.1870406621601432,723.5361661538482,6.552984415902756,0.0390058596184687,727.1567966948496,0.2452468117014669,723.5373872771335,3.620630541001447,0.0012211232853293,0.017454487350603,0.0149857342476025,3133,2965,168,17.648809523809526,0,378,0
0_393,747.127298068488,0.7055026421798753,726.5141841029142,20.03682643675711,0.0189205159931606,0.5957706233020872,726.4947010084288,20.6325970600592,0.0194830944854194,727.6775540855015,0.7651709296377512,726.4959448076686,1.1828530770726502,0.001243799239824,0.0183661416269939,0.6454895583447069,2010,951,1059,0.8980169971671388,0,1127,0
0_394,732.8942852150649,5.863154281720519,726.1293519515134,6.612461747485213,0.0528996939798817,0.2070274294819682,726.0747960380977,6.819489176967181,0.0545559134157374,730.63596418011,0.2060451111619035,726.0760823235297,4.5611681420123205,0.0012862854320395,0.0180665682796388,1.5858084403444082,3671,3546,125,28.368,0,385,0
0_395,734.9248588886112,4.248120571610469,727.9842397922279,6.755592508940026,0.0390496676817342,0.2253790240501985,727.943887355621,6.980971532990225,0.0403524366068799,731.6915896446444,0.2615052143118815,727.9452267774541,3.7477022890234366,0.0013394218331034,0.0186894175951837,2.6746036635013297,2971,2798,173,16.173410404624278,0,382,0
0_396,796.0091807696735,0.2142112973007733,728.3776930722389,65.33597283239942,0.0175823392982775,2.313719841535203,728.3594880957389,67.64969267393462,0.0182049764999824,728.3771685326938,728.3771685326938,728.3771685326938,0.0176804369548335,0.0176804369548335,0.0182002185783045,3.314582260907628,3717,1,3716,0.0002691065662002,0,3716,0
0_397,737.6602351554902,3.2931260498012955,728.0098197280573,9.362213513930328,0.0417955960443318,0.3314773190068081,727.9665443225531,9.693690832937136,0.0432754055041836,733.313922597561,0.2061028450246096,727.9680472394376,5.347378275007941,0.0015029168844878,0.0194031810621839,0.3929518621880561,3782,3558,224,15.883928571428571,0,511,0
0_398,744.0548696540063,2.3107294088633736,733.2466491389187,10.477162071852945,0.0325377704094811,0.3647289121290669,733.2129786700243,10.841890983982012,0.033670468894354,738.0035888589919,0.2481518456149939,733.2145895006191,4.790610188967548,0.0016108305948108,0.0187927975000449,0.0830444125458598,3296,2974,322,9.236024844720497,0,568,0
0_399,742.7486801857594,18.115821467945352,737.7094034052443,4.95283602247946,0.1208008785970599,0.2124226775486022,737.5834214857314,5.165258700028062,0.1259819195128795,741.9660126616945,0.2500728050764053,737.5848985976883,4.382591175963171,0.0014771119568463,0.0190894518064607,0.4016207512468099,3008,2967,41,72.36585365853658,0,273,0
0_4,9.610668861772863,0.05085009979774,3.437217112061464,5.993429041001946,0.031711264767206,0.2128602180164307,3.4043796027544886,6.2062892590183765,0.0328375093069755,6.45117705676239,0.0020357138077508,3.405341040890812,3.0467974540079013,0.000961438136323,0.0167168878571982,0.3291697527747601,3358,3169,189,16.767195767195766,0,392,0
0_40,91.13474130944816,0.3197710221384145,81.98849894513515,8.79654282971751,0.0308650625604123,0.3819046133430674,81.95629386638757,9.178447443060575,0.0322050787475809,85.97051545639988,0.0267737513099968,81.95754401325459,4.014221590012312,0.0012501468670234,0.01812009071245,0.3493496575392782,3496,3211,285,11.266666666666667,0,511,0
0_400,745.6535452153767,5.780260040429276,741.0318090025048,4.504839465836994,0.034921236169279,0.153004061197862,740.9957016883418,4.657843527034856,0.0361073141630609,743.3433331972919,0.4540887802060427,740.9971357943339,2.347631508950144,0.0014341059920281,0.0179086202952303,0.9516836313996464,1766,1637,129,12.689922480620154,0,255,0
0_401,749.8500905672554,4.999000603781703,743.0604506246032,6.592525320593268,0.0439501688039551,0.2426826753653586,743.0148825712968,6.835207995958626,0.0455680533063908,747.0926591942552,0.2451091401555955,743.0162204245195,4.077776622958481,0.0013378532227554,0.0183828758200009,0.3115066200261935,3198,3048,150,20.32,0,377,0
0_402,752.6048957965104,3.801034827255103,746.6003061938276,5.830717475502752,0.0294480680580947,0.2043522774474695,746.5698260435602,6.035069752950221,0.0304801502674253,749.1865939145209,0.4073880336674937,746.5712489733431,2.616767870960757,0.0014229297830129,0.0172641509191387,0.5051809457363561,2037,1839,198,9.287878787878787,0,338,0
0_403,752.5364377739606,4.762888846670637,747.5496830141218,4.881865356583148,0.0308978820036908,0.1366521724266931,747.5179202449508,5.018517529009841,0.0317627691709483,749.8014771339949,0.4075008027902146,747.5191613084775,2.283556889044121,0.0012410635266544,0.0173098774681374,1.6693768305703998,1998,1840,158,11.645569620253164,0,290,0
0_404,756.0541060236283,4.695988236171604,749.8028701161127,6.109874923713505,0.0379495336876615,0.1804312082240358,749.7637998916907,6.290306131937541,0.0390702244219723,753.2596553056501,0.2696955443271214,749.7650515406037,3.4958554139593616,0.0012516489129822,0.0173568367576284,0.0206738873384892,2954,2793,161,17.347826086956523,0,362,0
0_405,758.5626575218048,3.682342997678664,751.1886594222115,7.207415952929296,0.034987456082181,0.2025528691010549,751.1526886997744,7.409968822030351,0.0359707224370405,754.9454986107303,0.2425917411988208,751.1539074690261,3.792809910955839,0.0012187692515924,0.0175590238401675,2.0900468619074672,3318,3112,206,15.106796116504857,0,424,0
0_406,765.645627660444,2.0693125071903893,754.9327544092729,10.443842649110591,0.0282266017543529,0.2980627788929268,754.9037222324405,10.74190542800352,0.0290321768324419,758.9120552464155,0.2367161744374346,754.9049724922702,4.0083330139750615,0.0012502598296865,0.018198844362239,0.0248755073407664,3576,3206,370,8.664864864864866,0,597,0
0_407,767.0456986497156,2.7394489237489843,757.8018935924089,9.018477804260328,0.0322088493009297,0.2584591708146035,757.7687616746407,9.276936975074932,0.0331319177681247,761.8354996996932,0.2386702693294778,757.7700357153753,4.066738025052473,0.0012740407346655,0.0186078533929373,1.1265274967299774,3472,3192,280,11.4,0,508,0
0_408,777.2485237600049,1.373230607349832,761.775391455845,15.030546271940691,0.0265557354627927,0.4699721070937812,761.7480053809704,15.500518379034474,0.0273860748746192,766.580706944922,0.2211077897158702,761.7493992954683,4.832701563951559,0.0013939144978227,0.018847732888839,0.0694738737074658,4033,3467,566,6.125441696113074,0,824,0
0_409,774.1372795054922,2.389312591066334,766.2105115187965,7.748515148414299,0.0239151702111552,0.2027939156396314,766.1859704414383,7.95130906405393,0.0245410773581911,768.0024957425194,0.5565235476395068,766.1872867641202,1.8165253010811284,0.0013163226819428,0.018934517786953,0.3765293934848159,1704,1380,324,4.25925925925926,0,424,0
0_41,91.35885598894674,0.2947059870611185,84.4074753294252,6.703046543407254,0.0216227307851846,0.2708304936531931,84.3849789518863,6.973877037060447,0.0224963775389046,85.63940118195023,0.0857251263082584,84.38623462979427,1.2544222300639376,0.0012556779079719,0.0184498542161177,1.569061676505953,1309,999,310,3.2225806451612904,0,382,0
0_410,770.7358997089323,11.503520891178091,767.3489669962689,3.320587285212241,0.0495610042568991,0.1176625897642225,767.2976498339558,3.438249874976464,0.0513171623130815,769.4537829270121,0.513997182983976,767.2990901366231,2.156133093056269,0.0014403026673722,0.0191360713719432,0.6871866785222664,1564,1497,67,22.34328358208955,0,182,0
0_411,774.9778974154033,3.7258552760355927,766.9151699536955,7.834975632606074,0.0376681520798369,0.2667022033128887,766.8762195794843,8.101677835918963,0.0389503742111488,771.0597226404352,0.2785620385261688,766.8777309606479,4.183503060950898,0.0015113811636383,0.018837378725808,2.5591710665030405,2976,2768,208,13.307692307692308,0,425,0
0_412,777.2354101111414,4.797749445130503,770.82735623003,6.2373669588705525,0.0385022651782132,0.2104884991422295,770.7875546531286,6.447855458012782,0.0398015769013134,774.3504928020993,0.3118608509070074,770.7889895859313,3.562938148970716,0.0014349328026462,0.0178081315372967,0.2539089333731681,2645,2483,162,15.32716049382716,0,349,0
0_413,775.6002383691957,7.530099401642677,769.8177012961744,5.645555658382364,0.0548112199842947,0.193672954570502,769.7610097562429,5.839228612952866,0.0566915399315812,773.7777432742296,0.2412777496957373,769.7622622456466,4.016733517986722,0.0012524894038,0.0176941271355936,4.571663678856567,3310,3207,103,31.135922330097088,0,329,0
0_414,778.3649692845065,3.6372194826378808,771.2316417432386,6.94479322200641,0.0324523047757308,0.2220241199247539,771.1981519425754,7.166817341931164,0.0334898006632297,774.6053235755535,0.2756602575001969,771.1993644591707,3.407171632978134,0.0012125165953658,0.0175684378923038,2.562574229668826,3024,2810,214,13.130841121495328,0,408,0
0_415,781.2971397190122,4.464555084108641,774.534152879411,6.585398405557498,0.0376308480317571,0.2164561745012179,774.4952851389535,6.801854580058716,0.0388677404574783,778.4011746520409,0.2447032928802392,774.4965130199698,3.905889513087459,0.0012278810163745,0.0165483718112643,0.0931908355560153,3356,3181,175,18.177142857142854,0,397,0
0_416,783.6089457725175,9.556206655762407,778.4400759147092,5.121074190246873,0.0624521242713033,0.1116088756825774,778.376262706588,5.23268306592945,0.0638132081210908,782.2677679475164,0.210343578367173,778.3773090914336,3.8915052409283817,0.0010463848456381,0.0163558271341593,0.0105111204320564,3801,3719,82,45.35365853658536,0,325,0
0_417,788.9601488857297,3.6190832517694025,782.0850348200809,6.765921899117529,0.0310363389867776,0.1408747198292985,782.0533522667829,6.906796618946828,0.0316825532979212,785.3304403227521,0.2295616604275802,782.0543101995675,3.277088055969216,0.0009579327845569,0.0166500392797138,0.1997454958036542,3639,3421,218,15.692660550458717,0,437,0
0_418,791.2221861340804,4.120948886115002,784.206069375677,6.890638111857697,0.0358887401659255,0.1622122421395033,784.1693357800832,7.052850353997201,0.0367335955937354,788.0435955061112,0.2240669876332417,784.1704373608981,3.874259726027958,0.001101580814907,0.0165551595206731,1.146637452649884,3709,3517,192,18.31770833333333,0,425,0
0_419,787.1138035379117,5.2126741956153095,780.813279016783,6.198926415061578,0.0410524928149773,0.1436016028746962,780.7712755199755,6.342528017936274,0.042003496807525,784.6200312778819,0.2184962493115795,780.7723472982427,3.848755757906474,0.0010717782673089,0.0165150480796675,7.257764292182401,3742,3591,151,23.781456953642383,0,388,0
0_42,91.7261565128574,0.3806064585595743,84.01823528826911,7.372070655925199,0.0305895047963701,0.3679669070988893,83.98611894983333,7.740037563024089,0.0321163384357846,87.25895374186803,0.0378235603562496,83.98753760383941,3.2728347920347005,0.0014186540060835,0.0185361110829435,1.636310572037473,2548,2307,241,9.572614107883815,0,418,0
0_420,789.4930641991086,7.378439852328118,784.2372415348186,5.191143001313321,0.0485153551524609,0.1142628956586122,784.1876583021367,5.3054058969719335,0.0495832326819806,787.7405952501576,0.2287948287104727,784.1886902327054,3.5529369480209425,0.0010319305686961,0.0163782144761774,0.4178765697870403,3550,3443,107,32.177570093457945,0,331,0
0_421,789.651703497977,8.677491247230517,786.1209978269538,3.4912974586477503,0.0383659061389862,0.0786382753867656,786.0817677639425,3.569935734034516,0.0392300630113683,788.1657567130169,0.4027418276510051,786.0828326535434,2.08398894907441,0.0010648896009577,0.0163290855490121,1.644293072167784,2048,1957,91,21.505494505494507,0,220,0
0_422,794.6164049141807,4.6198628192684925,788.0911056908087,6.425906318821944,0.0373599204582671,0.1375525491312146,788.0529460462276,6.563458867953159,0.038159644581123,791.7372297011316,0.2057529183214999,788.0539035003999,3.684283654903993,0.0009574541722723,0.0167393907735416,0.0986829258035868,4020,3848,172,22.37209302325581,0,418,0
0_423,835.4870610481594,0.333927682273445,789.903863888562,44.162813637405634,0.0176510046512412,1.4386095106601715,789.8856379000936,45.601423148065805,0.0182259884684515,791.5579654570902,0.5301794812170731,789.8867580123219,1.6723275569966063,0.0011201122283969,0.0175575921626975,1.8369519470725209,3995,1493,2502,0.596722621902478,0,2602,0
0_424,793.8293215740705,4.091903719453971,789.2261498597463,4.509654481778853,0.0232456416586538,0.117367863189429,789.2022992291022,4.627022344968282,0.0238506306441664,790.4915975771146,0.7622869793414798,789.2035425254841,1.2892983480123803,0.0012432963818827,0.0172047628709067,2.339001166983508,1231,1037,194,5.345360824742268,0,268,0
0_425,790.5889231577748,8.593357860410595,787.8964792494409,2.656229294487275,0.0288720575487747,0.0658019095426425,787.8668919537449,2.7220312040299177,0.0295872956959773,788.9920270867879,0.8660724775925224,787.8681270087757,1.1251351330429316,0.0012350550307825,0.0173575659889889,2.608240318368189,1003,911,92,9.902173913043478,0,157,0
0_426,797.2661889395677,1.858429344847477,786.352719369275,10.663156945374794,0.0248558436955123,0.275811385596171,786.3272206085967,10.938968330970964,0.0254987606782539,789.6314377355156,0.2962969747600434,786.3284604649295,3.3042171269189566,0.0012398563328026,0.017796622853268,2.647996416199021,3094,2665,429,6.212121212121212,0,621,0
0_427,794.3046260185074,6.205504890769589,787.7307584016053,6.447170783649199,0.0503685217472593,0.1784595703938976,787.6789956644643,6.625630354043096,0.0517627371409616,791.9338584374636,0.2329902496138463,787.6802474628677,4.254862772999331,0.0012517984033537,0.0185216217269044,1.9358749750535933,3527,3399,128,26.5546875,0,371,0
0_428,800.9256189967273,2.780991732627525,791.84805857405,8.85237103223335,0.0307373994174769,0.2568185208365321,791.8164294436574,9.109189553069882,0.0316291303926037,795.797893500654,0.2679454186870889,791.817770003946,3.9814640569966286,0.001340560288551,0.017804602416921,0.0997559768147766,3258,2970,288,10.3125,0,507,0
0_429,798.4476502408506,5.785852537977179,794.8381395611221,3.548199901590124,0.0257115934897835,0.0876575714210048,794.8117927678395,3.6358574730111286,0.0263467932826893,795.9662338998169,0.8614353180733949,794.813042163004,1.1544411319773644,0.0012493951644776,0.017981277833578,0.9695158748654648,1062,924,138,6.695652173913044,0,204,0
0_43,90.60742995596956,0.7678595758980472,86.00465744489634,4.401791974785738,0.0373033218202181,0.2403204722795635,85.96531750890426,4.642112447065301,0.0393399359920788,88.4467107988894,0.052490629554237,85.96679014587161,2.481393289985135,0.0014726369673502,0.0183111792972895,1.2753916799556464,1803,1685,118,14.279661016949152,0,250,0
0_430,805.9804033789551,2.238834453830431,795.4651538676515,10.239860028843395,0.028444055635676,0.30467987107113,795.4358634790406,10.544539899914524,0.0292903886108736,799.4613468480529,0.2683656753434216,795.4372147658378,4.025483369012363,0.0013512867972515,0.0181084903636171,0.51333897782024,3339,2979,360,8.275,0,582,0
0_431,803.5279995257733,4.869866663792566,798.9212791561085,4.52094173443038,0.0273996468753356,0.1138683935860171,798.8931893977569,4.634810128016397,0.0280897583516145,800.5051356457407,0.6200659455040594,798.8944380005827,1.611946247983724,0.0012486028257038,0.0183203871517131,0.5511394352652133,1456,1291,165,7.824242424242424,0,257,0
0_432,803.9634740567999,6.232274992688371,797.9072536089676,5.914210206014104,0.0458465907442953,0.1893244640668854,797.8599393867189,6.10353467008099,0.0473142222486898,801.6410436386941,0.2974549327045247,797.8613423938625,3.7811042519751936,0.00140300714359,0.0180033365744635,2.6277813999913637,2824,2695,129,20.89147286821705,0,334,0
0_433,805.6963246141095,6.770557349698399,799.1433073358919,6.419277220615186,0.0539435060555898,0.1892741023330018,799.0877732911613,6.608551322948188,0.055534044730657,803.6014289401937,0.2187861227716291,799.0890021655553,4.513655649032444,0.0012288743939647,0.017604165327023,2.535425861598924,3792,3673,119,30.865546218487395,0,376,0
0_434,809.3701298735105,3.799859764664368,802.2423432813258,6.9812319070333615,0.0327757366527387,0.1801763200201094,802.208721646457,7.161408227053471,0.0336216348687956,805.6287734764628,0.286293096473512,802.209937016688,3.420051830005832,0.0012153702309899,0.0175650535072659,1.3757582526886836,3027,2814,213,13.211267605633802,0,409,0
0_435,809.206128056976,12.260698909954185,805.3749686903691,3.7919846650911495,0.0574543131074416,0.0981156148482114,805.3160277770367,3.890100279939361,0.0589409133324145,808.0249847570667,0.3720188695934929,805.317274994799,2.7089569800300524,0.0012472177624447,0.0178961106046864,0.2959576704306528,2238,2172,66,32.90909090909091,0,221,0
0_436,813.8551384789171,3.9127650888409473,806.74462441642,6.972135232994333,0.0335198809278573,0.1727291389834135,806.7102741069393,7.1448643719777465,0.0343503094806622,810.1500141170109,0.2818893577303448,806.7114709545419,3.439740010071546,0.0011968476026692,0.0178130978937798,1.2969883830519393,3082,2874,208,13.817307692307692,0,408,0
0_437,813.81824844121,11.30303122835014,809.8508208678298,3.910040015238337,0.0543061113227546,0.1132668197387829,809.7949416062329,4.02330683497712,0.0558792615969044,812.5119647581596,0.3789701328163057,809.796208874494,2.7170231519266963,0.0012672682611598,0.0181428289312558,0.3381536877714097,2216,2144,72,29.77777777777778,0,225,0
0_438,817.4399075118126,4.780350336326389,810.7873632471133,6.5075745061039925,0.038055991263766,0.1841023719171062,810.7482306337915,6.691676878021099,0.0391326133217608,814.6174531157594,0.2359158566799187,810.7493511731724,3.869222481967881,0.0011205393808189,0.0165055812634691,1.746518376399763,3624,3453,171,20.19298245614035,0,404,0
0_439,819.2076004694682,7.249624782915648,814.4329724596727,4.694448184221983,0.0415437892409025,0.1228104328038171,814.3903418524424,4.8172586170258,0.0426306072303168,817.2982267284533,0.3105236423740324,814.3914466719241,2.9078848760109395,0.001104819481767,0.0168971127523438,0.2275981063721701,2745,2632,113,23.292035398230087,0,288,0
0_44,94.71940189634915,0.6863724775097765,88.38718882071586,6.085827463306487,0.0441001990094672,0.2926061457255855,88.34096828731708,6.378433609032072,0.0462205333987831,92.30470880039502,0.0298720740454352,88.34225105123717,3.963740513077937,0.0012827639200899,0.0174977760576386,0.0859157035592943,3228,3090,138,22.39130434782609,0,359,0
0_440,850.1557010156102,0.4267849904696839,815.9085385342917,33.21690802765079,0.0166751546323548,1.0474554393440485,815.8913375486154,34.26436346699484,0.0172009856762022,815.9226190216141,38.85345804864829,815.8928271425677,0.0312814729986712,0.0014895939523176,0.0171852821255,1.3926633037626743,2013,21,1992,0.0105421686746987,0,1993,0
0_441,822.6322991349734,4.495258465218434,815.3867584371168,7.111647060257383,0.0388614593456687,0.1737043007742613,815.3469477739418,7.285351361031644,0.0398106631750363,819.5074398049619,0.2280844530489735,815.34810571773,4.160492031020112,0.0011579437882048,0.0170757340437788,0.5591412327485159,3776,3593,183,19.633879781420767,0,430,0
0_442,827.0812155294698,4.376091087457512,819.4205887094843,7.4976934040896595,0.0396703354713738,0.2036814308958128,819.3798406944843,7.701374834985472,0.0407480149999231,823.8138157094363,0.2214553268036119,819.3810326232517,4.433975014952011,0.0011919287674602,0.0172878297356267,0.1111651154933497,3909,3720,189,19.682539682539684,0,449,0
0_443,829.2590444242815,3.0599964738903376,822.1997560926097,6.9017313768854365,0.0254676434571418,0.1837024671258404,822.1736105802702,7.085433844011277,0.026145512339525,824.5060903652338,0.4353252853037137,822.1748420901883,2.3324797849636525,0.0012315099181434,0.0175385758636443,1.6236209531780332,2165,1894,271,6.988929889298893,0,406,0
0_444,829.7141588305822,6.238452322034452,824.3800344855543,5.222482476267032,0.0392667855358423,0.1520519016776234,824.3396244526375,5.374534377944656,0.0404100329168771,827.3819685915951,0.3507341960964795,824.3409141279825,3.04234413895756,0.0012896753450434,0.0175352649547901,0.1493421426275745,2492,2359,133,17.736842105263158,0,306,0
0_445,828.6716915955767,5.87710419571331,822.3824036479598,6.156770647736266,0.0436650400548671,0.1774407852208241,822.3374801626196,6.33421143295709,0.0449234853401212,826.2448156645987,0.2622999414808249,822.3387205865885,3.907335501979105,0.0012404239688822,0.0172118860353048,5.027085818001069,3291,3150,141,22.34042553191489,0,366,0
0_446,832.8256338991923,3.4557080244779765,825.4835986905839,7.185081136412919,0.0298136146739125,0.1875458855647593,825.4530068772146,7.372627021977678,0.0305918133692019,828.6519356161589,0.3136456985678118,825.4542176753747,3.1989287389442325,0.0012107981600848,0.0173182501370682,0.7751289474545047,2883,2642,241,10.962655601659751,0,426,0
0_447,834.0929594670888,8.425181408758473,828.2767706803197,5.701081725070253,0.0575866840916187,0.1744559268699959,828.2174218151486,5.875537651940249,0.0593488651711136,832.3893476180965,0.2486971459868827,828.2186682823739,4.171925802947953,0.0012464672252608,0.0172082004948716,0.4177885360550135,3446,3347,99,33.80808080808081,0,338,0
0_448,839.1003151249606,4.878490204214887,832.1775268380345,6.77654035796877,0.0393984904533068,0.1867320709861815,832.1370426960057,6.963272428954952,0.0404841420288078,836.0945036530029,0.2492084958727281,832.1382222670808,3.957460956997238,0.0011795710751109,0.0174756480927774,0.2346384121337905,3527,3355,172,19.50581395348837,0,403,0
0_449,839.7597406058339,8.839576216903515,835.2674446859851,4.402443978469819,0.0463415155628402,0.1376423235051334,835.219654303859,4.540086301974952,0.0477903821260521,838.1150528647704,0.3650326885299522,835.22091536595,2.895398560911417,0.0012610620909892,0.0173125025375108,0.8582026881631464,2391,2296,95,24.16842105263158,0,259,0
0_45,96.9479056035634,0.5571718712848472,90.98823680421044,5.7661300675245,0.0331386785489913,0.2279876844258979,90.953787851613,5.994117751950398,0.034448952597416,93.87072852056008,0.0399790155539012,90.95503016024544,2.9169406689470634,0.0012423086324306,0.0176849257643869,1.334197060787119,2522,2348,174,13.494252873563218,0,340,0
0_450,841.6822223840281,11.374084086270653,836.5313541685606,5.084690732532181,0.0687120369261105,0.1367373215034604,836.4607943299925,5.221428054035641,0.0705598385680492,840.465442896937,0.2210006423604883,836.4618473535442,4.004648566944525,0.0010530235516551,0.0164429660417718,1.6366045548347756,3877,3803,74,51.391891891891895,0,326,0
0_451,844.0742224066053,4.994522026074588,838.3949309290572,5.576229785801843,0.0329954425195375,0.1368669981602579,838.3611256226432,5.713096783962101,0.0338053064139769,841.2036964267027,0.2846713016672428,838.3620875755379,2.842570804059505,0.0009619528947747,0.016985360827826,2.0896434063324705,3124,2955,169,17.485207100591715,0,358,0
0_452,892.0463668799493,0.2982435195185387,840.1725511612059,50.19996007985901,0.0167836710397388,1.6912047411315143,840.1552020589588,51.891164820990525,0.0173491022470713,840.2195386609528,17.504573722103185,840.1565424048337,0.0643366019940003,0.001340345874875,0.0173275921828808,1.0341654557269069,3039,48,2991,0.0160481444332999,0,2994,0
0_453,844.7902507308172,3.325945869018965,836.2512778467393,8.355030653066933,0.0328938214687674,0.2176931119756773,836.2175269657746,8.57272376504261,0.0337508809647346,840.3815840648022,0.2394249527250148,836.2187133068285,4.164057099027559,0.001186341053854,0.017356955378012,3.985481416108087,3764,3510,254,13.818897637795276,0,499,0
0_454,848.4227468150202,2.34370924534536,838.5669476646651,9.620640563894996,0.0265763551488812,0.2624599691480398,838.5396462819772,9.883100533043034,0.0273013826879641,842.0221655960195,0.3001861552926985,838.5408878218395,3.4825193140422925,0.0012415398624036,0.0176811635883998,1.8254161718068644,3167,2805,362,7.748618784530387,0,563,0
0_455,846.3523832232459,6.880913684741836,841.8318669314551,4.428276690421626,0.0360022495156229,0.1292930135969072,841.7948135192273,4.557569704018533,0.0370534122277929,844.164267834276,0.4661315669984958,841.796121887154,2.3694543150486425,0.0013083679265867,0.0177895560078852,0.2099263367708772,1934,1811,123,14.723577235772357,0,256,0
0_456,846.3792249320541,9.404213610356155,840.4070468159406,5.849850416649133,0.0649983379627681,0.1894308243645355,840.3399436910404,6.0392812410136685,0.0671031249001518,844.8292170910863,0.24502007456238,840.3412456844859,4.489273400045931,0.0013019934454889,0.0172223093440859,3.807190112187527,3538,3448,90,38.31111111111111,0,343,0
0_457,848.691044122912,11.953394987646648,844.3986986677398,4.234960985253565,0.0596473378204727,0.1187036907067522,844.3373794469517,4.353664675960317,0.0613192207881734,847.4726619248977,0.3201634536928212,844.3385639133204,3.1352824779460207,0.0011844663686989,0.0171603126480886,0.4751111811492592,2718,2647,71,37.28169014084507,0,253,0
0_458,849.732335125911,4.335369056764852,843.5052354822443,6.102716951048933,0.0311363109747394,0.1563165369443595,843.4733016379178,6.2590334879932925,0.0319338443264963,846.3284024769673,0.349145380559805,843.4744794847985,2.855100839049556,0.001177846880796,0.0173670033109374,3.999977270956151,2620,2424,196,12.36734693877551,0,362,0
0_459,852.5325609360589,5.230261110037171,845.987005304353,6.396405781270005,0.0392417532593251,0.1895545148290693,845.9466006399598,6.585960296099074,0.0404046643932458,849.6900154310279,0.2813543097453734,845.9478401812813,3.743414791068062,0.0012395413215457,0.0174389294787178,0.3649766779271886,3183,3020,163,18.52760736196319,0,377,0
0_46,98.27580428228248,1.0131526214668296,92.3228758603212,5.754010112490505,0.0593196918813454,0.2609279805328697,92.2608661892591,6.014938093023375,0.0620096710620966,96.56866143620572,0.0276542558522925,92.26209980760017,4.307795246946625,0.00123361834105,0.0175994107842963,1.5933388093253598,3589,3492,97,36.0,0,341,0
0_460,853.1690043467097,7.418860907362693,849.0903841806718,3.999261276330799,0.0347761850115721,0.1151362595846876,849.0546068107942,4.114397535915487,0.0357773698775259,851.156689383788,0.5072447493347962,849.0558595417674,2.1020825729938224,0.0012527309731786,0.0174983909819275,0.6186487162485719,1793,1678,115,14.591304347826089,0,235,0
0_461,856.2280481626512,5.905021021811388,849.8355027700429,6.256080526276492,0.0431453829398378,0.1808575426694005,849.7911100937054,6.436938068945892,0.0443926763375578,853.7078909387346,0.2634087907864038,849.7923186036853,3.91678084502928,0.0012085099799534,0.0173803946477007,1.3484507440589368,3386,3241,145,22.351724137931036,0,371,0
0_462,858.9509875623044,6.410081996733615,853.6424625760106,5.196663771523163,0.0387810729218146,0.1517749364720657,853.6025488543091,5.3484387079952285,0.0399137217014569,856.6324438112788,0.3507913365320552,853.6037895975347,3.029894956969656,0.0012407432256222,0.0173025653061609,0.0866862824186682,2576,2442,134,18.22388059701493,0,307,0
0_463,859.8371265784372,7.106091955193696,853.569157535774,6.134702035808004,0.0507000168248595,0.1855000822106376,853.5169244604185,6.320202118018642,0.0522330753555259,857.7186459103832,0.243947282682134,853.5181194892723,4.20172144996468,0.0011950288538011,0.0175081046946608,3.098850880865939,3637,3516,121,29.05785123966942,0,364,0
0_464,860.8205180470832,9.459566132385527,857.2141874095266,3.53807069407776,0.0388798977371182,0.1083302838960662,857.1741170691093,3.646400977973826,0.0400703404172947,859.2366823721677,0.5310486294018342,857.1753918313485,2.0625653030583635,0.0012747622392202,0.0174047876364336,0.5277916023042053,1709,1618,91,17.78021978021978,0,207,0
0_465,864.8727668309584,5.8045152136305935,858.9541229361437,5.787936759996228,0.0388452131543371,0.1706979719456285,858.9141320990166,5.958634731941856,0.0399908371271265,862.2479697979288,0.3086070042225944,858.9153253122231,3.333837698912248,0.0011932132064825,0.0176160874699973,0.3050411811564117,2943,2794,149,18.751677852348998,0,341,0
0_466,865.5540832694387,11.38886951670314,862.2042972114639,3.2894489382160828,0.0432822228712642,0.1050009338650852,862.1596333973575,3.394449872081168,0.0446638141063311,864.2182323693996,0.534788510129579,862.1609072828601,2.058598972042091,0.0012738855025012,0.0175769855268299,0.0714199915528297,1692,1616,76,21.26315789473684,0,192,0
0_467,868.4272441362264,8.861502491185984,864.2143838891774,4.128268620581366,0.0421251900059323,0.1280231754062697,864.1709523402387,4.256291795987636,0.0434315489386493,866.7303701802157,0.4137137805156161,864.1721740193987,2.559417839976959,0.0012216791598935,0.0173150403674558,0.0299675721907988,2193,2095,98,21.377551020408163,0,244,0
0_468,871.8996013274882,7.088614644938929,866.7390891654223,5.039151450851932,0.040968710982536,0.1636599912308156,866.6967898854055,5.202811442082748,0.0422992800169329,869.7803115095012,0.3368630176256782,866.69798412306,3.083521624095738,0.0011942376545684,0.0172299985202195,0.034297676756978,2705,2582,123,20.991869918699187,0,301,0
0_469,877.9487016446656,2.567101466797268,869.3402546412776,8.394144658348523,0.02454428262675,0.2395470576593652,869.3150099286577,8.633691716007888,0.0252447126199061,872.1738583156839,0.3376592560262036,869.3161167224583,2.858848387026228,0.0011067938006295,0.0168855068098878,0.4486030078260228,2925,2583,342,7.552631578947368,0,516,0
0_47,101.8037926584948,0.7831060973730368,95.28230158195096,6.323349018231966,0.048641146294092,0.2486962527036667,95.23174738755915,6.572045270935632,0.0505541943918125,99.49822452256922,0.0278083355289461,95.232939807105,4.266477135010064,0.0011924195458384,0.0177351395071197,1.3200466487323863,3708,3578,130,27.523076923076925,0,375,0
0_470,876.5802123286994,7.428645867192368,871.7712197930304,4.742575833457522,0.0401913206225213,0.1075192025164142,871.7301172927255,4.850095035973936,0.0411025003048638,874.5456810607575,0.3482858148390113,871.7312385845487,2.815563768032007,0.0011212918231907,0.0172417904062875,0.4295730479061603,2629,2511,118,21.279661016949152,0,286,0
0_471,877.8184547760757,13.715913355876182,873.3982144194088,4.375158404931426,0.0683618500770535,0.1152444970794022,873.3280518740648,4.490402902010828,0.0701625453439191,876.7578546260484,0.2949067792216779,873.3292055245028,3.429802751983516,0.0011536504379359,0.0165718773441767,1.2006623776396737,3037,2973,64,46.453125,0,268,0
0_472,879.0435836018296,5.39290542087012,874.0800167056325,4.887705358793028,0.0299859224465829,0.1065008392324671,874.0493774038041,4.994206198025495,0.0306393018283772,876.3155746477423,0.3752957493138082,874.0503479379557,2.2661972439382225,0.0009705341515795,0.0167362512520691,2.6941341093042865,2498,2335,163,14.325153374233128,0,313,0
0_473,877.9019959630677,7.700894701430418,874.9481005890932,2.920442159753293,0.0256179136820464,0.0595938812475651,874.9219599220669,2.980036041000858,0.0261406670263233,875.9606997320661,0.9240091769325592,874.923055639166,1.0387398099992424,0.0010957170991553,0.0170289143070317,1.3794991436880082,1062,948,114,8.31578947368421,0,177,0
0_474,878.9163953395328,9.658421926808051,874.7085763132468,4.150554263731465,0.0456104864146314,0.1040183072909712,874.6618227685103,4.254572571022436,0.0467535447365102,877.3692367634503,0.357671926931696,874.6629264839587,2.707413994939998,0.001103715448406,0.0170017425943125,1.282893160590902,2544,2453,91,26.95604395604396,0,257,0
0_475,881.4594897314673,4.543605617172512,876.7277374546969,4.636944803758524,0.0239017773389614,0.1193243241868913,876.7032206035219,4.756269127945416,0.0245168511749763,878.133652491495,0.7087438680318765,876.7043751086777,1.4304318879731,0.001154505155749,0.0171434909276923,0.6515763850184157,1433,1239,194,6.38659793814433,0,277,0
0_476,879.0770363989286,11.879419410796332,877.0058873496428,2.053369100089185,0.0277482310822862,0.0461518539814278,876.977515444858,2.099520954070613,0.028371904784738,877.8005483238958,1.2648422886511466,876.9787013711966,0.8230328790377825,0.0011859263386711,0.017249838851795,1.138848384609446,768,694,74,9.37837837837838,0,121,0
0_477,883.9344896754483,3.090680033830239,876.8666838759852,6.8850539637496695,0.0240736152578659,0.207551154308021,876.8418845573906,7.092605118057691,0.0247993185946073,878.8618122343905,0.5237555496033317,876.8430883283543,2.019927676999941,0.0012037709636471,0.0177366344092928,0.9419115354539828,1964,1678,286,5.867132867132868,0,402,0
0_478,883.7652317434549,5.108469547650029,878.8278807871922,4.840146441129036,0.0279777250932314,0.1259100439492613,878.7991752583766,4.9660564850782976,0.0287055288154814,880.6378842723789,0.5623485851036902,878.8003494020637,1.8387090140022335,0.0011741436871023,0.0180771530120003,0.0631665550172329,1739,1566,173,9.052023121387284,0,279,0
0_479,914.427860490512,0.4983258095316142,880.3225198473538,32.87661456910428,0.0179164112093211,1.2473222248954698,880.3039236965124,34.123936793999746,0.0185961508414167,880.8780010185437,2.0203623876572103,880.3052403876179,0.5740773220313713,0.0013166911055765,0.0182833021645604,0.3161410848842934,2271,436,1835,0.2376021798365122,0,1866,0
0_48,105.24133740738034,0.6083314301004644,99.1869062604571,5.857057973975316,0.0338558264391636,0.2325733540346846,99.15170607937034,6.08963132801,0.035200181086763,102.36379198927898,0.0393253138644944,99.15294007318896,3.2120859099086374,0.0012339938186356,0.0166332105092564,0.3294695531949401,2776,2603,173,15.046242774566474,0,355,0
0_480,885.769055047771,6.151173993387299,880.5914793925274,5.054511428927071,0.0351007738119935,0.1592710490804165,880.5552725697635,5.213782478007488,0.0362068227639408,883.2498786957003,0.4600259784873439,880.5566760104541,2.6946061259368435,0.0014034406905921,0.0174942802227128,0.3050179868005216,2064,1920,144,13.333333333333334,0,291,0
0_481,936.8702385439536,0.3184467160244574,883.1602902901171,52.54865654511377,0.0178615419935804,1.1795541868777946,883.1420278119622,53.72821073199157,0.0182624781549937,884.0947999149794,1.177223435306231,883.1432964832045,0.952772103017196,0.0012686712423664,0.0179386263184821,0.0904219957301393,3693,751,2942,0.2552685248130523,0,2996,0
0_482,887.1001807656139,19.28478653838291,883.6169242303332,3.4537336829816923,0.0750811670213411,0.1069285530829802,883.5395185295492,3.5606622360646725,0.0774057007840146,886.3022376835579,0.4230559607081422,883.5408372499091,2.762719154008664,0.0013187203599086,0.017346588740348,0.5381482914090157,2141,2095,46,45.54347826086956,0,202,0
0_483,896.5979166281177,2.801868489462868,886.247886028091,10.11571800382808,0.0316116187619627,0.266757833189331,886.2154407911003,10.38247583701741,0.0324452369906794,890.6663346120622,0.2535343964167555,886.2167077691307,4.450893820961937,0.0012669780304474,0.0185361938001733,0.069781978498213,3833,3513,320,10.978125,0,574,0
0_484,897.2001861771569,4.984445478761983,888.925642041712,8.070752982399426,0.0448375165688857,0.2500176565954461,888.879415538162,8.320770638994873,0.0462265035499715,893.8537118241657,0.2568545148920016,888.8808449336465,4.974296286003664,0.0014293954844838,0.0185915241832844,1.7697693558875471,3660,3480,180,19.33333333333333,0,448,0
0_485,900.2032043969957,3.983200019455733,892.0594702639629,7.935890630236827,0.0351145603107824,0.2440378767205402,892.0232758900383,8.179928506957367,0.0361943739245901,896.0363829530543,0.3195564846480222,892.0247070979781,4.013107063015923,0.0014312079397346,0.0184372630262895,1.8114887361880392,3030,2804,226,12.4070796460177,0,442,0
0_486,902.83112452121,4.90669089413701,895.9295928549716,6.715715875616297,0.0364984558457407,0.223529078415595,895.891879567178,6.939244954031892,0.0377132877936515,899.3844878101954,0.3659009307608606,895.8933004818415,3.492608243017457,0.0014209146635547,0.0187317212555132,0.1267467287834733,2642,2458,184,13.358695652173912,0,373,0
0_487,930.2236565510976,0.5617292612023536,899.3027689168936,30.463897832436487,0.0183960735703118,0.4756731175584718,899.2840856011026,30.93957094999496,0.0186833157910597,900.6654003621079,0.9800494019174188,899.2855886639546,1.381314761005342,0.0015030628520188,0.0178491885199212,0.1013794421451166,2575,919,1656,0.5549516908212561,0,1729,0
0_488,904.1541661210358,8.00136430195607,897.0291843882935,6.929423414985649,0.0613223311060676,0.259174226084724,896.9655684799654,7.188597641070373,0.0636159083280564,901.977151348954,0.2676490063350012,896.9670555965438,5.011582868988626,0.0014871165783349,0.0192656174520508,3.682038690079935,3483,3370,113,29.82300884955752,0,381,0
0_489,908.4456344131612,8.735054177049628,901.655615146329,6.629403840051964,0.0637442676928073,0.2265379439340904,901.5896926291751,6.855941783986054,0.065922517153712,906.6894574341133,0.259202246264755,901.5911505379244,5.099764804937877,0.0014579087492675,0.0168863171062324,0.3690685158362612,3602,3498,104,33.63461538461539,0,376,0
0_49,109.90392438485289,0.4163027438820184,102.0169997095954,7.613260823651217,0.028838109180497,0.3036521583562717,101.98701140284538,7.916912982007489,0.0299883067500283,105.41604254592676,0.0331601266265891,101.98809005372398,3.4290311430813745,0.0010786508786037,0.0169995524201746,0.3775719894329086,3443,3179,264,12.041666666666666,0,474,0
0_490,913.8952623415972,4.524233971988105,905.8836929826072,7.968911942327395,0.0394500591204326,0.0825159706873819,905.8438344285825,8.051427913014777,0.0398585540248256,910.367282544612,0.2484626862840098,905.8450689941162,4.523448116029613,0.0012345655338508,0.0174652465197285,0.8288672405760735,3866,3664,202,18.138613861386137,0,471,0
0_491,918.7836532887304,3.16821949409907,909.6587865609883,9.063639289350249,0.0312539285839663,0.0928013717057183,909.6272126276745,9.156440661055967,0.031573933313986,913.6594576616772,0.3035413480603579,909.6285522439648,4.032245034002699,0.0013396162903663,0.0176696400932871,0.7232042718678713,3300,3010,290,10.379310344827584,0,520,0
0_492,921.1439558041748,3.361839254759762,912.1775628943076,8.906870168284513,0.0325068254316953,0.092366671655327,912.1447189642348,8.99923683993984,0.0328439300727731,916.2174560691928,0.3040881035742425,912.1460706858096,4.072737104957923,0.0013517215748283,0.0179799260400799,1.4979227274889126,3287,3013,274,10.996350364963504,0,505,0
0_493,923.9671788950218,4.337874079319351,915.0404189064648,8.86244825378526,0.0416077382806819,0.1064190932083875,914.998311548028,8.968867346993648,0.0421073584365898,920.2547523750692,0.2452051032174444,914.9997121451044,5.256440827040933,0.0014005970762166,0.0174292324880409,1.21946604619734,3966,3753,213,17.619718309859156,0,504,0
0_494,926.3496009839,3.508900003726894,917.57839805731,8.70206586131826,0.0329623706868115,0.1024876467417925,917.54504747584,8.804553508060053,0.0333505814699244,922.071931602899,0.246082714599119,917.546255611449,4.52688412705902,0.0012081356090363,0.0162032931098524,2.692346462165005,4011,3747,264,14.193181818181818,0,531,0
0_495,926.14464687719,6.174297645847934,921.8646861071768,4.275697932695039,0.0285046528846335,0.0329874062445014,921.8359615382506,4.30868533893954,0.0287245689262636,923.6942995662102,0.5370315695152386,921.8370419673366,1.8583380279596893,0.001080429086023,0.0163356487398656,0.2217795776668936,1870,1720,150,11.466666666666669,0,265,0
0_496,929.282306221896,3.6442443381250818,922.4901180233984,6.751878515118733,0.0264779549612499,0.0670505817979574,922.4633771249792,6.8189290969166905,0.0267408984192811,925.1742894559866,0.3887286930487338,922.4645161637736,2.710912331007421,0.0011390387945409,0.0161098696702324,1.2148306092713028,2635,2380,255,9.333333333333334,0,422,0
0_497,929.1138629874912,5.13322576236183,924.679562873106,4.42471978534013,0.0244459656648626,0.0342153296805918,924.6549278724706,4.458935115020722,0.0246350006354736,926.1893099135486,0.6522459928968652,924.6560084232036,1.5343820410780609,0.0010805507331535,0.0161577517897384,0.5055982844205573,1601,1420,181,7.845303867403315,0,276,0
0_498,931.7692904196448,5.6815200635344185,925.3714914888076,6.380585500155576,0.03890600914729,0.056463730870746,925.3322411886184,6.437049231026322,0.0392503001891848,929.157914296724,0.2604872201560762,925.3333137070116,3.825673108105548,0.0010725183930769,0.0159230251397608,0.8409665478393435,3731,3567,164,21.75,0,408,0
0_499,930.3023128086934,3.876259636702889,924.292984791586,5.984580766176805,0.0249357531924033,0.0498908828012645,924.2678411597152,6.034471648978069,0.0251436318707419,927.04413732572,0.353159671362179,924.26889879635,2.776296166004613,0.0010576366346684,0.013575731179056,4.875903952983208,2865,2625,240,10.9375,0,414,0
0_5,10.77898886532057,0.2506741596586179,6.4384696840573925,4.270985205192119,0.0993252373300492,0.1728796708630398,6.335123989265412,4.443864876055159,0.1033456947919804,10.087687392253429,0.0029104695303674,6.336206667685201,3.7525634029880166,0.0010826784197888,0.0160767784434219,0.1016910584876313,3509,3466,43,80.6046511627907,0,271,0
0_50,110.41691992944106,0.7511355097240888,105.24209652441478,5.011273194337264,0.034090293839029,0.198994206613861,105.20665252848994,5.210267400951125,0.0354439959248375,107.88849809847306,0.0451038871649134,105.20777370138708,2.6818455699831247,0.0011211728971501,0.0172001485099863,0.1949834204278886,2539,2392,147,16.272108843537413,0,306,0
0_51,113.21662217425182,0.7257475780400758,107.49198570776916,5.529644445516169,0.0354464387533087,0.2319251594599336,107.45505256927572,5.761569604976103,0.0369331384934365,110.6180421152385,0.0395488173454553,107.45618342002508,3.1629895459627733,0.001130850749361,0.0166575644808546,0.416898250230588,2953,2797,156,17.92948717948718,0,346,0
0_52,114.73497974360362,2.3415301988490533,110.6782840766792,3.980779090314172,0.0812403895982484,0.1604310696711763,110.59376958361828,4.141210159985349,0.0845144930609254,113.9431770836236,0.0361839241294454,110.59483322525054,3.349407500005327,0.0010636416322659,0.0161592379587759,0.0248703015968203,3198,3149,49,64.26530612244898,0,255,0
0_53,117.22348396491724,2.2542977685561008,113.79913941661316,3.405129495658912,0.0654832595319021,0.0863590633962303,113.73199540586212,3.491488559055142,0.0671440107510604,116.37718136585318,0.0408914902901803,113.73292484576372,2.645185959991068,0.0009294399016131,0.0162750499820014,0.1968898777849972,2898,2846,52,54.73076923076923,0,233,0
0_54,120.4790250743972,0.9196872143083756,114.8589551276394,5.50914638931863,0.0420545525902185,0.1541548647219315,114.81572382035664,5.663301254040562,0.0432313072827523,118.3253776783822,0.0313112933787727,114.81665254590786,3.5096538580255583,0.0009287255512107,0.0164400564581297,1.5471256994642315,3910,3779,131,28.84732824427481,0,370,0
0_55,119.97820797760504,0.6520554781391579,113.6445229860844,6.162520694313571,0.0334919602951824,0.2057745977072045,113.60991268558428,6.368295292020775,0.0346103005001129,116.8490212475881,0.037071389989717,113.61094032154938,3.239108562003821,0.0010276359651027,0.0170064496196573,4.70088973082602,3336,3152,184,17.130434782608695,0,389,0
0_56,168.18333053961396,0.0568571097158938,116.18916693336676,49.59803261084016,0.0167674214370656,2.413714412250556,116.17158351652324,52.01174702309072,0.0175834168435059,116.26857801061124,1.5298497106659372,116.17285975986653,0.0969944940879941,0.001276243343263,0.0175506262775533,0.6629859909880906,3034,76,2958,0.0256930358350236,0,2963,0
0_57,121.42196655273438,1.0203526601070116,115.96440025859418,5.2966510250698775,0.0445096724795788,0.2071658308850601,115.91814969677944,5.503816855954938,0.0462505618147473,119.38043105974792,0.042183897900971,115.91937311775575,3.462281362968497,0.0012234209763139,0.0171557604452642,0.3341643548337742,2949,2830,119,23.781512605042018,0,320,0
0_58,127.98229596065356,0.4237824369558065,118.9261791873654,8.702348237973638,0.0288157226422968,0.3838553020032123,118.89609242067672,9.08620353997685,0.030086766688665,122.53197142865974,0.0400039083998236,118.89727945267413,3.635879007983021,0.0011870319973826,0.0180474322251451,0.4679485340602696,3365,3063,302,10.142384105960264,0,514,0
0_59,133.5798395590391,0.2782913324146648,122.11395017067844,10.978543418925256,0.0228719654560942,0.5112831080332398,122.0900130320806,11.489826526958495,0.0239371385978302,124.79146778106224,0.0583956330281058,122.09127716626357,2.7014547489816323,0.0012641341829581,0.0183091078707851,0.4251084976131096,2617,2137,480,4.452083333333333,0,633,0
0_6,15.414892567903737,0.0667311366575919,8.394706838566194,6.779815797461197,0.0293498519370614,0.2708924785256386,8.3641842919169,7.050708275986835,0.0305225466492936,11.478879383881576,0.0033870992575631,8.365103352138783,3.114695091964677,0.0009190602218839,0.01703901811265,1.7090123713715002,3620,3389,231,14.670995670995673,0,445,0
0_60,129.98647041374352,0.7385594909871791,124.65241183847552,5.11245178617537,0.02904802151236,0.252087123808451,124.6219315037597,5.364538909983821,0.0304803347158171,126.70213044271804,0.0863681870775174,124.62334949894644,2.080198938958347,0.0014179951867473,0.0186610225626447,0.152510121348314,1643,1467,176,8.335227272727273,0,288,0
0_61,130.0290403709514,0.9925880944347436,125.44473505407156,4.396495515364222,0.0335610344684291,0.2230736885685473,125.40947116701864,4.61956920393277,0.0352638870529219,127.6108892710181,0.0861072127334805,125.41095660433578,2.2014181039994583,0.0014854373171386,0.018459168701781,1.2745001587318256,1613,1482,131,11.312977099236642,0,248,0
0_62,133.1018640738912,0.6248913806285972,126.00806150384938,6.805451612919569,0.0319504770559604,0.3218122899997979,125.97460017097184,7.127263902919367,0.0334613328775557,129.37015577498823,0.0540167665031266,125.97601793949124,3.3955556040164083,0.0014177685194223,0.0175197572718448,1.6186457100557163,2608,2395,213,11.244131455399062,0,398,0
0_63,134.0413165560458,1.3677685362861816,127.64492322236528,6.187108566169627,0.0631337608792819,0.2752269668271765,127.57898102304898,6.462335532996804,0.0659421993162939,132.32444346905686,0.0348589155608685,127.58023114487354,4.745462446007878,0.0012501218245542,0.01751911313254,1.7738930948544294,3894,3796,98,38.734693877551024,0,369,0
0_64,131.0355307579739,0.5798032334423624,126.0830008430428,4.798666107701138,0.0212330358747837,0.1758750512963161,126.06098959897643,4.974541158997454,0.0220112440663604,127.05894045392051,0.1608341018404057,126.06225282790676,0.9979508549440652,0.0012632289303089,0.0175955323188203,6.246920936158858,1016,790,226,3.495575221238938,0,283,0
0_65,129.0339471793268,1.316672930401294,124.6091629595731,4.2814798700856045,0.0436885701029143,0.1889206818304956,124.56354662741067,4.4704005519161,0.0456163321624091,127.3062305363128,0.0597962567103395,124.56483487725048,2.7426839089021087,0.0012882498397849,0.017629761663408,2.4784238055581227,2227,2129,98,21.72448979591837,0,253,0
0_66,131.24223303236067,1.171805652074649,125.40655894179092,5.667199207120575,0.0505999929207194,0.2210485239047557,125.35398530133534,5.888247731025331,0.0525736404555833,129.30586160137318,0.0394225187809064,125.35519014167072,3.9518763000378394,0.0012048403353773,0.0172890306338168,1.93513628304936,3392,3280,112,29.285714285714285,0,341,0
0_67,135.40052775177173,0.7649747330608573,128.12035265005468,7.028481538989581,0.0397089352485287,0.2930581939872354,128.07898801879492,7.321539732976817,0.041364631259756,132.21182789676823,0.03772092094059,128.0801671457216,4.132839877973311,0.0011791269266685,0.0180152534180989,1.2276370375184342,3682,3505,177,19.80225988700565,0,418,0
0_68,135.61765385686886,0.7749580220392506,131.52177591126878,3.968685340601951,0.0226782019462968,0.1507321334211155,131.4982363828458,4.1194174740230665,0.0235395284229889,132.46801223990042,0.1713687092366111,131.49949094410977,0.9697758570546284,0.0012545612639775,0.0179979520969625,0.6970872929086909,948,773,175,4.417142857142857,0,230,0
0_69,137.0314264444169,1.9032142561724563,132.46301243175628,4.4004275794141,0.0611170497140847,0.2323302925797179,132.39866857242305,4.632757871993817,0.0643438593332474,135.78194960241672,0.0538603528768015,132.40001061170508,3.383281029993668,0.0013420392820284,0.0173538450277798,0.0522983014816418,2593,2521,72,35.013888888888886,0,259,0
0_7,15.38566145056393,0.1018917976858538,9.842622913786409,5.34003832610324,0.0353644922258492,0.2399538009194657,9.805669323541224,5.579992127022706,0.0369535902451834,12.838840487529524,0.0048357214642295,9.806811760891126,3.0331711639883,0.0011424373499014,0.0168663639936053,1.658777287346311,2806,2655,151,17.582781456953644,0,328,0
0_70,140.54897354310378,0.6359682060773927,134.68393333281952,5.654130438459106,0.0255843006265117,0.2375690455082804,134.6572740591364,5.891699483967386,0.0266592736831103,136.64988617913332,0.0827679504416313,134.6584809713835,1.99261211999692,0.001206912247121,0.0176429292487351,1.1254150433233008,1872,1651,221,7.470588235294118,0,335,0
0_71,140.86608615051955,1.4086608615051954,135.95199814416353,4.743702092557214,0.0474370209255721,0.2200231663882732,135.90236089157406,4.963725258945487,0.0496372525894548,139.07205352152232,0.055121701752486,135.903617210492,3.1696926299482584,0.0012563189179343,0.0179403262899722,0.7310389265185222,2623,2523,100,25.23,0,280,0
0_72,143.7960247375304,1.25040021510896,137.35538146538843,6.20580903859809,0.0539635568573747,0.2913311043521389,137.29888459458016,6.497140142950229,0.0564968708082628,141.7311980666127,0.0386293807758551,137.30009263858997,4.432313472032547,0.0012080440098208,0.0179550145297189,1.7740722059970722,3784,3669,115,31.904347826086955,0,368,0
0_73,142.91727027436718,0.8309143620602744,139.34940414367986,3.454026183113456,0.020081547576241,0.1347046617884189,139.3285394294653,3.5887308449018747,0.0208647142145457,139.83397903037255,0.3594703831114976,139.3298387600589,0.5054396009072661,0.0012993305935919,0.0179261118836895,2.385884213144891,561,389,172,2.261627906976744,0,200,0
0_74,147.3695558126783,0.7188758820130648,139.4647098426497,7.56679815496318,0.0369112105120155,0.3767970600165427,139.42596059769858,7.943595214979723,0.0387492449511206,143.90211015066598,0.0389134965253288,139.42717102213152,4.476149552967399,0.0012104244329279,0.0169143690829869,0.3906691937008872,3903,3698,205,18.039024390243902,0,465,0
0_75,148.70179602049757,1.6897931365965633,143.8844337970738,4.675742141669616,0.0531334334280638,0.1969920613337308,143.82906181749422,4.872734203003347,0.0553719795795834,147.25876756350044,0.048793494885189,143.8301982342424,3.4297057460062206,0.0011364167481796,0.0163980506476946,0.0585302602266892,3106,3018,88,34.29545454545455,0,289,0
0_76,156.93868366454262,0.3456799199659529,146.17747072243088,10.379718908574432,0.0228628169792388,0.4052494704956189,146.15371528547257,10.784968379070053,0.023755436958304,148.96493247547187,0.0527683076427459,146.15471111161142,2.8112171899992973,0.0009958261388591,0.017563328610288,1.0880261589773,3277,2823,454,6.21806167400881,0,636,0
0_77,154.60581726022065,0.5601660045660168,145.9780143370609,8.343051585485227,0.0302284477734972,0.3161251664860174,145.9466405082494,8.659176751971245,0.03137382881149,149.58632216916885,0.0464121384328789,145.9477697920412,3.63968166091945,0.0011292837917838,0.0181865764168543,3.0040228232974187,3499,3223,276,11.67753623188406,0,491,0
0_78,158.84195272799116,0.3809159537841514,148.62635476677707,9.790531464037484,0.0234784927195143,0.4496232230449095,148.60179804090876,10.240154687082397,0.0245567258683031,151.4412745028967,0.0688995789367137,148.60308988643283,2.8394764619879425,0.0012918455241073,0.0177474297963895,0.9659665842773392,2615,2198,417,5.270983213429257,0,574,0
0_79,154.21132258756552,0.9289838710094308,148.94832699651008,5.055519748129882,0.0304549382417462,0.2393727859016508,148.916430053534,5.294892534031533,0.0318969429760935,151.298184309504,0.087759967696928,148.9178115815247,2.3817542559700087,0.0013815279907018,0.0175490257714549,2.5069916304200888,1890,1724,166,10.385542168674698,0,294,0
0_8,14.465537266689353,0.0850913956864079,9.177821269006166,5.1256502190371975,0.0301508836413952,0.1933540389873087,9.146533008664846,5.319004258024506,0.0312882603413206,11.641302266623825,0.0054628354137136,9.147703712211518,2.4947692579589784,0.0011707035466724,0.0166131470592089,3.675642301910557,2301,2131,170,12.53529411764706,0,316,0
0_80,154.91896434221417,0.7448027131837219,150.4178326746489,4.349993611569516,0.0209134308248534,0.172882653423585,150.3960880772211,4.522876264993101,0.0217445974278514,151.2569511422189,0.2185794091650562,150.39733209899128,0.8608630649978295,0.001244021770228,0.0176058326922849,0.8858997003408149,900,692,208,3.326923076923077,0,258,0
0_81,154.81437840894796,3.0962875681789592,149.79675620020367,4.873251849669032,0.0974650369933806,0.246770812314935,149.694355746964,5.120022661983967,0.1024004532396793,154.00598538597114,0.045917109536664,149.6956412656399,4.311629639007151,0.0012855186759114,0.0161678604595363,1.545875350246206,3404,3354,50,67.08,0,295,0
0_82,187.10954896523617,0.1043555766677279,153.67047689879706,31.992889152257703,0.0178432175974666,1.4648431106470523,153.65181670233142,33.45773226290476,0.0186601964656468,155.21000252733938,0.0964037282778505,153.65278451961402,1.5581858250079677,0.0009678172826136,0.0177911580802547,0.339744699653238,3403,1610,1793,0.8979364194088121,0,1896,0
0_83,160.7697766291676,1.8479284670019265,155.10376665516537,5.504058912280016,0.0632650449687358,0.2278348986292258,155.03788281825837,5.731893810909241,0.0658838369070027,159.24747932923492,0.0422071241264868,155.03899853426975,4.209596510976553,0.0011157160113905,0.0174976701141688,0.1581379420822486,3860,3773,87,43.367816091954026,0,339,0
0_84,162.63637745310552,1.534305447670807,159.09693150510046,3.4264858386013657,0.0323253381000128,0.1466691184323281,159.06322249607183,3.573154957033694,0.0337090090286197,160.83524200413376,0.1135040522259236,159.06447303912623,1.7720195080619303,0.0012505430543838,0.0169918438582241,0.1676245090784505,1523,1417,106,13.367924528301886,0,206,0
0_85,167.23699521215167,0.6743427226296438,160.7068644136884,6.289833336137235,0.0253622311941017,0.2667352388380095,160.68042663717642,6.556568574975245,0.0264377765119969,162.84619786415715,0.0915380538865414,160.68164404652268,2.1657712269807234,0.0012174093462511,0.0177048280161069,0.1384497859980911,2027,1779,248,7.173387096774194,0,374,0
0_86,166.85808238969184,1.226897664630087,162.79555982639516,3.921454326016829,0.0288342229854178,0.1711609970079735,162.76546706666704,4.092615323024802,0.0300927597281235,164.42709440365434,0.1243775298060925,162.7667239708554,1.6616273369872945,0.0012569041883413,0.0178749116620405,0.0643213164294138,1458,1322,136,9.720588235294118,0,230,0
0_87,171.82809043000452,0.4826631753651812,162.41724859260995,9.07523639278952,0.0254922370583975,0.3621148582315072,162.3907391789835,9.437351251021028,0.0265094136264635,165.51500468200538,0.0711892493255937,162.39208294909233,3.1242655030218884,0.0013437701088266,0.0177333869325818,2.0195214017294347,2681,2325,356,6.530898876404494,0,530,0
0_88,169.30260760651436,1.498253164659419,165.00901955111772,4.185444048722275,0.0370393278647988,0.1464796143118292,164.97068394348025,4.331923663034104,0.0383356076374699,167.27259348949883,0.0907118185951729,164.97193226752907,2.301909546018578,0.001248324048817,0.0179647266992524,0.5277823514770716,1957,1844,113,16.31858407079646,0,245,0
0_89,177.07366158778314,0.582479149959813,166.83494714852253,9.894067010260189,0.0325462730600664,0.3784385657636449,166.8011560117593,10.272505576023832,0.0337911367632362,171.47360573580954,0.0480318223349606,166.8024648212058,4.672449724050239,0.0013088094465126,0.0184212363551762,0.4542720736935735,3874,3570,304,11.74342105263158,0,564,0
0_9,16.88554847589694,0.1671836482762073,11.584466395708317,5.146523307310417,0.0509556763100041,0.2075695936800912,11.531455574906431,5.3540929009905085,0.0530108208018862,15.189811347867362,0.0044117953377482,11.532518123780369,3.658355772960931,0.0010625488739357,0.0167894765151443,0.0932872907724231,3544,3443,101,34.08910891089109,0,327,0
0_90,179.84283887443598,0.6539739595434035,170.39119586982383,9.118305963347666,0.0331574762303551,0.3678320887265727,170.35670082236174,9.48613805207424,0.0344950474620881,174.58484498644248,0.0539174938191607,170.3580066111709,4.228144164080732,0.0013057888091663,0.0191199777745218,1.0999521584017202,3513,3238,275,11.774545454545455,0,506,0
0_91,180.2769172489643,0.8667159483123285,174.39382876024823,5.687254344229586,0.0273425689626422,0.2242548618232831,174.36540804291144,5.91150920605287,0.0284207173367926,176.32751805288717,0.1295573240653102,174.36684971081002,1.9621100099757316,0.0014416678985861,0.0189874961349862,0.2203146534739062,1569,1361,208,6.543269230769231,0,310,0
0_92,180.8737161264289,1.7732717267296954,174.11871672958117,6.516457304242067,0.0638868363160986,0.3054232747526839,174.05183554743417,6.821880578994751,0.0668811821470073,179.0919208304258,0.0489455919186733,174.053212996268,5.04008528299164,0.001377448833832,0.0174685813333638,2.2568146374542266,3761,3659,102,35.872549019607845,0,371,0
0_93,183.43890309380367,1.0542465695046188,177.5888173602757,5.659402189892717,0.0325252999419121,0.2244990681065246,177.55500183580443,5.883901257999241,0.03381552447126,180.20965026982597,0.074528391344014,177.5560997052974,2.65464843402151,0.0010978694929782,0.018558924275734,1.5199482816969976,2592,2418,174,13.89655172413793,0,335,0
0_94,182.65847687772475,2.0295386319747197,179.83990123900455,2.762153801508248,0.030690597794536,0.088091226411052,179.80823184980545,2.8502450279193,0.0316693891991033,180.8294657857623,0.1948593381312093,179.80933231740886,1.0212339359568432,0.0011004676034017,0.0203223454662495,0.3873437599977478,1018,928,90,10.311111111111112,0,151,0
0_95,224.18857464392204,0.0955213355960468,180.6126540101829,41.586144550237805,0.0177188515339743,2.008350644726306,180.59407944895796,43.59449519496411,0.0185745612249527,181.2947331100004,0.3163956947818506,180.5953022302163,0.7006536610424519,0.0012227812583637,0.0182760296267241,0.2359903698088601,2920,573,2347,0.2441414571793779,0,2387,0
0_96,189.7767561207293,0.5406745188624765,180.67922240927413,8.757062784512527,0.024948896821973,0.3664638804038986,180.65322945581283,9.123526664916426,0.0259929534613003,183.42224419873676,0.0910736068514085,180.654604339002,2.7690147429239005,0.0013748831891379,0.0181040225697792,0.6247289521852508,2365,2014,351,5.737891737891738,0,494,0
0_97,213.52488492813427,0.131480840472989,183.06589790018737,29.29207260999829,0.0180369905233979,1.185681507922709,183.04713081021328,30.477754117920995,0.0187670899740892,183.35270800313447,0.7334108320125379,183.04835311898492,0.3055771929211914,0.0012223087716847,0.0185789266779555,0.3586245526093989,1874,250,1624,0.1539408866995074,0,1641,0
0_98,185.51583648251835,2.2085218628871237,183.27388267217404,2.18488613399677,0.0260105492142472,0.0840791680384427,183.24687118048317,2.2689653020352125,0.0270114916908953,183.98329800041392,0.3614603104133869,183.24831799152423,0.7364268199307844,0.0014468110411213,0.0182445057393384,0.0891043517040088,593,509,84,6.059523809523809,0,124,0
0_99,189.43109205714427,1.9134453743145885,183.43405146392607,5.791327672777697,0.0584982593209868,0.2669072122080251,183.37285717215852,6.058234884985723,0.0611942917675325,187.61905515007675,0.0635350677785563,183.3742950990051,4.2461979779182,0.0014379268465689,0.0183034031016921,0.5924232923425734,3052,2953,99,29.828282828282827,0,332,0
