request_id,request_e2e_time,request_e2e_time_normalized,request_execution_time,request_execution_time_normalized,request_model_execution_time,request_model_execution_time_normalized,request_preemption_time,request_scheduling_delay,request_execution_plus_preemption_time,request_execution_plus_preemption_time_normalized,prefill_e2e_time,prefill_time_execution_plus_preemption,prefill_time_execution_plus_preemption_normalized,decode_time_execution_plus_preemption_normalized,request_inter_arrival_delay,request_num_tokens,request_num_prefill_tokens,request_num_decode_tokens,request_pd_ratio,request_num_restarts
0,1.74106087156582,0.0322418679919596,1.74106087156582,0.0322418679919596,1.74106087156582,0.0322418679919596,0.0,0.0,1.74106087156582,0.0322418679919596,0.1924292150939394,0.1924292150939394,5.10151683706096e-05,0.0286783640087385,,3826.0,3772.0,54.0,69.85185185185185,0
1,5.803324788502117,0.0372007999262956,5.636406028501719,0.036130807875011,5.636406028501719,0.036130807875011,0.0,0.1669187600003969,5.636406028501719,0.036130807875011,0.2899404128441091,0.1230216528437121,6.10529294509738e-05,0.0353422075362692,0.0,2171.0,2015.0,156.0,12.916666666666666,0
2,5.128469367546239,0.0385599200567386,4.863792677891672,0.036569869758584,4.863792677891672,0.036569869758584,0.0,0.2646766896545667,4.863792677891672,0.036569869758584,0.481523411138906,0.2168467214843393,5.620702993373232e-05,0.0349394432812581,0.0,3991.0,3858.0,133.0,29.00751879699248,0
3,3.14127736146986,0.0397630045755678,2.691108759984496,0.034064667847905,2.691108759984496,0.034064667847905,0.0,0.4501686014853636,2.691108759984496,0.034064667847905,0.611535058584218,0.1613664570988543,6.431504866435007e-05,0.0320220544669068,0.0,2588.0,2509.0,79.0,31.75949367088608,0
4,8.104845204198776,0.0428827788581945,7.521983897156102,0.0397988565987095,7.521983897156102,0.0397988565987095,0.0,0.5828613070426756,7.521983897156102,0.0397988565987095,0.8110953122806148,0.2282340052379392,7.202082841209822e-05,0.0385912692694082,0.0,3358.0,3169.0,189.0,16.767195767195766,0
5,2.3331249278341173,0.0542587192519562,1.554735580023045,0.0361566413958847,1.554735580023045,0.0361566413958847,0.0,0.7783893478110724,1.554735580023045,0.0361566413958847,0.9887048839938696,0.210315536182797,6.067961228586182e-05,0.0312655824148894,0.0,3509.0,3466.0,43.0,80.6046511627907,0
6,10.732132042685553,0.0464594460722318,9.776547881689226,0.0423227181025507,9.776547881689226,0.0423227181025507,0.0,0.9555841609963268,9.776547881689226,0.0423227181025507,1.195265435418266,0.2396812744219392,7.072330316374718e-05,0.0412851368279969,0.0,3620.0,3389.0,231.0,14.670995670995673,0
7,7.192050457154444,0.0476294732261883,6.027791274717719,0.0399191475146868,6.027791274717719,0.0399191475146868,0.0,1.164259182436724,6.027791274717719,0.0399191475146868,1.3537091602865112,0.1894499778497873,7.135592386056021e-05,0.0386645118997876,0.0,2806.0,2655.0,151.0,17.582781456953644,0
8,8.298916297404947,0.0488171546906173,6.979196234515978,0.0410540954971528,6.979196234515978,0.0410540954971528,0.0,1.319720062888969,6.979196234515978,0.0410540954971528,1.510547292915823,0.1908272300268541,8.95482074269611e-05,0.0399315823793477,0.0,2301.0,2131.0,170.0,12.53529411764706,0
9,5.514723328648921,0.0546012210757318,4.038344377034638,0.0399836076934122,4.038344377034638,0.0399836076934122,0.0,1.476378951614281,4.038344377034638,0.0399836076934122,1.7117129184146775,0.2353339668003968,6.835142805704236e-05,0.0376535684181608,0.0,3544.0,3443.0,101.0,34.08910891089109,0
10,22.1524052960547,0.051397692102215,20.477699123767163,0.0475120629321743,20.477699123767163,0.0475120629321743,0.0,1.6747061722875352,20.477699123767163,0.0475120629321743,1.9419867277846743,0.2672805554971393,8.420937476280383e-05,0.046891922432181,0.0,3605.0,3174.0,431.0,7.364269141531323,0
11,6.405186742265196,0.058228970384229,4.499833167391662,0.0409075742490151,4.499833167391662,0.0409075742490151,0.0,1.905353574873532,4.499833167391662,0.0409075742490151,2.108043604372387,0.2026900294988551,7.20291504971056e-05,0.0390649376172073,0.0,2924.0,2814.0,110.0,25.581818181818186,0
12,14.201848036331771,0.0531904420836396,12.129479875532931,0.045428763578775,12.129479875532931,0.045428763578775,0.0,2.0723681607988444,12.129479875532931,0.045428763578775,2.235745624820157,0.1633774640213126,8.509242917776698e-05,0.0448168629644629,0.0,2187.0,1920.0,267.0,7.191011235955056,0
13,6.270474393944569,0.0639844325912711,4.067956686809953,0.0415097621103056,4.067956686809953,0.0415097621103056,0.0,2.2025177071346147,4.067956686809953,0.0415097621103056,2.4027463742132023,0.2002286670785875,7.53589262621707e-05,0.0394666124462384,0.0,2755.0,2657.0,98.0,27.112244897959183,0
14,8.15192695970832,0.0612926839075813,5.78473461479666,0.043494245224035,5.78473461479666,0.043494245224035,0.0,2.36719234491166,5.78473461479666,0.043494245224035,2.6421421926583992,0.2749498477467393,8.820976828576816e-05,0.0414269531357136,0.0,3250.0,3117.0,133.0,23.43609022556391,0
15,10.783122530355095,0.0595752625986469,8.179086414460638,0.0451883227318267,8.179086414460638,0.0451883227318267,0.0,2.604036115894457,8.179086414460638,0.0451883227318267,2.892643001257196,0.2886068853627392,7.851112224231209e-05,0.043593809553027,0.0,3857.0,3676.0,181.0,20.30939226519337,0
16,43.189828955166526,0.0537855902305934,40.33391675313088,0.0502290370524668,40.33391675313088,0.0502290370524668,0.0,2.855912202035654,40.33391675313088,0.0502290370524668,3.0723957024646418,0.2164835004289877,8.355210360053562e-05,0.0499594436521816,0.0,3394.0,2591.0,803.0,3.2266500622665006,0
17,7.825390913765523,0.0731344945211731,4.790059251674422,0.0447669088941534,4.790059251674422,0.0447669088941534,0.0,3.0353316620910995,4.790059251674422,0.0447669088941534,3.331774243721572,0.2964425816304725,9.183475267362842e-05,0.0419964174770462,0.0,3335.0,3228.0,107.0,30.16822429906542,0
18,11.435272981703797,0.0642431066387853,8.142014075891767,0.0457416521117515,8.142014075891767,0.0457416521117515,0.0,3.2932589058120296,8.142014075891767,0.0457416521117515,3.4805006116797417,0.187241705867712,8.067285905545542e-05,0.0446897324158654,0.0,2499.0,2321.0,178.0,13.039325842696629,0
19,19.06981188430922,0.0599679619003434,15.628339889195033,0.0491457229219969,15.628339889195033,0.0491457229219969,0.0,3.4414719951141994,15.628339889195033,0.0491457229219969,3.794079183465338,0.3526071883511386,0.0001000304080428,0.0480368952856725,0.0,3843.0,3525.0,318.0,11.08490566037736,0
20,12.76735249336851,0.0675521295945423,9.017036288388718,0.0477091867110514,9.017036288388718,0.0477091867110514,0.0,3.750316204979796,9.017036288388718,0.0477091867110514,4.077108499872136,0.3267922948923401,9.052418141062052e-05,0.0459801269497162,0.0,3799.0,3610.0,189.0,19.1005291005291,0
21,5.560274909566463,0.1985812467702308,1.5245243364678696,0.0544472977309953,1.5245243364678696,0.0544472977309953,0.0,4.035750573098593,1.5245243364678696,0.0544472977309953,4.413411023097274,0.3776604499986815,9.60968066154406e-05,0.0409594245167567,0.0,3958.0,3930.0,28.0,140.35714285714286,0
22,8.97147115160877,0.0862641456885458,4.600892748597038,0.0442393533518945,4.600892748597038,0.0442393533518945,0.0,4.370578403011732,4.600892748597038,0.0442393533518945,4.452489880142816,0.0819114771310847,0.0001323287191132,0.0434517429948649,0.0,723.0,619.0,104.0,5.951923076923077,0
23,11.634921875889772,0.0770524627542369,7.221510852792502,0.0478245751840563,7.221510852792502,0.0478245751840563,0.0,4.413411023097274,7.221510852792502,0.0478245751840563,4.749055166206756,0.3356441431094819,9.55978761348567e-05,0.0456017662892915,0.0,3662.0,3511.0,151.0,23.251655629139076,0
24,20.097458648420076,0.0646220535318973,15.391806409690862,0.0494913389379127,15.391806409690862,0.0494913389379127,0.0,4.705652238729214,15.391806409690862,0.0494913389379127,4.916042742801269,0.2103905040720555,0.0001252324429,0.0488148421402533,0.0,1991.0,1680.0,311.0,5.401929260450161,0
25,14.561853020048895,0.0728092651002444,9.68931726021317,0.0484465863010658,9.68931726021317,0.0484465863010658,0.0,4.872535759835727,9.68931726021317,0.0484465863010658,5.087943039527439,0.2154072796917123,9.237018854704646e-05,0.0473695499026072,0.0,2532.0,2332.0,200.0,11.66,0
26,12.343513486604168,0.0817451224278421,7.300368874394274,0.0483468137377104,7.300368874394274,0.0483468137377104,0.0,5.043144612209897,7.300368874394274,0.0483468137377104,5.342500350533952,0.2993557383240546,0.0001122443713251,0.0463643254044385,0.0,2818.0,2667.0,151.0,17.662251655629138,0
27,14.561853020048895,0.07704684137592,9.26291647820849,0.0490101400963412,9.26291647820849,0.0490101400963412,0.0,5.298936541840409,9.26291647820849,0.0490101400963412,5.560274909566463,0.2613383677260534,9.4175988369749e-05,0.0476273974099599,0.0,2964.0,2775.0,189.0,14.682539682539682,0
28,9.151551171564194,0.1173275791226178,3.636827842915277,0.0466259979860932,3.636827842915277,0.0466259979860932,0.0,5.514723328648921,3.636827842915277,0.0466259979860932,5.722079159345889,0.2073558306969687,0.0001189649057354,0.0439675899002346,0.0,1821.0,1743.0,78.0,22.346153846153847,0
29,28.147473809366357,0.0628291826101927,22.467106465626017,0.0501497912179152,22.467106465626017,0.0501497912179152,0.0,5.680367343740347,22.467106465626017,0.0501497912179152,5.931213089334744,0.2508457455943969,9.997837608385688e-05,0.0495898676786419,0.0,2957.0,2509.0,448.0,5.600446428571429,0
30,13.069487905704086,0.0883073507142168,7.180939375270886,0.0485198606437222,7.180939375270886,0.0485198606437222,0.0,5.8885485304332015,7.180939375270886,0.0485198606437222,6.054506200851714,0.1659576704185124,0.0001183720901701,0.0473985250327863,0.0,1550.0,1402.0,148.0,9.472972972972974,0
31,11.585441673468232,0.1034414435131092,5.573031744350062,0.0497592120031255,5.573031744350062,0.0497592120031255,0.0,6.012409929118172,5.573031744350062,0.0497592120031255,6.364347016323653,0.3519370872054814,0.0001090263591095,0.046616916581648,0.0,3340.0,3228.0,112.0,28.821428571428573,0
32,24.8124889694199,0.0677936857087975,18.495720064509797,0.0505347542746169,18.495720064509797,0.0505347542746169,0.0,6.316768904910111,18.495720064509797,0.0505347542746169,6.626602439492908,0.3098335345827969,0.0001053855559805,0.049688214562642,0.0,3306.0,2940.0,366.0,8.032786885245901,0
33,13.58998822120332,0.0970713444371665,7.010473138563955,0.0500748081325996,7.010473138563955,0.0500748081325996,0.0,6.579515082639365,7.010473138563955,0.0500748081325996,6.84240353812862,0.2628884554892545,0.0001030935119565,0.0481970334505335,0.0,2690.0,2550.0,140.0,18.214285714285715,0
34,15.3545514717743,0.090320891010437,8.556172944579215,0.05033042908576,8.556172944579215,0.05033042908576,0.0,6.798378527195077,8.556172944579215,0.05033042908576,7.0613419319350745,0.2629634047399971,0.0001064198319465,0.048783585528466,0.0,2641.0,2471.0,170.0,14.53529411764706,0
35,14.508849425883357,0.0980327663911037,7.492200930929818,0.0506229792630393,7.492200930929818,0.0506229792630393,0.0,7.016648494953532,7.492200930929818,0.0506229792630393,7.281956328557529,0.2653078336039964,0.0001043697221101,0.048830358765715,0.0,2690.0,2542.0,148.0,17.175675675675677,0
36,19.23846077605385,0.0829243998967838,12.001102268221866,0.0517288890871632,12.001102268221866,0.0517288890871632,0.0,7.237358507831987,12.001102268221866,0.0517288890871632,7.602414490592669,0.3650559827606825,0.0001174946838624,0.0501553719200912,0.0,3339.0,3107.0,232.0,13.392241379310343,0
37,120.5735157467816,0.0565807206695361,113.02083623710658,0.0530365256861129,113.02083623710658,0.0530365256861129,0.0,7.5526795096751265,113.02083623710658,0.0530365256861129,7.690012038603753,0.1373325289286269,0.0001124754536679,0.0529720805763387,0.0,3352.0,1221.0,2131.0,0.5729704364148287,0
38,14.254886033761316,0.1113662971387602,6.609087913547103,0.0516334993245867,6.609087913547103,0.0516334993245867,0.0,7.645798120214211,6.609087913547103,0.0516334993245867,7.968906318854151,0.3231081986399395,0.000120069936321,0.0491092165227122,0.0,2819.0,2691.0,128.0,21.0234375,0
39,17.933751847794966,0.0929209940300257,10.01401651433835,0.0518860959292142,10.01401651433835,0.0518860959292142,0.0,7.919735333456608,10.01401651433835,0.0518860959292142,8.298916297404947,0.3791809639483388,9.90545882832651e-05,0.049921427722228,0.0,4021.0,3828.0,193.0,19.83419689119171,0
40,22.974487289417944,0.0806122361032208,14.725901362690545,0.0516698293427738,14.725901362690545,0.0516698293427738,0.0,8.248585926727404,14.725901362690545,0.0516698293427738,8.612701130065002,0.3641152033375974,0.0001133962015999,0.0503922321380805,0.0,3496.0,3211.0,285.0,11.266666666666667,0
41,24.31942436727152,0.0784497560234565,15.752827605516057,0.0508155729210195,15.752827605516057,0.0508155729210195,0.0,8.56659676175546,15.752827605516057,0.0508155729210195,8.69932744748043,0.1327306857249706,0.0001328635492742,0.0503874094186809,0.0,1309.0,999.0,310.0,3.2225806451612904,0
42,21.13880200305806,0.0877128713819836,12.483549088815172,0.0517989588747517,12.483549088815172,0.0517989588747517,0.0,8.655252914242887,12.483549088815172,0.0517989588747517,8.927150082816484,0.2718971685735969,0.0001178574636209,0.0506707548557741,0.0,2548.0,2307.0,241.0,9.572614107883815,0
43,14.960066345411636,0.1267802232662003,6.079561540664687,0.0515217079717346,6.079561540664687,0.0515217079717346,0.0,8.880504804746941,6.079561540664687,0.0515217079717346,9.063524674467851,0.183019869720912,0.0001086171333655,0.0499706921266422,0.0,1803.0,1685.0,118.0,14.279661016949152,0
44,16.301660392697283,0.1181279738601252,7.284596691850961,0.0527869325496446,7.284596691850961,0.0527869325496446,0.0,9.017063700846313,7.284596691850961,0.0527869325496446,9.391107463927906,0.3740437630815947,0.000121049761515,0.0500764704983288,0.0,3228.0,3090.0,138.0,22.39130434782609,0
45,18.48607661394319,0.1062418196203631,9.142937813364815,0.0525456196170391,9.142937813364815,0.0525456196170391,0.0,9.343138800578364,9.142937813364815,0.0525456196170391,9.628448668592418,0.2853098680140533,0.0001215118688305,0.0509059077319009,0.0,2522.0,2348.0,174.0,13.494252873563218,0
46,14.863433976536552,0.1532312781086242,5.284729842461667,0.054481750953213,5.284729842461667,0.054481750953213,0.0,9.578704134074876,5.284729842461667,0.054481750953213,9.972635225383216,0.3939310913083389,0.0001128095908672,0.0504206056819931,0.0,3589.0,3492.0,97.0,36.0,0
47,16.871773227162063,0.1297828709781697,6.949127185960375,0.0534548245073875,6.949127185960375,0.0534548245073875,0.0,9.922646041201672,6.949127185960375,0.0534548245073875,10.329761536374088,0.4071154951724161,0.0001137829779688,0.0503231668522151,0.0,3708.0,3578.0,130.0,27.523076923076925,0
48,19.493961554479885,0.1126818586964155,9.218722814383332,0.0532874151120423,9.218722814383332,0.0532874151120423,0.0,10.275238740096546,9.218722814383332,0.0532874151120423,10.632104154533668,0.3568654144371219,0.0001370977389308,0.051224609248244,0.0,2776.0,2603.0,173.0,15.046242774566474,0
49,24.31942436727152,0.0921190316942103,13.739118182647388,0.0520421143282098,13.739118182647388,0.0520421143282098,0.0,10.580306184624126,13.739118182647388,0.0520421143282098,10.937743045651724,0.3574368610275975,0.0001124368861363,0.0506881868243174,0.0,3443.0,3179.0,264.0,12.041666666666666,0
50,18.70029257564917,0.12721287466428,7.81544258605098,0.0531662760955849,7.81544258605098,0.0531662760955849,0.0,10.88484998959818,7.81544258605098,0.0531662760955849,11.18463993735776,0.2997899477595798,0.0001253302457188,0.0511268886958599,0.0,2539.0,2392.0,147.0,16.272108843537413,0
51,19.493961554479885,0.1249612920158967,8.36181836789566,0.0536013997942029,8.36181836789566,0.0536013997942029,0.0,11.132143186584218,8.36181836789566,0.0536013997942029,11.486983455805335,0.3548402692211194,0.0001268645939296,0.0513267826838112,0.0,2953.0,2797.0,156.0,17.92948717948718,0
52,14.30823053371886,0.2920047047697726,2.8729575520150594,0.0586317867758175,2.8729575520150594,0.0586317867758175,0.0,11.435272981703797,2.8729575520150594,0.0586317867758175,11.838885822791942,0.4036128410881474,0.0001281717501073,0.0503947900189166,0.0,3198.0,3149.0,49.0,64.26530612244898,0
53,14.76760834459739,0.2839924681653344,2.9795043484829824,0.0572981605477496,2.9795043484829824,0.0572981605477496,0.0,11.7881039961144,2.9795043484829824,0.0572981605477496,12.141570711861998,0.353466715747599,0.000124197721626,0.0505007237064498,0.0,2898.0,2846.0,52.0,54.73076923076923,0
54,19.29528648919539,0.1472922632763006,7.20517785885893,0.0550013577012132,7.20517785885893,0.0550013577012132,0.0,12.090108630336456,7.20517785885893,0.0550013577012132,12.56199905270634,0.4718904223698832,0.0001248717709367,0.0513991407365576,0.0,3910.0,3779.0,131.0,28.84732824427481,0
55,22.252465823713784,0.120937314259314,9.746480009652988,0.0529700000524618,9.746480009652988,0.0529700000524618,0.0,12.505985814060796,9.746480009652988,0.0529700000524618,12.871567814179596,0.365582000118799,0.0001159841370935,0.050983141356164,0.0,3336.0,3152.0,184.0,17.130434782608695,0
56,158.51329634377996,0.0535879974116903,145.6929285678616,0.0492538636132054,145.6929285678616,0.0492538636132054,0.0,12.820367775918053,145.6929285678616,0.0492538636132054,12.871567814179596,0.0512000382615429,0.0006736847139676,0.049236554607708,0.0,3034.0,76.0,2958.0,0.0256930358350236,0
57,19.29528648919539,0.1621452646150873,6.474918713277333,0.0544110816241792,6.474918713277333,0.0544110816241792,0.0,12.820367775918053,6.474918713277333,0.0544110816241792,13.174339956307172,0.3539721803891194,0.0001250785089714,0.0514365254864556,0.0,2949.0,2830.0,119.0,23.781512605042018,0
58,28.805343408821876,0.0953819318172909,15.682864569432224,0.0519300151305702,15.682864569432224,0.0519300151305702,0.0,13.122478839389627,15.682864569432224,0.0519300151305702,13.540331175517778,0.4178523361281492,0.000136419306604,0.0505463981235234,0.0,3365.0,3063.0,302.0,10.142384105960264,0
59,38.62155951199602,0.0804615823166583,25.137306266003808,0.0523693880541746,25.137306266003808,0.0523693880541746,0.0,13.484253245992235,25.137306266003808,0.0523693880541746,13.743934357811948,0.2596811118197131,0.0001215166643985,0.0518283857378834,0.0,2617.0,2137.0,480.0,4.452083333333333,0
60,22.82591129098532,0.1296926777896893,9.133491126506913,0.051894835946062,9.133491126506913,0.051894835946062,0.0,13.692420164478406,9.133491126506913,0.051894835946062,13.894968520360386,0.20254835588198,0.000138069772244,0.0507439930149143,0.0,1643.0,1467.0,176.0,8.335227272727273,0
61,20.725896413580585,0.1582129497219891,6.88205068143373,0.0525347380262116,6.88205068143373,0.0525347380262116,0.0,13.843845732146844,6.88205068143373,0.0525347380262116,14.048463833564822,0.2046181014179779,0.0001380688943441,0.0509727677863798,0.0,1613.0,1482.0,131.0,11.312977099236642,0
62,25.05907292335161,0.1176482296870967,11.06286497214432,0.0519383332025554,11.06286497214432,0.0519383332025554,0.0,13.99620795120728,11.06286497214432,0.0519383332025554,14.30823053371886,0.3120225825115792,0.000130280827771,0.05047343844898,0.0,2608.0,2395.0,213.0,11.244131455399062,0
63,19.74594278280367,0.2014892120694252,5.491056749042352,0.0560311913167587,5.491056749042352,0.0560311913167587,0.0,14.254886033761316,5.491056749042352,0.0560311913167587,14.720241692337524,0.4653556585762075,0.0001225910586344,0.05128266418843,0.0,3894.0,3796.0,98.0,38.734693877551024,0
64,26.20238150709708,0.1159397411818454,11.533795330717089,0.0510344926137924,11.533795330717089,0.0510344926137924,0.0,14.668586176379982,11.533795330717089,0.0510344926137924,14.815835660746933,0.1472494843669505,0.0001863917523632,0.0503829462227882,0.0,1016.0,790.0,226.0,3.495575221238938,0
65,20.05008131910573,0.204592666521487,5.282472974508337,0.0539027854541667,5.282472974508337,0.0539027854541667,0.0,14.76760834459739,5.282472974508337,0.0539027854541667,15.009231664569178,0.2416233199717883,0.0001134914607664,0.0514372413728219,0.0,2227.0,2129.0,98.0,21.72448979591837,0
66,21.08433975686052,0.1882530335433974,6.124273411448884,0.0546810126022221,6.124273411448884,0.0546810126022221,0.0,14.960066345411636,6.124273411448884,0.0546810126022221,15.3545514717743,0.3944851263626621,0.0001202698555983,0.0511588239739841,0.0,3392.0,3280.0,112.0,29.285714285714285,0
67,24.662176219371272,0.1393343289230015,9.358600359938512,0.0528734483612345,9.358600359938512,0.0528734483612345,0.0,15.303575859432756,9.358600359938512,0.0528734483612345,15.705892067688906,0.4023162082561491,0.000114783511628,0.0506004754332337,0.0,3682.0,3505.0,177.0,19.80225988700565,0
68,24.662176219371272,0.1409267212535501,9.01057758725591,0.0514890147843194,9.01057758725591,0.0514890147843194,0.0,15.651598632115364,9.01057758725591,0.0514890147843194,15.800459631458311,0.1488609993429506,0.000192575678322,0.0506383805023597,0.0,948.0,773.0,175.0,4.417142857142857,0
69,19.79939601959321,0.2749916113832391,4.046913479100443,0.0562071316541728,4.046913479100443,0.0562071316541728,0.0,15.752482540492773,4.046913479100443,0.0562071316541728,16.05336970032717,0.3008871598343994,0.0001193523045753,0.0520281433231394,0.0,2593.0,2521.0,72.0,35.013888888888886,0
70,27.433546538470623,0.1241336947442109,11.433073794420991,0.0517333655856153,11.433073794420991,0.0517333655856153,0.0,16.000472744049627,11.433073794420991,0.0517333655856153,16.252839893099665,0.2523671490500376,0.0001528571466081,0.0505914327844839,0.0,1872.0,1651.0,221.0,7.470588235294118,0
71,21.64801496927181,0.216480149692718,5.44635870419369,0.0544635870419369,5.44635870419369,0.0544635870419369,0.0,16.20165626507812,5.44635870419369,0.0544635870419369,16.505731672335454,0.3040754072573328,0.0001205213663326,0.0514228329693635,0.0,2623.0,2523.0,100.0,25.23,0
72,22.77788272664377,0.1980685454490763,6.323518224217875,0.0549871149931989,6.323518224217875,0.0549871149931989,0.0,16.45436450242591,6.323518224217875,0.0549871149931989,16.924953935695605,0.4705894332696942,0.000128260952104,0.0508950329647666,0.0,3784.0,3669.0,115.0,31.904347826086955,0
73,25.644742497740104,0.1490973401031401,8.77296927057805,0.0510056352940584,8.77296927057805,0.0510056352940584,0.0,16.871773227162063,8.77296927057805,0.0510056352940584,16.97374030466008,0.101967077498017,0.0002621261632339,0.0504128034481396,0.0,561.0,389.0,172.0,2.261627906976744,0
74,27.690229106144663,0.1350742883226569,10.765275170449058,0.0525135374168246,10.765275170449058,0.0525135374168246,0.0,16.924953935695605,10.765275170449058,0.0525135374168246,17.346163375114877,0.4212094394192718,0.0001139019576579,0.0504588572245355,0.0,3903.0,3698.0,205.0,18.039024390243902,0
75,22.20251811575624,0.2523013422245027,4.913268971670914,0.0558326019508058,4.913268971670914,0.0558326019508058,0.0,17.289249144085336,4.913268971670914,0.0558326019508058,17.718973935023996,0.4297247909386605,0.0001423872733395,0.0509493656901391,0.0,3106.0,3018.0,88.0,34.29545454545455,0
76,41.61325655944144,0.0916591554172718,23.94875224175103,0.0527505555985705,23.94875224175103,0.0527505555985705,0.0,17.664504317690454,23.94875224175103,0.0527505555985705,18.04407398409405,0.3795696664035972,0.000134456134043,0.0519144990646418,0.0,3277.0,2823.0,454.0,6.21806167400881,0
77,32.51898997453276,0.1178224274439592,14.529503577884237,0.0526431289053776,14.529503577884237,0.0526431289053776,0.0,17.98948639664851,14.529503577884237,0.0526431289053776,18.43358064332965,0.4440942466811393,0.000137789092982,0.0510340917797214,0.0,3499.0,3223.0,276.0,11.67753623188406,0
78,40.33000788585611,0.096714647208288,21.955767021332043,0.0526517194756164,21.955767021332043,0.0526517194756164,0.0,18.374240864524104,21.955767021332043,0.0526517194756164,18.64839732751182,0.2741564629877153,0.0001247299649625,0.051994269924087,0.0,2615.0,2198.0,417.0,5.270983213429257,0
79,27.138192541086973,0.1634830875969094,8.544121248444688,0.0514706099303896,8.544121248444688,0.0514706099303896,0.0,18.59407129264228,8.544121248444688,0.0514706099303896,18.8600480190738,0.2659767264315213,0.0001542788436377,0.0498683404940552,0.0,1890.0,1724.0,166.0,10.385542168674698,0
80,29.331758276795615,0.1410180686384404,10.525514077487356,0.050603433064843,10.525514077487356,0.050603433064843,0.0,18.806244199308257,10.525514077487356,0.050603433064843,18.912419941510272,0.1061757422020157,0.0001534331534711,0.0500929727657949,0.0,900.0,692.0,208.0,3.326923076923077,0
81,21.744672111697216,0.4348934422339443,2.884624092623425,0.0576924818524684,2.884624092623425,0.0576924818524684,0.0,18.8600480190738,2.884624092623425,0.0576924818524684,19.29528648919539,0.4352384701215932,0.0001297669857249,0.0489877124500365,0.0,3404.0,3354.0,50.0,67.08,0
82,114.88609894448857,0.0640747902646338,95.64763816843468,0.0533450296533377,95.64763816843468,0.0533450296533377,0.0,19.23846077605385,95.64763816843468,0.0533450296533377,19.493961554479885,0.2555007784260361,0.0001586961356683,0.0532025306135017,0.0,3403.0,1610.0,1793.0,0.8979364194088121,0
83,24.17319093727257,0.2778527693939375,4.730100477950225,0.0543689710109221,4.730100477950225,0.0543689710109221,0.0,19.44309045932234,4.730100477950225,0.0543689710109221,19.9049573939723,0.461866934649958,0.0001224137118075,0.049060155670118,0.0,3860.0,3773.0,87.0,43.367816091954026,0
84,25.251003766684104,0.2382170166668311,5.397457247773343,0.0509194079978617,5.397457247773343,0.0509194079978617,0.0,19.85354651891076,5.397457247773343,0.0509194079978617,20.05008131910573,0.1965348001949713,0.000138697812417,0.0490653061092299,0.0,1523.0,1417.0,106.0,13.367924528301886,0
85,32.85061856389081,0.1324621716285919,12.849692189926612,0.0518132749593815,12.849692189926612,0.0518132749593815,0.0,20.000926373964187,12.849692189926612,0.0518132749593815,20.19462626913516,0.1936998951709689,0.0001088813351157,0.0510322269949824,0.0,2027.0,1779.0,248.0,7.173387096774194,0
86,27.08704125284143,0.1991694209767752,6.941598422415807,0.0510411648707044,6.941598422415807,0.0510411648707044,0.0,20.145442830425612,6.941598422415807,0.0510411648707044,20.336581688414107,0.1911388579884914,0.00014458309984,0.0496357320913773,0.0,1458.0,1322.0,136.0,9.720588235294118,0
87,39.095375620661976,0.1098184708445561,18.80720450042945,0.0528292261248018,18.80720450042945,0.0528292261248018,0.0,20.288171120232565,18.80720450042945,0.0528292261248018,20.579022021656144,0.2908509014235783,0.0001250971619026,0.0520122292106905,0.0,2681.0,2325.0,356.0,6.530898876404494,0
88,26.357878213305703,0.2332555594097849,5.828542141143092,0.0515800189481689,5.828542141143092,0.0515800189481689,0.0,20.5293360721626,5.828542141143092,0.0515800189481689,20.775829439618125,0.2464933674555247,0.0001336731927632,0.0493986617140493,0.0,1957.0,1844.0,113.0,16.31858407079646,0
89,37.044546013476456,0.1218570592548567,16.318649599895917,0.0536797684207102,16.318649599895917,0.0536797684207102,0.0,20.725896413580585,16.318649599895917,0.0536797684207102,21.1937052015116,0.4678087879310197,0.0001310388761711,0.0521409237235686,0.0,3874.0,3570.0,304.0,11.74342105263158,0
90,35.79209341025154,0.1301530669463692,14.65329140719351,0.0532846960261582,14.65329140719351,0.0532846960261582,0.0,21.13880200305806,14.65329140719351,0.0532846960261582,21.501671381544856,0.3628693784867955,0.0001120658982355,0.0519651710134788,0.0,3513.0,3238.0,275.0,11.774545454545455,0
91,32.24433119838817,0.1550208230691739,10.797023638080836,0.0519087674907732,10.797023638080836,0.0519087674907732,0.0,21.447307560307312,10.797023638080836,0.0519087674907732,21.64801496927181,0.2007074089644938,0.000147470542957,0.0509438280245978,0.0,1569.0,1361.0,208.0,6.543269230769231,0
92,27.08704125284143,0.2655592279690336,5.489014719335155,0.0538138697974034,5.489014719335155,0.0538138697974034,0.0,21.598026533506264,5.489014719335155,0.0538138697974034,22.05414672750647,0.4561201940002064,0.000124657063132,0.0493421031895584,0.0,3761.0,3659.0,102.0,35.872549019607845,0
93,31.084659510634747,0.1786474684519238,9.082207130637808,0.0521965927048149,9.082207130637808,0.0521965927048149,0.0,22.002452379996928,9.082207130637808,0.0521965927048149,22.301106567319327,0.2986541873223984,0.0001235128979827,0.0504801893293989,0.0,2592.0,2418.0,174.0,13.89655172413793,0
94,26.830793663625908,0.2981199295958434,4.578327839912114,0.0508703093323568,4.578327839912114,0.0508703093323568,0.0,22.252465823713784,4.578327839912114,0.0508703093323568,22.394784714619558,0.14231889090577,0.0001533608738208,0.0492889883222928,0.0,1018.0,928.0,90.0,10.311111111111112,0
95,147.37408142730266,0.0627925357593961,125.0267282510404,0.0532708684495272,125.0267282510404,0.0532708684495272,0.0,22.34735317626201,125.0267282510404,0.0532708684495272,22.44130428070083,0.093951104438819,0.000163963533052,0.0532308381536437,0.0,2920.0,573.0,2347.0,0.2441414571793779,0
96,40.96295797256878,0.1167035839674324,18.568173257949265,0.0529007785126759,18.568173257949265,0.0529007785126759,0.0,22.394784714619558,18.568173257949265,0.0529007785126759,22.634858775590807,0.2400740609712528,0.0001192026122002,0.052216806828997,0.0,2365.0,2014.0,351.0,5.737891737891738,0
97,109.26735367647858,0.0672828532490631,86.68282793146922,0.0533761255735647,86.68282793146922,0.0533761255735647,0.0,22.584525745009262,86.68282793146922,0.0533761255735647,22.68259199031848,0.0980662453092158,0.0003922649812368,0.053315739954532,0.0,1874.0,250.0,1624.0,0.1539408866995074,0
98,26.87928121217926,0.319991443002134,4.244422436588441,0.0505288385308147,4.244422436588441,0.0505288385308147,0.0,22.634858775590807,4.244422436588441,0.0505288385308147,22.73055173037309,0.0956929547822831,0.0001880018758001,0.0493896366881687,0.0,593.0,509.0,84.0,6.059523809523809,0
99,27.95045304030037,0.2823278084878826,5.267861049981879,0.0532107176765846,5.267861049981879,0.0532107176765846,0.0,22.68259199031848,5.267861049981879,0.0532107176765846,23.022814857663487,0.3402228673450054,0.0001152126201642,0.0497741230569382,0.0,3052.0,2953.0,99.0,29.828282828282827,0
100,39.85163300390224,0.1273215111945758,16.87714571448431,0.0539205933370105,16.87714571448431,0.0539205933370105,0.0,22.974487289417944,16.87714571448431,0.0539205933370105,23.418650699439485,0.4441634100215417,0.0001269038314347,0.0525015409088266,0.0,3813.0,3500.0,313.0,11.182108626198085,0
101,30.22358447718912,0.2324891113629932,6.85592389534982,0.0527378761180755,6.85592389534982,0.0527378761180755,0.0,23.36766058183928,6.85592389534982,0.0527378761180755,23.66542574084,0.297765159000722,0.0001280710361293,0.0504473748949932,0.0,2455.0,2325.0,130.0,17.884615384615383,0
102,41.56293291919589,0.1240684564752116,17.94913628170547,0.053579511288673,17.94913628170547,0.053579511288673,0.0,23.613796637490456,17.94913628170547,0.053579511288673,24.0226745143988,0.4088778769083419,0.0001174598899478,0.0523589803128271,0.0,3816.0,3481.0,335.0,10.391044776119402,0
103,29.908260478704054,0.2646748714929562,5.937293861126782,0.0525424235497945,5.937293861126782,0.0525424235497945,0.0,23.97096661757725,5.937293861126782,0.0525424235497945,24.22405613303811,0.2530895154608572,0.0001225021856054,0.0503026933244774,0.0,2179.0,2066.0,113.0,18.283185840707965,0
104,34.497227175203534,0.1778207586350697,10.324036237930956,0.0532166816388193,10.324036237930956,0.0532166816388193,0.0,24.17319093727257,10.324036237930956,0.0532166816388193,24.31942436727152,0.1462334299989507,0.0001794275214711,0.0524629010718145,0.0,1009.0,815.0,194.0,4.201030927835052,0
105,26.725040195102824,0.6073872771614278,2.4539936677248377,0.0557725833573826,2.4539936677248377,0.0557725833573826,0.0,24.271046527377976,2.4539936677248377,0.0557725833573826,24.565059103367044,0.2940125759890684,0.0001267295586159,0.0490904793576313,0.0,2364.0,2320.0,44.0,52.72727272727273,0
106,30.65136147033441,0.2688715918450386,6.136492736300894,0.0538288836517622,6.136492736300894,0.0538288836517622,0.0,24.514868734033502,6.136492736300894,0.0538288836517622,24.86369116339344,0.348822429359938,0.0001335972536805,0.0507690377801839,0.0,2725.0,2611.0,114.0,22.903508771929825,0
107,34.388418950688376,0.1953887440380021,9.575929981268468,0.054408693075389,9.575929981268468,0.054408693075389,0.0,24.8124889694199,9.575929981268468,0.054408693075389,25.109748895821152,0.297259926401253,0.0001079375186642,0.0527197162208364,0.0,2930.0,2754.0,176.0,15.647727272727272,0
108,36.566166762727455,0.173299368543732,11.507093839375882,0.0545359897600752,11.507093839375882,0.0545359897600752,0.0,25.05907292335161,11.507093839375882,0.0545359897600752,25.350484130204524,0.2914112068529135,0.0001233747700478,0.0531548939929996,0.0,2573.0,2362.0,211.0,11.19431279620853,0
109,39.794704472392695,0.1496041521518522,14.494464137548407,0.0544904666825128,14.494464137548407,0.0544904666825128,0.0,25.300240334844315,14.494464137548407,0.0544904666825128,25.698777569857647,0.3985372350133325,0.0001384771490664,0.0529922064005076,0.0,3144.0,2878.0,266.0,10.819548872180452,0
110,30.32525826554001,0.34856618696023,4.680515767799898,0.0537990318137919,4.680515767799898,0.0537990318137919,0.0,25.644742497740104,4.680515767799898,0.0537990318137919,25.89878093103182,0.2540384332917149,0.0001327264541753,0.0508790498219332,0.0,2001.0,1914.0,87.0,22.0,0
111,34.036070563679125,0.2284300037830813,8.189028974652842,0.0549599260043814,8.189028974652842,0.0549599260043814,0.0,25.84704158902628,8.189028974652842,0.0549599260043814,26.15374831907553,0.3067067300492567,0.0001301811248086,0.0529014915745207,0.0,2505.0,2356.0,149.0,15.812080536912752,0
112,110.2067237754126,0.0701060583813057,84.10641550695058,0.0535028088466606,84.10641550695058,0.0535028088466606,0.0,26.10030826846199,84.10641550695058,0.0535028088466606,26.15374831907553,0.0534400506135419,0.0048581864194129,0.0534688139035223,0.0,1583.0,11.0,1572.0,0.0069974554707379,0
113,33.81633375670016,0.2450458967876823,7.716025488238162,0.0559132281756388,7.716025488238162,0.0559132281756388,0.0,26.10030826846199,7.716025488238162,0.0559132281756388,26.522304119642328,0.4219958511803376,0.0001156469857989,0.0528552872250567,0.0,3787.0,3649.0,138.0,26.44202898550725,0
114,36.12498627314712,0.2076148636387765,9.658493246678375,0.0555085818774619,9.658493246678375,0.0555085818774619,0.0,26.466493026468783,9.658493246678375,0.0555085818774619,26.830793663625908,0.3643006371571218,0.0001331995017027,0.0534149000547195,0.0,2909.0,2735.0,174.0,15.718390804597702,0
115,47.75490807138953,0.1196864863944599,20.976397408201247,0.052572424581958,20.976397408201247,0.052572424581958,0.0,26.778510663188367,20.976397408201247,0.052572424581958,27.138192541086973,0.3596818778986055,0.0001338102224325,0.0516709662413597,0.0,3087.0,2688.0,399.0,6.7368421052631575,0
116,30.81141610940704,0.4401630872772434,3.7243748565656025,0.0532053550937943,3.7243748565656025,0.0532053550937943,0.0,27.08704125284143,3.7243748565656025,0.0532053550937943,27.23493872361813,0.1478974707767015,0.0001237635738717,0.0510925340826986,0.0,1265.0,1195.0,70.0,17.071428571428573,0
117,47.02971892130579,0.1254125837901487,19.84376282359728,0.052916700862926,19.84376282359728,0.052916700862926,0.0,27.18595609770859,19.84376282359728,0.052916700862926,27.59369567597525,0.4077395782666642,0.0001224810989085,0.0518293953208814,0.0,3704.0,3329.0,375.0,8.877333333333333,0
118,34.90708970409033,0.2727116383132057,7.367965600456625,0.0575622312535673,7.367965600456625,0.0575622312535673,0.0,27.53912410363371,7.367965600456625,0.0575622312535673,28.002187478369915,0.4630633747362047,0.0001258666416787,0.0539445486384407,0.0,3807.0,3679.0,128.0,28.7421875,0
119,33.128223433387326,0.3640464113559047,5.177770393086947,0.0568985757482082,5.177770393086947,0.0568985757482082,0.0,27.95045304030037,5.177770393086947,0.0568985757482082,28.29974675762298,0.349293717322606,0.0001262355321006,0.0530601832501576,0.0,2858.0,2767.0,91.0,30.406593406593405,0
120,36.068807580165576,0.261368170870765,7.819434507332181,0.0566625688937114,7.819434507332181,0.0566625688937114,0.0,28.24937307283344,7.819434507332181,0.0566625688937114,28.60371779947338,0.3543447266399404,0.0001186686961285,0.0540948534832767,0.0,3124.0,2986.0,138.0,21.63768115942029,0
121,36.068807580165576,0.2774523660012736,7.518549096137784,0.0578349930472137,7.518549096137784,0.0578349930472137,0.0,28.55025848402784,7.518549096137784,0.0578349930472137,29.02199913230004,0.4717406482722026,0.0001223076609469,0.0542062188297349,0.0,3987.0,3857.0,130.0,29.66923076923077,0
122,36.99358790067412,0.2642399135762436,8.027567464043665,0.0573397676003119,8.027567464043665,0.0573397676003119,0.0,28.966020436630497,8.027567464043665,0.0573397676003119,29.38444163185716,0.4184211952266636,0.0001339376425181,0.0543510447772639,0.0,3264.0,3124.0,140.0,22.314285714285717,0
123,36.566166762727455,0.2856731778338082,7.234408485931882,0.0565188162963428,7.234408485931882,0.0565188162963428,0.0,29.331758276795615,7.234408485931882,0.0565188162963428,29.58953168083248,0.2577734040368575,0.0001269819724319,0.0545049615773045,0.0,2158.0,2030.0,128.0,15.859375,0
124,35.845702117167406,0.3319046492330315,6.309114522212519,0.0584177270575233,6.309114522212519,0.0584177270575233,0.0,29.53658759495493,6.309114522212519,0.0584177270575233,29.9618069359736,0.4252193410186677,0.0001320146976152,0.0544805109369796,0.0,3329.0,3221.0,108.0,29.824074074074076,0
125,39.62847647344807,0.2264484369911318,9.720215994744056,0.0555440913985374,9.720215994744056,0.0555440913985374,0.0,29.908260478704054,9.720215994744056,0.0555440913985374,30.22358447718912,0.3153239984850629,0.0001343519379996,0.0537422399786225,0.0,2522.0,2347.0,175.0,13.411428571428573,0
126,45.77046713280762,0.1567481751123548,15.600363493432113,0.0534259023747675,15.600363493432113,0.0534259023747675,0.0,30.17010363937558,15.600363493432113,0.0534259023747675,30.599774308175725,0.4296706688001457,0.0001339372408978,0.051954427481616,0.0,3500.0,3208.0,292.0,10.986301369863014,0
127,38.30761989439477,0.2816736756940792,7.762787262368624,0.0570793181056516,7.762787262368624,0.0570793181056516,0.0,30.544832632026186,7.762787262368624,0.0570793181056516,30.979823475455664,0.4349908434294818,0.0001403649059146,0.053880856021611,0.0,3235.0,3099.0,136.0,22.78676470588235,0
128,41.90078242752101,0.2053959922917696,10.978423431350944,0.0538158011340732,10.978423431350944,0.0538158011340732,0.0,30.92235899617012,10.978423431350944,0.0538158011340732,31.084659510634747,0.1623005144646256,0.0001369624594638,0.0530202103768934,0.0,1389.0,1185.0,204.0,5.8088235294117645,0
129,44.40503538624055,0.1790525620412925,13.37315773549941,0.0539240231270137,13.37315773549941,0.0539240231270137,0.0,31.031877650741205,13.37315773549941,0.0539240231270137,31.463310550554688,0.4314328998134833,0.0001325039618591,0.0521843743374429,0.0,3504.0,3256.0,248.0,13.129032258064516,0
130,37.24707143139943,0.3800721574632595,5.839024516034333,0.0595818828166768,5.839024516034333,0.0595818828166768,0.0,31.408046915365144,5.839024516034333,0.0595818828166768,31.912155987167104,0.5041090718019596,0.0001298246386304,0.0544379126962482,0.0,3981.0,3883.0,98.0,39.62244897959184,0
131,36.01155977006403,0.5219066633342614,4.1566126545025135,0.060240763108732,4.1566126545025135,0.060240763108732,0.0,31.85494711556156,4.1566126545025135,0.060240763108732,32.24433119838817,0.3893840828266057,0.0001460555449462,0.0545975155315342,0.0,2735.0,2666.0,69.0,38.63768115942029,0
132,37.50590629720315,0.4032893150236897,5.317963757236561,0.0571824059917909,5.317963757236561,0.0571824059917909,0.0,32.18794253996663,5.317963757236561,0.0571824059917909,32.46532492287114,0.2773823829045128,0.0001447715985931,0.054199799724,0.0,2009.0,1916.0,93.0,20.602150537634408,0
133,47.07722547143933,0.1687355751664492,14.667928018381811,0.0525732187038774,14.667928018381811,0.0525732187038774,0.0,32.4092974530576,14.667928018381811,0.0525732187038774,32.74154419855493,0.3322467454973292,0.0001446437725282,0.0513823701537075,0.0,2576.0,2297.0,279.0,8.232974910394265,0
134,37.14694044763154,0.4887755322056782,4.461560856746206,0.0587047481150816,4.461560856746206,0.0587047481150816,0.0,32.68537959088538,4.461560856746206,0.0587047481150816,33.01914906805144,0.333769477166058,0.0001404162714203,0.0543130444681592,0.0,2453.0,2377.0,76.0,31.276315789473685,0
135,37.34751874126652,0.5046961992063043,4.384497107444663,0.0592499609114143,4.384497107444663,0.0592499609114143,0.0,32.963021633821896,4.384497107444663,0.0592499609114143,33.357741475713496,0.3947198418916002,0.0001450109632224,0.0539159089939597,0.0,2796.0,2722.0,74.0,36.78378378378378,0
136,40.53112049880629,0.3166493788969241,7.232739647146378,0.056505778493331,7.232739647146378,0.056505778493331,0.0,33.29838085165996,7.232739647146378,0.056505778493331,33.76182720504829,0.4634463533883348,0.0001258339270671,0.0528851038574843,0.0,3811.0,3683.0,128.0,28.7734375,0
137,38.20688360974368,0.4716899211079467,4.50626182401297,0.0556328620248514,4.50626182401297,0.0556328620248514,0.0,33.700621785730746,4.50626182401297,0.0556328620248514,33.925532837063244,0.2249110513324979,0.0002033553809516,0.0528561823787708,0.0,1187.0,1106.0,81.0,13.65432098765432,0
138,39.95725010916132,0.376955189709069,6.086872947415667,0.0574233296926006,6.086872947415667,0.0574233296926006,0.0,33.8703771617457,6.086872947415667,0.0574233296926006,34.388418950688376,0.5180417889426749,0.0001361476449258,0.0525361430044616,0.0,3911.0,3805.0,106.0,35.89622641509434,0
139,40.627205900814175,0.3660108639712989,6.297261130531378,0.0567320822570394,6.297261130531378,0.0567320822570394,0.0,34.32994477028284,6.297261130531378,0.0567320822570394,34.85214377494879,0.522199004665957,0.0001447336487433,0.0520275867195079,0.0,3719.0,3608.0,111.0,32.5045045045045,0
140,40.57920840591263,0.3828227208104965,5.789159028265418,0.0546147078138247,5.789159028265418,0.0546147078138247,0.0,34.79004937764725,5.789159028265418,0.0546147078138247,35.07488241721095,0.2848330395637006,0.0001356993995062,0.0519276036669969,0.0,2205.0,2099.0,106.0,19.80188679245283,0
141,48.98130143672124,0.181412227543412,13.96245171274788,0.0517127841212884,13.96245171274788,0.0517127841212884,0.0,35.01884972397341,13.96245171274788,0.0517127841212884,35.47576107416781,0.4569113501944031,0.0001434572528082,0.0500205198613089,0.0,3455.0,3185.0,270.0,11.796296296296296,0
142,41.853328866251466,0.3839754941857932,6.061235455999934,0.0556076647339443,6.061235455999934,0.0556076647339443,0.0,35.79209341025154,6.061235455999934,0.0556076647339443,36.29819745621974,0.5061040459682005,0.0001333256180105,0.0509645083489149,0.0,3905.0,3796.0,109.0,34.825688073394495,0
143,41.71515925106852,0.4213652449602881,5.4753997787103215,0.0553070684718214,5.4753997787103215,0.0553070684718214,0.0,36.2397594723582,5.4753997787103215,0.0553070684718214,36.67718325185854,0.4374237795003424,0.0001287676713277,0.0508886464566665,0.0,3496.0,3397.0,99.0,34.313131313131315,0
144,39.95725010916132,0.6243320329556455,3.334352126412318,0.0520992519751924,3.334352126412318,0.0520992519751924,0.0,36.622897982749,3.334352126412318,0.0520992519751924,36.67718325185854,0.0542852691095419,0.0001696414659673,0.0512510446453559,0.0,384.0,320.0,64.0,5.0,0
145,48.24451241152343,0.2134712938562983,11.621614428774455,0.0514230726936922,11.621614428774455,0.0514230726936922,0.0,36.622897982749,11.621614428774455,0.0514230726936922,36.99358790067412,0.3706899179251195,0.0001453685952647,0.0497828518179173,0.0,2776.0,2550.0,226.0,11.283185840707963,0
146,42.3409289943197,0.4151071470031343,5.401520625155123,0.0529560845603443,5.401520625155123,0.0529560845603443,0.0,36.939408369164575,5.401520625155123,0.0529560845603443,37.19768816403709,0.2582797948725144,0.0001334779301666,0.050423929708653,0.0,2037.0,1935.0,102.0,18.97058823529412,0
147,47.02971892130579,0.2462288948759465,9.882778473674264,0.0517422956736872,9.882778473674264,0.0517422956736872,0.0,37.14694044763154,9.882778473674264,0.0517422956736872,37.50590629720315,0.3589658495716037,0.0001147589033157,0.0498628933199091,0.0,3319.0,3128.0,191.0,16.376963350785342,0
148,45.42627203224448,0.294975792417172,7.974332307702888,0.0517813786214473,7.974332307702888,0.0517813786214473,0.0,37.4519397245416,7.974332307702888,0.0517813786214473,37.75343028638119,0.3014905618395858,0.0001487373270052,0.049823647700411,0.0,2181.0,2027.0,154.0,13.162337662337665,0
149,43.4777412973581,0.3952521936123463,5.77626204027847,0.0525114730934406,5.77626204027847,0.0525114730934406,0.0,37.70147925707965,5.77626204027847,0.0525114730934406,37.95386659718736,0.2523873401077097,0.00012976212859,0.0502170427288249,0.0,2055.0,1945.0,110.0,17.681818181818183,0
150,43.28902817716161,0.4244022370309961,5.386193395003806,0.0528058175980765,5.386193395003806,0.0528058175980765,0.0,37.90283478215782,5.386193395003806,0.0528058175980765,38.15739649306233,0.2545617109045111,0.0001192885243226,0.0503101145499929,0.0,2236.0,2134.0,102.0,20.92156862745098,0
151,44.07323027944061,0.397056128643609,5.967534811583839,0.0537615748791336,5.967534811583839,0.0537615748791336,0.0,38.10569546785678,5.967534811583839,0.0537615748791336,38.521696461968936,0.4160009941121529,0.000136662613046,0.0500138181754204,0.0,3155.0,3044.0,111.0,27.423423423423426,0
152,46.776660455606006,0.2960548130101646,8.310337396826638,0.0525970721318141,8.310337396826638,0.0525970721318141,0.0,38.4663230587794,8.310337396826638,0.0525970721318141,38.94345957618928,0.4771365174098818,0.0001239637613431,0.049577220755802,0.0,4007.0,3849.0,158.0,24.360759493670887,0
153,178.99192956059892,0.0514344625174134,140.10177298939007,0.0402591301693649,140.10177298939007,0.0402591301693649,0.0,38.89015657120773,140.10177298939007,0.0402591301693649,38.99391287352282,0.1037563023150838,0.0001943001916012,0.0402293151399643,0.0,4014.0,534.0,3480.0,0.1534482758620689,0
154,43.82984367034089,0.4924701535993359,4.886384094151637,0.0549031920691195,4.886384094151637,0.0549031920691195,0.0,38.94345957618928,4.886384094151637,0.0549031920691195,39.420184186487226,0.4767246102979499,0.0001263851034724,0.0495467357736367,0.0,3861.0,3772.0,89.0,42.38202247191011,0
155,44.91844373568392,0.4046706642854407,5.552208157378241,0.0500198933097138,5.552208157378241,0.0500198933097138,0.0,39.36623557830568,5.552208157378241,0.0500198933097138,39.47109563642344,0.104860058117751,0.0002634674827079,0.0490752081014457,0.0,509.0,398.0,111.0,3.5855855855855854,0
156,48.05057948726279,0.2894613222124264,8.630395300775582,0.0519903331372023,8.630395300775582,0.0519903331372023,0.0,39.420184186487226,8.630395300775582,0.0519903331372023,39.907803603379776,0.4876194168925494,0.0001304841896956,0.0490528667703795,0.0,3903.0,3737.0,166.0,22.512048192771083,0
157,43.384525514467015,0.6886432621343971,3.532892510564792,0.0560776588978538,3.532892510564792,0.0560776588978538,0.0,39.85163300390224,3.532892510564792,0.0560776588978538,40.33000788585611,0.4783748819538758,0.000124609242499,0.0484844068033476,0.0,3902.0,3839.0,63.0,60.93650793650794,0
158,48.590200153508896,0.2944860615364175,8.316500964602348,0.0504030361491051,8.316500964602348,0.0504030361491051,0.0,40.27369918890657,8.316500964602348,0.0504030361491051,40.53112049880629,0.2574213098997191,0.0001285820728769,0.0488429069981976,0.0,2167.0,2002.0,165.0,12.133333333333333,0
159,51.5243122444052,0.2320914965964198,11.044338370740478,0.0497492719402724,11.044338370740478,0.0497492719402724,0.0,40.47997387366475,11.044338370740478,0.0497492719402724,40.627205900814175,0.1472320271494283,0.0001305248467636,0.0490860646107703,0.0,1350.0,1128.0,222.0,5.081081081081081,0
160,67.29095419900123,0.1324625082657504,26.71174579308864,0.0525821767580485,26.71174579308864,0.0525821767580485,0.0,40.57920840591263,26.71174579308864,0.0525821767580485,40.76775958054661,0.1885511746339787,0.000164243183479,0.0522110130284539,0.0,1656.0,1148.0,508.0,2.25984251968504,0
161,45.86580935036904,0.4632910035390811,5.145935510483975,0.0519791465705452,5.145935510483975,0.0519791465705452,0.0,40.71987383988507,5.145935510483975,0.0519791465705452,41.06384878963586,0.3439749497507947,0.0001166412172773,0.0485046521286178,0.0,3048.0,2949.0,99.0,29.78787878787879,0
162,57.04691066986681,0.1840222924834413,16.032674757596503,0.0517183056696661,16.032674757596503,0.0517183056696661,0.0,41.01423591227032,16.032674757596503,0.0517183056696661,41.41777495427946,0.403539042009136,0.0001125945987748,0.0504165668244753,0.0,3894.0,3584.0,310.0,11.561290322580644,0
163,52.611192849881135,0.2380596961533083,11.24477850717524,0.0508813507112001,11.24477850717524,0.0508813507112001,0.0,41.36641434270592,11.24477850717524,0.0508813507112001,41.71515925106852,0.3487449083626046,0.0001175412566102,0.0493033194516407,0.0,3188.0,2967.0,221.0,13.425339366515836,0
164,48.74306245802153,0.3584048710148642,7.079483547550566,0.0520550260849306,7.079483547550566,0.0520550260849306,0.0,41.66357891047098,7.079483547550566,0.0520550260849306,42.10056461621518,0.436985705744199,0.0001248887412815,0.0488418958956348,0.0,3635.0,3499.0,136.0,25.727941176470587,0
165,46.36595552039368,0.579574444004921,4.314654341288039,0.0539331792661004,4.314654341288039,0.0539331792661004,0.0,42.05130117910564,4.314654341288039,0.0539331792661004,42.49550341323232,0.4442022341266849,0.0001149889293623,0.0483806513395169,0.0,3943.0,3863.0,80.0,48.2875,0
166,53.33127886971233,0.2492115835033286,10.885627509973569,0.0508674182709045,10.885627509973569,0.0508674182709045,0.0,42.445651359738775,10.885627509973569,0.0508674182709045,42.74129657616883,0.2956452164300529,0.0001291027145982,0.0494858985679602,0.0,2504.0,2290.0,214.0,10.700934579439252,0
167,51.42512030509812,0.3025007076770477,8.73546074594284,0.0513850632114284,8.73546074594284,0.0513850632114284,0.0,42.68965955915529,8.73546074594284,0.0513850632114284,43.09339380841563,0.4037342492603386,0.0001121795635621,0.0490101558628381,0.0,3769.0,3599.0,170.0,21.17058823529412,0
168,56.05196982275312,0.2215492878369688,13.009935544631023,0.0514226701368815,13.009935544631023,0.0514226701368815,0.0,43.04203427812208,13.009935544631023,0.0514226701368815,43.33860529983915,0.2965710217170709,0.0001204593914366,0.0502504526597389,0.0,2715.0,2462.0,253.0,9.731225296442688,0
169,57.09823362962016,0.2162811879909854,13.809205452458556,0.0523075964108278,13.809205452458556,0.0523075964108278,0.0,43.28902817716161,13.809205452458556,0.0523075964108278,43.73489321352981,0.4458650363681968,0.0001276453009928,0.0506187136973119,0.0,3757.0,3493.0,264.0,13.231060606060606,0
170,54.63626604306477,0.2565082912819942,10.955598119956502,0.0514347329575422,10.955598119956502,0.0514347329575422,0.0,43.68066792310827,10.955598119956502,0.0514347329575422,44.02663446588306,0.3459665427747964,0.0001172370527871,0.049810476888177,0.0,3164.0,2951.0,213.0,13.854460093896714,0
171,53.23001074768524,0.2908743756704111,9.25230407846373,0.0505590386801296,9.25230407846373,0.0505590386801296,0.0,43.97770666922152,9.25230407846373,0.0505590386801296,44.1667183086677,0.1890116394461785,0.0001159580610099,0.0495261881913527,0.0,1813.0,1630.0,183.0,8.907103825136613,0
172,61.00656510758974,0.1906455159612179,16.8867833027836,0.0527711978211987,16.8867833027836,0.0527711978211987,0.0,44.11978180480615,16.8867833027836,0.0527711978211987,44.455799462198094,0.3360176573919418,0.000111782321155,0.0517211426418489,0.0,3326.0,3006.0,320.0,9.39375,0
173,48.79478586607507,0.5673812310008729,4.38975047983453,0.051043610230634,4.38975047983453,0.051043610230634,0.0,44.40503538624055,4.38975047983453,0.051043610230634,44.59262320013305,0.1875878138924989,0.0001581684771437,0.0488623565807211,0.0,1272.0,1186.0,86.0,13.790697674418604,0
174,50.84516981928035,0.4067613585542428,6.299285011968856,0.0503942800957508,6.299285011968856,0.0503942800957508,0.0,44.5458848073115,6.299285011968856,0.0503942800957508,44.73358065202975,0.1876958447182488,0.0001088722997205,0.0488927133380047,0.0,1849.0,1724.0,125.0,13.792,0
175,162.42572876286155,0.0643780137783835,117.74021421321947,0.0466667515708361,117.74021421321947,0.0466667515708361,0.0,44.68551454964021,117.74021421321947,0.0466667515708361,44.780027972956894,0.094513423316684,0.0005027309750887,0.0466292908402317,0.0,2711.0,188.0,2523.0,0.0745144669044788,0
176,49.6916282614299,0.496916282614299,4.958047609400165,0.0495804760940016,4.958047609400165,0.0495804760940016,0.0,44.73358065202975,4.958047609400165,0.0495804760940016,44.82644743217051,0.0928667801407598,0.0001175528862541,0.0486518082925938,0.0,890.0,790.0,100.0,7.9,0
177,57.75177535102381,0.2366876038976385,12.971747378066922,0.0531628990904382,12.971747378066922,0.0531628990904382,0.0,44.780027972956894,12.971747378066922,0.0531628990904382,45.28137879788272,0.5013508249258223,0.0001309009986751,0.0511081825948405,0.0,4074.0,3830.0,244.0,15.69672131147541,0
178,55.77275453570825,0.2694335967908611,10.546281189847072,0.0509482183084399,10.546281189847072,0.0509482183084399,0.0,45.22647334586117,10.546281189847072,0.0509482183084399,45.329623536080256,0.1031501902190825,0.0001418847183206,0.0504499082107632,0.0,934.0,727.0,207.0,3.5120772946859904,0
179,69.85975248117141,0.1518690271329813,24.578373683288728,0.0534312471375841,24.578373683288728,0.0534312471375841,0.0,45.28137879788272,24.578373683288728,0.0534312471375841,45.47482362545003,0.1934448275673119,0.0001295678684308,0.0530107149037421,0.0,1953.0,1493.0,460.0,3.2456521739130437,0
180,53.12701936532536,0.3565571769484923,7.700747333080882,0.0516828680072542,7.700747333080882,0.0516828680072542,0.0,45.42627203224448,7.700747333080882,0.0516828680072542,45.72163697543355,0.2953649431890639,0.0001335284553295,0.049700552952294,0.0,2361.0,2212.0,149.0,14.845637583892618,0
181,49.6916282614299,0.6134768921164185,4.020451169185908,0.0496351996195791,4.020451169185908,0.0496351996195791,0.0,45.67117709224401,4.020451169185908,0.0496351996195791,45.77046713280762,0.0992900405636163,0.0001479732348191,0.0484093966496576,0.0,752.0,671.0,81.0,8.283950617283951,0
182,65.09890676973552,0.1788431504663064,19.37726979430196,0.0532342576766537,19.37726979430196,0.0532342576766537,0.0,45.72163697543355,19.37726979430196,0.0532342576766537,45.914328757590575,0.1926917821570271,0.0001542768472033,0.0527048846487498,0.0,1613.0,1249.0,364.0,3.431318681318681,0
183,50.29751653463073,0.6059941751160329,4.431707184261714,0.0533940624609845,4.431707184261714,0.0533940624609845,0.0,45.86580935036904,4.431707184261714,0.0533940624609845,46.26772520253345,0.4019158521644144,0.0001192628641437,0.0485517027963528,0.0,3453.0,3370.0,83.0,40.60240963855421,0
184,51.831250000974535,0.4936309523902337,5.615063404254636,0.0534767943262346,5.615063404254636,0.0534767943262346,0.0,46.21618659671991,5.615063404254636,0.0534767943262346,46.67792459943493,0.4617380027150162,0.0001283675292507,0.0490792895384724,0.0,3702.0,3597.0,105.0,34.25714285714286,0
185,52.40331537154064,0.4763937761049149,5.777615825279263,0.0525237802298114,5.777615825279263,0.0525237802298114,0.0,46.62569954626138,5.777615825279263,0.0525237802298114,46.98116445383617,0.3554649075747917,0.0001219433645196,0.0492922810700406,0.0,3025.0,2915.0,110.0,26.5,0
186,67.06904596793908,0.1783751222551571,20.13892528746843,0.0535609715092245,20.13892528746843,0.0535609715092245,0.0,46.93012068047063,20.13892528746843,0.0535609715092245,47.07722547143933,0.1471047909687044,0.0001340973481938,0.0531697353630312,0.0,1473.0,1097.0,376.0,2.917553191489361,0
187,63.80154998218234,0.2051496783993001,16.771831060876547,0.0539287172375451,16.771831060876547,0.0539287172375451,0.0,47.02971892130579,16.771831060876547,0.0539287172375451,47.41623505610061,0.3865161347948103,0.0001165961190934,0.0526859000838641,0.0,3626.0,3315.0,311.0,10.659163987138264,0
188,48.590200153508896,2.313819054928995,1.2236344743685037,0.058268308303262,1.2236344743685037,0.058268308303262,0.0,47.36656567914039,1.2236344743685037,0.058268308303262,47.61057226228658,0.2440065831461879,0.0001190276015347,0.0466489472010625,0.0,2071.0,2050.0,21.0,97.61904761904762,0
189,59.61800346046695,0.264968904268742,12.0579618337539,0.0535909414833506,12.0579618337539,0.0535909414833506,0.0,47.56004162671304,12.0579618337539,0.0535909414833506,47.90582920550216,0.3457875787891211,0.0001426516414146,0.0520541077998435,0.0,2649.0,2424.0,225.0,10.773333333333332,0
190,56.16162754688519,0.3577173729100967,8.307180171495208,0.0529119756146191,8.307180171495208,0.0529119756146191,0.0,47.85444737538995,8.307180171495208,0.0529119756146191,48.1497706145592,0.2953232391692495,0.0001167285530313,0.0510309358746878,0.0,2687.0,2530.0,157.0,16.11464968152866,0
191,53.8962745412197,0.4944612343231165,5.795642492964695,0.0531710320455476,5.795642492964695,0.0531710320455476,0.0,48.100632048254994,5.795642492964695,0.0531710320455476,48.445449871748266,0.3448178234932726,0.0001295820456569,0.0500075657749672,0.0,2770.0,2661.0,109.0,24.412844036697248,0
192,60.51226222687793,0.2713554359949683,12.118711013145845,0.054343995574645,12.118711013145845,0.054343995574645,0.0,48.39355121373206,12.118711013145845,0.054343995574645,48.79478586607507,0.4012346523430068,0.0001211091615885,0.052544737043959,0.0,3536.0,3313.0,223.0,14.856502242152466,0
193,69.00917149436852,0.1850111836310148,20.266109036347014,0.0543327320009303,20.266109036347014,0.0543327320009303,0.0,48.74306245802153,20.266109036347014,0.0543327320009303,48.98130143672124,0.2382389786997123,0.0001161008668127,0.0536940216022715,0.0,2425.0,2052.0,373.0,5.501340482573727,0
194,56.99128183864527,0.3850762286394951,8.057353549337558,0.0544415780360645,8.057353549337558,0.0544415780360645,0.0,48.933928289307694,8.057353549337558,0.0544415780360645,49.31850227491211,0.384573985604419,0.000119507142823,0.0518431051603591,0.0,3366.0,3218.0,148.0,21.74324324324324,0
195,63.12223128096871,0.2456117948675825,13.853094616446144,0.0539030918927865,13.853094616446144,0.0539030918927865,0.0,49.26913666452257,13.853094616446144,0.0539030918927865,49.45937267745354,0.190236012930967,0.0001092682440729,0.0531628739436388,0.0,1998.0,1741.0,257.0,6.77431906614786,0
196,165.39318244494524,0.0644054448773151,115.9818115137308,0.0451642568199886,115.9818115137308,0.0451642568199886,0.0,49.41137093121333,115.9818115137308,0.0451642568199886,49.59878988105249,0.1874189498391629,0.0001306055399576,0.0450912743628865,0.0,4003.0,1435.0,2568.0,0.5588006230529595,0
197,66.22867268063247,0.2200288128924666,16.677619457212195,0.0554073736120006,16.677619457212195,0.0554073736120006,0.0,49.55105322342028,16.677619457212195,0.0554073736120006,49.99726252107915,0.4462092976588678,0.0001191480100557,0.0539249506961904,0.0,4046.0,3745.0,301.0,12.44186046511628,0
198,58.35229248321658,0.381387532570043,8.406417122702965,0.0549439027627644,8.406417122702965,0.0549439027627644,0.0,49.94587536051361,8.406417122702965,0.0549439027627644,50.29751653463073,0.3516411741171197,0.0001256759021147,0.0526455944352016,0.0,2951.0,2798.0,153.0,18.287581699346404,0
199,56.4400705065769,0.4950883377769903,6.194026843359684,0.0543335688014007,6.194026843359684,0.0543335688014007,0.0,50.24604366321719,6.194026843359684,0.0543335688014007,50.49400194487523,0.2479582816580432,0.0001276819164047,0.0521584961552778,0.0,2056.0,1942.0,114.0,17.035087719298247,0
200,52.0382590441327,2.001471501697412,1.5952914474070157,0.0613573633618082,1.5952914474070157,0.0613573633618082,0.0,50.44296759672569,1.5952914474070157,0.0613573633618082,50.74546666115727,0.3024990644315792,0.000151856960056,0.0497227839605936,0.0,2018.0,1992.0,26.0,76.61538461538461,0
201,59.677646757160495,0.3706686133985123,8.985144799096775,0.0558083527894209,8.985144799096775,0.0558083527894209,0.0,50.69250195806372,8.985144799096775,0.0558083527894209,51.11168622569207,0.4191842676283457,0.0001240924415714,0.0532047237979405,0.0,3539.0,3378.0,161.0,20.981366459627328,0
202,61.49849040635795,0.3271196298210529,10.43992918539143,0.0555315382201671,10.43992918539143,0.0555315382201671,0.0,51.05856122096653,10.43992918539143,0.0555315382201671,51.42512030509812,0.3665590841315946,0.0001314774333327,0.053581755857765,0.0,2976.0,2788.0,188.0,14.829787234042554,0
203,58.23785204010149,0.4585657640952874,6.867793856976921,0.0540771169840702,6.867793856976921,0.0540771169840702,0.0,51.37005818312458,6.867793856976921,0.0540771169840702,51.5243122444052,0.1542540612806249,0.0001451120049676,0.0528625180763487,0.0,1190.0,1063.0,127.0,8.37007874015748,0
204,59.786799282444726,0.3985786618829648,8.312590706317065,0.0554172713754471,8.312590706317065,0.0554172713754471,0.0,51.47420857612766,8.312590706317065,0.0554172713754471,51.78151424936899,0.3073056732413306,0.0001398751357493,0.0533685668871715,0.0,2347.0,2197.0,150.0,14.646666666666668,0
205,60.67188449236336,0.3815841791972538,8.944233527271901,0.0562530410520245,8.944233527271901,0.0562530410520245,0.0,51.72765096509145,8.944233527271901,0.0562530410520245,52.14650946011179,0.4188584950203378,0.000119503136953,0.0536187108946639,0.0,3664.0,3505.0,159.0,22.044025157232703,0
206,72.27400398559,0.1985549560043681,20.180320239451778,0.0554404402182741,20.180320239451778,0.0554404402182741,0.0,52.09368374613825,20.180320239451778,0.0554404402182741,52.51388816492773,0.4202044187894813,0.0001201957719649,0.0542860324743469,0.0,3860.0,3496.0,364.0,9.604395604395604,0
207,61.60161902434084,0.3710940905080773,9.14372282132266,0.0550826675983292,9.14372282132266,0.0550826675983292,0.0,52.45789620301819,9.14372282132266,0.0550826675983292,52.66133224692668,0.2034360439084892,0.0001430633220172,0.0538571492615311,0.0,1588.0,1422.0,166.0,8.566265060240964,0
208,68.31202961531669,0.2396913319835673,15.700836765435565,0.0550906553173177,15.700836765435565,0.0550906553173177,0.0,52.611192849881135,15.700836765435565,0.0550906553173177,52.75864782870141,0.1474549788202779,0.0001987263865502,0.0545732694267202,0.0,1027.0,742.0,285.0,2.6035087719298247,0
209,60.39834215880284,0.4507338967074838,7.689025711584291,0.05738078889242,7.689025711584291,0.05738078889242,0.0,52.70931644721854,7.689025711584291,0.05738078889242,53.1801060208669,0.4707895736483607,0.0001286310310514,0.0538674338651935,0.0,3794.0,3660.0,134.0,27.31343283582089,0
210,76.83302699668218,0.1778542291589865,23.70600763135676,0.0548750176651776,23.70600763135676,0.0548750176651776,0.0,53.12701936532536,23.70600763135676,0.0548750176651776,53.33127886971233,0.2042595043869681,0.0001436424081483,0.0544021947383561,0.0,1854.0,1422.0,432.0,3.2916666666666665,0
211,70.18214315929745,0.2308623130240047,16.901660844006717,0.0555975685658115,16.901660844006717,0.0555975685658115,0.0,53.28048231529078,16.901660844006717,0.0555975685658115,53.58854566168412,0.3080633463933395,0.000118031933484,0.0545842022947806,0.0,2914.0,2610.0,304.0,8.585526315789474,0
212,61.81838631921101,0.4205332402667415,8.283529502188438,0.0563505408312138,8.283529502188438,0.0563505408312138,0.0,53.53485681702258,8.283529502188438,0.0563505408312138,53.84549873995015,0.310641922927573,0.000159549010235,0.0542373304711622,0.0,2094.0,1947.0,147.0,13.244897959183673,0
213,56.32678249258181,1.4081695623145454,2.53540076343718,0.0633850190859295,2.53540076343718,0.0633850190859295,0.0,53.79138172914461,2.53540076343718,0.0633850190859295,54.21942444726896,0.4280427181243453,0.0001213961197176,0.0526839511328214,0.0,3566.0,3526.0,40.0,88.15,0
214,58.45612290164747,0.7691595118637825,4.290608286880062,0.0564553721957902,4.290608286880062,0.0564553721957902,0.0,54.16551461476741,4.290608286880062,0.0564553721957902,54.37382039955073,0.2083057847833203,0.0001346514445916,0.053714506606536,0.0,1623.0,1547.0,76.0,20.355263157894736,0
215,67.99118448342911,0.2797991131005313,13.669746550747938,0.0562541010318845,13.669746550747938,0.0562541010318845,0.0,54.32143793268119,13.669746550747938,0.0562541010318845,54.63626604306477,0.314828110383587,0.0001428439702284,0.0549585121002647,0.0,2447.0,2204.0,243.0,9.069958847736626,0
216,61.5498133661113,0.508676143521581,6.967121422940084,0.0575795158920668,6.967121422940084,0.0575795158920668,0.0,54.58269194317123,6.967121422940084,0.0575795158920668,54.95786266757117,0.3751707243999433,0.0001348080217031,0.0544789313928936,0.0,2904.0,2783.0,121.0,23.0,0
217,61.76282179390947,0.5104365437513179,6.859404702071855,0.056689295058445,6.859404702071855,0.056689295058445,0.0,54.903417091837625,6.859404702071855,0.056689295058445,55.17091112704248,0.2674940352048551,0.0001346898465281,0.0544786005526197,0.0,2107.0,1986.0,121.0,16.41322314049587,0
218,64.48775905893368,0.3956304236744397,9.370896416616732,0.0574901620651333,9.370896416616732,0.0574901620651333,0.0,55.11686264231694,9.370896416616732,0.0574901620651333,55.557501534349086,0.4406388920321475,0.0001320464165514,0.0547868559790465,0.0,3500.0,3337.0,163.0,20.47239263803681,0
219,66.79313682772104,0.33733907488748,11.294500929137516,0.057042933985543,11.294500929137516,0.057042933985543,0.0,55.49863589858354,11.294500929137516,0.057042933985543,55.88684585306334,0.3882099544797981,0.0001485118418055,0.0550822776497863,0.0,2812.0,2614.0,198.0,13.202020202020202,0
220,64.59623333161676,0.4167498924620436,8.76594904212696,0.0565545099492061,8.76594904212696,0.0565545099492061,0.0,55.8302842894898,8.76594904212696,0.0565545099492061,56.10871430485466,0.2784300153648615,0.0001337962591854,0.0547581872694329,0.0,2236.0,2081.0,155.0,13.425806451612903,0
221,65.26606362653615,0.4104783875882777,9.214093803783031,0.0579502754954907,9.214093803783031,0.0579502754954907,0.0,56.05196982275312,9.214093803783031,0.0579502754954907,56.55491410245998,0.5029442797068668,0.0001439039426915,0.0547871039250073,0.0,3654.0,3495.0,159.0,21.9811320754717,0
222,64.48775905893368,0.4573599933257707,7.988967260399232,0.0566593422723349,7.988967260399232,0.0566593422723349,0.0,56.49879179853444,7.988967260399232,0.0566593422723349,56.77232224634729,0.2735304478128455,0.0001393430707146,0.0547194100183431,0.0,2104.0,1963.0,141.0,13.921985815602836,0
223,59.94957121770935,1.1101772447723954,3.232341989975613,0.0598581849995483,3.232341989975613,0.0598581849995483,0.0,56.71722922773375,3.232341989975613,0.0598581849995483,57.04691066986681,0.3296814421330651,0.0001417375073658,0.0537529731081951,0.0,2380.0,2326.0,54.0,43.07407407407408,0
224,66.22867268063247,0.4113582154076551,9.237390841987224,0.0573750983974361,9.237390841987224,0.0573750983974361,0.0,56.99128183864527,9.237390841987224,0.0573750983974361,57.36770069414387,0.3764188554985992,0.0001358422430525,0.0550370930837801,0.0,2932.0,2771.0,161.0,17.211180124223603,0
225,68.25876512047914,0.357375733615074,10.94548536706083,0.0573062061102661,10.94548536706083,0.0573062061102661,0.0,57.31327975341833,10.94548536706083,0.0573062061102661,57.75177535102381,0.4384955976054812,0.0001329983614211,0.0550104176411273,0.0,3488.0,3297.0,191.0,17.26178010471204,0
226,71.29480459819464,0.2921918221237485,13.598989698680416,0.0557335643388541,13.598989698680416,0.0557335643388541,0.0,57.69581489951427,13.598989698680416,0.0557335643388541,57.96425279548178,0.2684378959675157,0.0001631841312872,0.0546334090275117,0.0,1889.0,1645.0,244.0,6.741803278688525,0
227,67.34384029332678,0.4131523944375876,9.43446042903456,0.0578801253315003,9.43446042903456,0.0578801253315003,0.0,57.90937986429224,9.43446042903456,0.0578801253315003,58.35229248321658,0.4429126189243391,0.0001254354627369,0.055162870000676,0.0,3694.0,3531.0,163.0,21.66257668711657,0
228,67.29095419900123,0.4369542480454625,8.994822799294218,0.0584079402551572,8.994822799294218,0.0584079402551572,0.0,58.29613139970704,8.994822799294218,0.0584079402551572,58.79208351944073,0.495952119733694,0.0001369276973312,0.055187471945198,0.0,3776.0,3622.0,154.0,23.51948051948052,0
229,74.1629947622433,0.2677364431849938,15.427273149480056,0.0556941268934298,15.427273149480056,0.0556941268934298,0.0,58.73572161276319,15.427273149480056,0.0556941268934298,59.06650806606958,0.3307864533063949,0.0001401043851361,0.0544999519717462,0.0,2638.0,2361.0,277.0,8.52346570397112,0
230,158.20310385618714,0.0772476093047788,99.1923803030652,0.048433779444856,99.1923803030652,0.048433779444856,0.0,59.01072355312004,99.1923803030652,0.048433779444856,59.06650806606958,0.0557845129495433,0.0557845129495433,0.0484065409131433,0.0,2049.0,1.0,2048.0,0.00048828125,0
231,69.4924687404623,0.3736154233358188,10.481745187342272,0.056353468749152,10.481745187342272,0.056353468749152,0.0,59.01072355312004,10.481745187342272,0.056353468749152,59.28308944886889,0.2723658957488553,0.0001360469009734,0.0548891359763086,0.0,2188.0,2002.0,186.0,10.763440860215054,0
232,84.29380314044866,0.186490714912497,25.065922650033187,0.0554555810841442,25.065922650033187,0.0554555810841442,0.0,59.22788049041535,25.065922650033187,0.0554555810841442,59.73420249263804,0.5063220022226886,0.0001415493436462,0.0543353996632978,0.0,4029.0,3577.0,452.0,7.913716814159292,0
233,72.43347775144665,0.3205021139444541,12.755830994286116,0.0564417300632129,12.755830994286116,0.0564417300632129,0.0,59.677646757160495,12.755830994286116,0.0564417300632129,60.11992811591798,0.4422813587574836,0.0001357107575199,0.0544847329005693,0.0,3485.0,3259.0,226.0,14.420353982300885,0
234,70.65277526259197,0.3798536304440428,10.588859342887588,0.0569293513058472,10.588859342887588,0.0569293513058472,0.0,60.06391591970444,10.588859342887588,0.0569293513058472,60.51226222687793,0.4483463071734945,0.000142739989549,0.0545188872887851,0.0,3327.0,3141.0,186.0,16.887096774193548,0
235,65.95312430391677,0.7247596077353491,5.4970287513323965,0.060406909355301,5.4970287513323965,0.060406909355301,0.0,60.45609555258439,5.4970287513323965,0.060406909355301,60.95491050338306,0.4988149507986747,0.0001296633612681,0.0549254263794912,0.0,3938.0,3847.0,91.0,42.27472527472528,0
236,67.93593053239957,0.5434874442591965,7.0367840513420585,0.0562942724107364,7.0367840513420585,0.0562942724107364,0.0,60.89914648105752,7.0367840513420585,0.0562942724107364,61.05890983090728,0.1597633498497614,0.0001386834634112,0.0550161656119382,0.0,1277.0,1152.0,125.0,9.216,0
237,83.06077205777804,0.2097494243883284,22.05420695018818,0.0556924417934045,22.05420695018818,0.0556924417934045,0.0,61.00656510758974,22.05420695018818,0.0556924417934045,61.49849040635795,0.4919252987682085,0.0001371411482487,0.0544502061904547,0.0,3983.0,3587.0,396.0,9.058080808080808,0
238,68.47719197003731,0.5706432664169776,7.034960490836915,0.0586246707569742,7.034960490836915,0.0586246707569742,0.0,61.44223147920041,7.034960490836915,0.0586246707569742,61.87168695964855,0.4294554804481407,0.000139796705875,0.055045875086573,0.0,3192.0,3072.0,120.0,25.6,0
239,63.91746523432143,1.8799254480682772,2.099078915110422,0.0617376151503065,2.099078915110422,0.0617376151503065,0.0,61.81838631921101,2.099078915110422,0.0617376151503065,62.07941846550752,0.2610321462965075,0.000133452017534,0.0540601990827622,0.0,1990.0,1956.0,34.0,57.52941176470589,0
240,71.40708462230174,0.4380802737564523,9.38037342859179,0.0575483032428944,9.38037342859179,0.0575483032428944,0.0,62.02671119370997,9.38037342859179,0.0575483032428944,62.51740836170393,0.4906971679939573,0.0001259813011537,0.0545378911693117,0.0,4058.0,3895.0,163.0,23.895705521472397,0
241,78.8811760188347,0.2683033197919547,16.419861937504187,0.0558498705357285,16.419861937504187,0.0558498705357285,0.0,62.46131408133039,16.419861937504187,0.0558498705357285,62.844166400573,0.382852319242609,0.0001492601634474,0.0545476517627948,0.0,2859.0,2565.0,294.0,8.724489795918368,0
242,66.46092827649464,1.126456411466011,3.674225614727189,0.0622750104191049,3.674225614727189,0.0622750104191049,0.0,62.78670266176745,3.674225614727189,0.0622750104191049,63.18100401363026,0.3943013518628078,0.0001246999847763,0.0555919366587183,0.0,3221.0,3162.0,59.0,53.59322033898305,0
243,70.28591021596286,0.57611401816363,7.163678934994188,0.0587186797950343,7.163678934994188,0.0587186797950343,0.0,63.12223128096871,7.163678934994188,0.0587186797950343,63.63481253525692,0.5125812542882073,0.0001490495069171,0.054517194104147,0.0,3561.0,3439.0,122.0,28.188524590163933,0
244,75.30140636579301,0.360293810362646,11.724626992125556,0.0560986937422275,11.724626992125556,0.0560986937422275,0.0,63.57677937366738,11.724626992125556,0.0560986937422275,63.97376822477498,0.3969888511076007,0.0001325062920919,0.0541992255551102,0.0,3205.0,2996.0,209.0,14.334928229665072,0
245,69.06482325928606,0.8125273324621889,5.147358024964662,0.0605571532348783,5.147358024964662,0.0605571532348783,0.0,63.91746523432143,5.147358024964662,0.0605571532348783,64.43363922221515,0.5161739878937155,0.0001335162927816,0.0544845180831871,0.0,3951.0,3866.0,85.0,45.48235294117647,0
246,69.91439411796095,0.7282749387287599,5.542624807223401,0.0577356750752437,5.542624807223401,0.0577356750752437,0.0,64.3717693107376,5.542624807223401,0.0577356750752437,64.70805115514784,0.3362818444102373,0.0001674710380529,0.0542327391959699,0.0,2104.0,2008.0,96.0,20.916666666666668,0
247,79.50654600416165,0.2988967894893295,14.854249349739256,0.0558430426681926,14.854249349739256,0.0558430426681926,0.0,64.6522966544223,14.854249349739256,0.0558430426681926,65.04464010808991,0.3923434536676069,0.0001369436138455,0.0543680672784651,0.0,3131.0,2865.0,266.0,10.770676691729324,0
248,90.89311078689452,0.1917576176938703,25.905550191178,0.054653059475059,25.905550191178,0.054653059475059,0.0,64.98756059571636,25.905550191178,0.054653059475059,65.44059293760877,0.4530323418924098,0.0001340332372462,0.0536972950406872,0.0,3854.0,3380.0,474.0,7.1308016877637135,0
249,72.32680537137155,0.602723378094763,6.943506151768325,0.057862551264736,6.943506151768325,0.057862551264736,0.0,65.38329921960323,6.943506151768325,0.057862551264736,65.8988725672409,0.5155733476376696,0.0001326063136928,0.0535661067010887,0.0,4008.0,3888.0,120.0,32.4,0
250,91.11403053232468,0.1951049904332434,25.276486769105148,0.0541252393342722,25.276486769105148,0.0541252393342722,0.0,65.83754376321936,25.276486769105148,0.0541252393342722,66.06156745871185,0.224023695492491,0.0002129502808863,0.0536455312068797,0.0,1519.0,1052.0,467.0,2.252676659528908,0
251,73.07900906030632,0.5941382850431408,7.072243607599964,0.0574979155089427,7.072243607599964,0.0574979155089427,0.0,66.0067654527063,7.072243607599964,0.0574979155089427,66.51709127014819,0.5103258174418812,0.0001290983600915,0.0533489251232368,0.0,4076.0,3953.0,123.0,32.13821138211382,0
252,77.10863406227985,0.4058349161172623,10.647705785785138,0.0560405567672902,10.647705785785138,0.0560405567672902,0.0,66.46092827649464,10.647705785785138,0.0560405567672902,66.90915862328413,0.4482303467894866,0.0001288758903937,0.0536814496789248,0.0,3668.0,3478.0,190.0,18.305263157894736,0
253,75.5783634556208,0.4844766888180821,8.669204832336597,0.0555718258483115,8.669204832336597,0.0555718258483115,0.0,66.90915862328413,8.669204832336597,0.0555718258483115,67.2382281692517,0.3290695459675703,0.0001358668645613,0.0534624056818532,0.0,2578.0,2422.0,156.0,15.525641025641026,0
254,181.8287787990972,0.0586923107808577,114.64802367399608,0.0370071089974164,114.64802367399608,0.0370071089974164,0.0,67.18075512510215,114.64802367399608,0.0370071089974164,67.2382281692517,0.0574730441495461,0.0574730441495461,0.0369885573369417,0.0,3099.0,1.0,3098.0,0.0003227888960619,0
255,77.38328085719566,0.4251828618527234,10.202525732093408,0.0560578336928209,10.202525732093408,0.0560578336928209,0.0,67.18075512510215,10.202525732093408,0.0560578336928209,67.6186343292425,0.4378792041403443,0.0001242563008343,0.0536519039997426,0.0,3706.0,3524.0,182.0,19.36263736263736,0
256,81.90620044428314,0.3138168599397821,14.342334640854078,0.0549514737197474,14.342334640854078,0.0549514737197474,0.0,67.56386580342895,14.342334640854078,0.0549514737197474,67.77471163175893,0.2108458283299796,0.000181763645112,0.0541436352970276,0.0,1421.0,1160.0,261.0,4.444444444444445,0
257,81.8543947860536,0.3222613967954866,14.132871339372102,0.0556412257455594,14.132871339372102,0.0556412257455594,0.0,67.72152344668139,14.132871339372102,0.0556412257455594,68.10099246561619,0.3794690189347989,0.0001237264489516,0.0541472532300685,0.0,3321.0,3067.0,254.0,12.0748031496063,0
258,172.64461058898664,0.0666581508065585,104.59777434064148,0.0403852410581627,104.59777434064148,0.0403852410581627,0.0,68.04683624834665,104.59777434064148,0.0403852410581627,68.10099246561619,0.0541562172695364,0.0004668639419787,0.0403643313217646,0.0,2706.0,116.0,2590.0,0.0447876447876447,0
259,74.38889892264947,0.6701702605644096,6.34206267430277,0.0571356997684934,6.34206267430277,0.0571356997684934,0.0,68.04683624834665,6.34206267430277,0.0571356997684934,68.47719197003731,0.4303557216906597,0.0001354171559756,0.0532586211947041,0.0,3289.0,3178.0,111.0,28.63063063063063,0
260,72.48774601818819,1.03553922883126,4.064768676300389,0.0580681239471484,4.064768676300389,0.0580681239471484,0.0,68.42297734188777,4.064768676300389,0.0580681239471484,68.79554189441035,0.3725645525225758,0.0001438473175762,0.0527457731968263,0.0,2660.0,2590.0,70.0,37.0,0
261,79.50654600416165,0.4184555052850613,10.767065428460702,0.056668765412951,10.767065428460702,0.056668765412951,0.0,68.73948057570081,10.767065428460702,0.056668765412951,69.2338646904867,0.4943841147858876,0.0001268627443638,0.0540667437561839,0.0,4087.0,3897.0,190.0,20.510526315789477,0
262,80.12810264102353,0.406741637771693,10.949035096638244,0.0555788583585697,10.949035096638244,0.0555788583585697,0.0,69.17906754438515,10.949035096638244,0.0555788583585697,69.44161643120495,0.2625488868198005,0.0001312088389904,0.0542461228924801,0.0,2198.0,2001.0,197.0,10.157360406091373,0
263,79.83343222385982,0.4269167498602129,10.444528779780285,0.0558530950790389,10.444528779780285,0.0558530950790389,0.0,69.3889034440794,10.444528779780285,0.0558530950790389,69.70474123034046,0.3158377862610564,0.0001267915641353,0.0541641229599965,0.0,2678.0,2491.0,187.0,13.320855614973262,0
264,80.40456787544805,0.4187737910179586,10.754819747688988,0.0560146861858801,10.754819747688988,0.0560146861858801,0.0,69.64974812775891,10.754819747688988,0.0560146861858801,69.96774378470249,0.3179956569435802,0.0001569573824992,0.0543584588059664,0.0,2218.0,2026.0,192.0,10.552083333333334,0
265,77.71463215927005,0.5590980730882738,7.800238041308987,0.0561168204410718,7.800238041308987,0.0561168204410718,0.0,69.91439411796095,7.800238041308987,0.0561168204410718,70.235357576375,0.3209634584140417,0.0001230216398673,0.0538077308121946,0.0,2748.0,2609.0,139.0,18.769784172661872,0
266,156.10513517237726,0.0892539366337205,85.9229920130784,0.0491269251075348,85.9229920130784,0.0491269251075348,0.0,70.18214315929745,85.9229920130784,0.0491269251075348,70.3362310580004,0.1540878987029401,0.0001547067256053,0.0490388245365219,0.0,2745.0,996.0,1749.0,0.5694682675814752,0
267,77.55495747796428,0.6106689565194038,7.269047262001296,0.0572365926141834,7.269047262001296,0.0572365926141834,0.0,70.28591021596286,7.269047262001296,0.0572365926141834,70.70587227653351,0.4199620605706542,0.0001375121350918,0.0539298047356753,0.0,3181.0,3054.0,127.0,24.04724409448819,0
268,83.06077205777804,0.3758405975465069,12.407996795185904,0.0561447818786692,12.407996795185904,0.0561447818786692,0.0,70.65277526259197,12.407996795185904,0.0561447818786692,71.0819753722924,0.4292001097004316,0.0001310934971595,0.0542026999343241,0.0,3495.0,3274.0,221.0,14.81447963800905,0
269,77.55495747796428,0.6924549774818239,6.527748419517304,0.0582834680314044,6.527748419517304,0.0582834680314044,0.0,71.02720905844686,6.527748419517304,0.0582834680314044,71.51955667220082,0.4923476137539637,0.0001240482775898,0.0538875071943166,0.0,4081.0,3969.0,112.0,35.4375,0
270,83.26127015852936,0.3946031761067742,11.796721711917929,0.0559086337057721,11.796721711917929,0.0559086337057721,0.0,71.46454844661127,11.796721711917929,0.0559086337057721,71.83439061964042,0.3698421730291414,0.0001386215041338,0.0541558271985257,0.0,2879.0,2668.0,211.0,12.644549763033176,0
271,97.93712696218454,0.2061834251835464,26.156477209925463,0.0550662678103693,26.156477209925463,0.0550662678103693,0.0,71.78064975225887,26.156477209925463,0.0550662678103693,72.22102181700038,0.4403720647415099,0.00013467035619,0.0541391687267034,0.0,3745.0,3270.0,475.0,6.88421052631579,0
272,81.42790258293515,0.5026413739687354,9.263513049444192,0.0571821793175567,9.263513049444192,0.0571821793175567,0.0,72.16438953349083,9.263513049444192,0.0571821793175567,72.59548180376729,0.4310922702764515,0.0001286458580353,0.0545211159207892,0.0,3513.0,3351.0,162.0,20.685185185185187,0
273,76.8871468334007,1.0678770393527877,4.34445328888692,0.0603396290123183,4.34445328888692,0.0603396290123183,0.0,72.54269354451374,4.34445328888692,0.0603396290123183,73.02846419522878,0.4857706507150396,0.0001352368181277,0.0535928144190545,0.0,3664.0,3592.0,72.0,49.888888888888886,0
274,84.74452427373116,0.3941605780173542,11.774079136091848,0.0547631587725202,11.774079136091848,0.0547631587725202,0.0,72.97044513763923,11.774079136091848,0.0547631587725202,73.18247560025341,0.2120304626141802,0.0001269643488707,0.0537769705743151,0.0,1885.0,1670.0,215.0,7.767441860465116,0
275,82.39015258575704,0.511740078172404,9.259621875541113,0.057513179351187,9.259621875541113,0.057513179351187,0.0,73.13053071021587,9.259621875541113,0.057513179351187,73.61448538130955,0.4839546710936844,0.0001393076197736,0.0545072497170651,0.0,3635.0,3474.0,161.0,21.577639751552795,0
276,84.74452427373116,0.4237226213686558,11.188786025403076,0.0559439301270153,11.188786025403076,0.0559439301270153,0.0,73.55573824832801,11.188786025403076,0.0559439301270153,74.00310741758835,0.447369169260341,0.0001199702786967,0.053707084280714,0.0,3929.0,3729.0,200.0,18.645,0
277,80.45560436176659,0.7248252645204197,6.51183798167171,0.0586652070420874,6.51183798167171,0.0586652070420874,0.0,73.94376638009481,6.51183798167171,0.0586652070420874,74.38889892264947,0.4451325425546599,0.0001388002939054,0.05465500395601,0.0,3318.0,3207.0,111.0,28.89189189189189,0
278,74.87018550588003,14.974037101176004,0.5375142821000718,0.1075028564200143,0.5375142821000718,0.1075028564200143,0.0,74.33267122377993,0.5375142821000718,0.1075028564200143,74.65928375989152,0.3266125361115968,0.0001652061386502,0.0421803491977016,0.0,1982.0,1977.0,5.0,395.4,0
279,90.94689788518806,0.3001547784989705,16.344347098661977,0.0539417395995444,16.344347098661977,0.0539417395995444,0.0,74.60255078652598,16.344347098661977,0.0539417395995444,74.76525561638262,0.1627048298566364,0.0001274117696606,0.0534047599630542,0.0,1580.0,1277.0,303.0,4.214521452145214,0
280,86.1091846944882,0.4139864648773471,11.397347529487076,0.0547949400456109,11.397347529487076,0.0547949400456109,0.0,74.71183716500107,11.397347529487076,0.0547949400456109,75.03618941842466,0.3243522534235836,0.0001339744954248,0.053235554211844,0.0,2629.0,2421.0,208.0,11.639423076923077,0
281,81.16074607772663,0.7445940007130883,6.181114103003484,0.0567074688348943,6.181114103003484,0.0567074688348943,0.0,74.97963197472312,6.181114103003484,0.0567074688348943,75.1948930237516,0.2152610490284843,0.0001606425739018,0.0547325968254589,0.0,1449.0,1340.0,109.0,12.293577981651376,0
282,87.20068442690709,0.3963667473950322,12.059915743944956,0.0548177988361134,12.059915743944956,0.0548177988361134,0.0,75.14076868296206,12.059915743944956,0.0548177988361134,75.52479203979918,0.3840233568371189,0.0001475310629416,0.0530722381232177,0.0,2823.0,2603.0,220.0,11.831818181818182,0
283,80.34738401619451,1.0043423002024314,4.878614216064828,0.0609826777008103,4.878614216064828,0.0609826777008103,0.0,75.46876980012964,4.878614216064828,0.0609826777008103,75.97782616709961,0.5090563669699719,0.0001315391129121,0.0546194731136862,0.0,3950.0,3870.0,80.0,48.375,0
284,80.89008469128292,0.9745793336299148,4.969693577996827,0.0598758262409256,4.969693577996827,0.0598758262409256,0.0,75.92039111328606,4.969693577996827,0.0598758262409256,76.37594942195823,0.4555583086721668,0.0001349402573081,0.0543871719195746,0.0,3459.0,3376.0,83.0,40.67469879518072,0
285,82.43914054045865,0.770459257387464,6.121766377305959,0.0572127698813641,6.121766377305959,0.0572127698813641,0.0,76.31737416315268,6.121766377305959,0.0572127698813641,76.65114696743865,0.3337728042859709,0.0001485415239367,0.0540933978786916,0.0,2354.0,2247.0,107.0,21.0,0
286,101.5546648495418,0.225176640464616,24.72163785285955,0.0548151615362739,24.72163785285955,0.0548151615362739,0.0,76.83302699668218,24.72163785285955,0.0548151615362739,77.05451422556132,0.2214872288791411,0.0001227076060272,0.0543240590332161,0.0,2256.0,1805.0,451.0,4.0022172949002215,0
287,83.55993699044893,0.7141874956448626,6.562308151885111,0.0560881038622659,6.562308151885111,0.0560881038622659,0.0,76.99762883856378,6.562308151885111,0.0560881038622659,77.27341046090449,0.2757816223407019,0.0001706569445177,0.0537309959790123,0.0,1733.0,1616.0,117.0,13.811965811965813,0
288,83.61101638199048,0.7465269319820579,6.393131067827493,0.0570815273913169,6.393131067827493,0.0570815273913169,0.0,77.21788531416294,6.393131067827493,0.0570815273913169,77.60980940307383,0.3919240889108835,0.000135707787019,0.0535822051688987,0.0,3000.0,2888.0,112.0,25.785714285714285,0
289,83.26127015852936,0.8326127015852935,5.706312680565041,0.0570631268056504,5.706312680565041,0.0570631268056504,0.0,77.55495747796428,5.706312680565041,0.0570631268056504,77.87687504263069,0.321917564666407,0.0001397211652197,0.0538439511589867,0.0,2404.0,2304.0,100.0,23.04,0
290,104.53394440646832,0.216426385934717,26.711103660403083,0.0553024920505239,26.711103660403083,0.0553024920505239,0.0,77.82284074606514,26.711103660403083,0.0553024920505239,78.26218950773357,0.4393487616684268,0.0001337846411901,0.0543928672851651,0.0,3767.0,3284.0,483.0,6.799171842650104,0
291,80.61611656128721,2.303317616036777,2.4099599543431656,0.068855998695519,2.4099599543431656,0.068855998695519,0.0,78.20615660694402,2.4099599543431656,0.068855998695519,78.715734099354,0.5095774924099743,0.0001373524238301,0.0542966417695205,0.0,3745.0,3710.0,35.0,106.0,0
292,169.0818290970673,0.0763004643939834,90.42360005869524,0.0408048736726964,90.42360005869524,0.0408048736726964,0.0,78.65822903837245,90.42360005869524,0.0408048736726964,78.715734099354,0.0575050609815406,0.0031947256100855,0.0407789237354301,0.0,2234.0,18.0,2216.0,0.0081227436823104,0
293,85.95373878098357,0.661182606007566,7.295509742611105,0.0561193057123931,7.295509742611105,0.0561193057123931,0.0,78.65822903837245,7.295509742611105,0.0561193057123931,79.1747992399664,0.5165702015939502,0.0001426595420033,0.0521456887770551,0.0,3751.0,3621.0,130.0,27.853846153846156,0
294,84.12998699974403,0.90462351612628,5.013463863447161,0.0539082135854533,5.013463863447161,0.0539082135854533,0.0,79.11652313629686,5.013463863447161,0.0539082135854533,79.22925221503222,0.1127290787353558,0.0001531645091512,0.0526960729538904,0.0,829.0,736.0,93.0,7.913978494623656,0
295,92.52814330140497,0.3761306638268494,13.353344061438492,0.0542818864286117,13.353344061438492,0.0542818864286117,0.0,79.1747992399664,13.353344061438492,0.0542818864286117,79.45152865148319,0.2767294115167829,0.0001537385619537,0.0531569701216332,0.0,2046.0,1800.0,246.0,7.317073170731708,0
296,88.15252159978508,0.5375153756084455,8.757891311107375,0.05340177628724,8.757891311107375,0.05340177628724,0.0,79.39463028867765,8.757891311107375,0.05340177628724,79.61423167831674,0.2196013896390951,0.0001575332780768,0.0520627434235873,0.0,1558.0,1394.0,164.0,8.5,0
297,85.19333383553251,0.8693197330156379,5.633335711957306,0.0574830174689521,5.633335711957306,0.0574830174689521,0.0,79.5599981235752,5.633335711957306,0.0574830174689521,80.12810264102353,0.568104517448333,0.0001437875265624,0.0516860325970304,0.0,4049.0,3951.0,98.0,40.31632653061224,0
298,95.63529181505642,0.3355624274212506,15.564979499334395,0.0546139631555592,15.564979499334395,0.0546139631555592,0.0,80.07031231572199,15.564979499334395,0.0546139631555592,80.40456787544805,0.3342555597260599,0.0001243510266838,0.0534411366302048,0.0,2973.0,2688.0,285.0,9.43157894736842,0
299,93.56750635275873,0.3898646098031613,13.22012233656416,0.0550838430690173,13.22012233656416,0.0550838430690173,0.0,80.34738401619451,13.22012233656416,0.0550838430690173,80.83816007119738,0.4907760550028683,0.0001455013504307,0.0530389428398389,0.0,3613.0,3373.0,240.0,14.054166666666667,0
300,95.97653616865767,0.3477410730748466,15.193271633001808,0.0550480856268181,15.193271633001808,0.0550480856268181,0.0,80.78326453565583,15.193271633001808,0.0550480856268181,81.21552612878817,0.4322615931323383,0.0001296136711041,0.0534819204343098,0.0,3611.0,3335.0,276.0,12.083333333333334,0
301,82.18095511616687,6.84841292634724,1.0202090384402387,0.0850174198700198,1.0202090384402387,0.0850174198700198,0.0,81.16074607772663,1.0202090384402387,0.0850174198700198,81.59495507301577,0.4342089952891399,0.0001248444494793,0.0488333369292585,0.0,3490.0,3478.0,12.0,289.8333333333333,0
302,97.59055908269526,0.3319406771520247,16.050384060741003,0.0545931430637449,16.050384060741003,0.0545931430637449,0.0,81.54017502195423,16.050384060741003,0.0545931430637449,81.80357517456174,0.2634001526075167,0.0001400319790576,0.0536972241773249,0.0,2175.0,1881.0,294.0,6.3979591836734695,0
303,88.58514372908108,0.7086811498326486,6.83481891361282,0.0546785513089025,6.83481891361282,0.0546785513089025,0.0,81.7503248154682,6.83481891361282,0.0546785513089025,82.18095511616687,0.4306303006986667,0.000146672445742,0.0512335089033136,0.0,3061.0,2936.0,125.0,23.488,0
304,97.02377292960628,0.3553984356395834,14.900465812724905,0.0545804608524721,14.900465812724905,0.0545804608524721,0.0,82.12330711688134,14.900465812724905,0.0545804608524721,82.39015258575704,0.2668454688757009,0.0001414875232638,0.0536030049225246,0.0,2159.0,1886.0,273.0,6.908424908424909,0
305,145.54245220534145,0.1249291435238982,63.20528877413371,0.054253466758913,63.20528877413371,0.054253466758913,0.0,82.3371634312075,63.20528877413371,0.054253466758913,82.39015258575704,0.052989154549536,0.0003784939610681,0.054207982506081,0.0,1305.0,140.0,1165.0,0.1201716738197424,0
306,84.342339068931,2.4097811162551714,2.005175637723505,0.0572907325063858,2.005175637723505,0.0572907325063858,0.0,82.3371634312075,2.005175637723505,0.0572907325063858,82.59089442727527,0.2537309960677731,0.0001367085108123,0.0500412754758778,0.0,1891.0,1856.0,35.0,53.02857142857143,0
307,91.39063300963332,0.567643683289648,8.850546663115512,0.0549723395224566,8.850546663115512,0.0549723395224566,0.0,82.54008634651773,8.850546663115512,0.0549723395224566,82.95737038308688,0.417284036569157,0.000125385828296,0.0523805132083629,0.0,3489.0,3328.0,161.0,20.67080745341615,0
308,108.4389841366403,0.2337047071910351,25.534908548166914,0.055032130491739,25.534908548166914,0.055032130491739,0.0,82.90407558847333,25.534908548166914,0.055032130491739,83.16217360777313,0.2580980192997941,0.0001328348014924,0.0544758847604896,0.0,2407.0,1943.0,464.0,4.1875,0
309,99.5160733862728,0.3350709541625347,16.404519426297195,0.0552340721424148,16.404519426297195,0.0552340721424148,0.0,83.11155395997558,16.404519426297195,0.0552340721424148,83.41327732009798,0.301723360122395,0.000119731492112,0.0542181685729792,0.0,2817.0,2520.0,297.0,8.484848484848484,0
310,87.41106946090642,1.2487295637272346,4.049811097021928,0.0578544442431704,4.049811097021928,0.0578544442431704,0.0,83.36125836388443,4.049811097021928,0.0578544442431704,83.87658769184752,0.5153293279630873,0.0001323053473589,0.0504925967008414,0.0,3965.0,3895.0,70.0,55.642857142857146,0
311,92.13822135727337,0.6225555497113066,8.314154781127334,0.0561767214941036,8.314154781127334,0.0561767214941036,0.0,83.82406657614598,8.314154781127334,0.0561767214941036,84.29380314044866,0.4697365643026785,0.0001246977871788,0.0530028257893561,0.0,3915.0,3767.0,148.0,25.4527027027027,0
312,89.34107540379959,0.9504369723808468,5.100449206252416,0.0542600979388554,5.100449206252416,0.0542600979388554,0.0,84.24062619754712,5.100449206252416,0.0542600979388554,84.49235997565162,0.2517337781045086,0.0001206199224266,0.0515820790228507,0.0,2181.0,2087.0,94.0,22.20212765957447,0
313,90.8398065429882,0.8038920933007804,6.397663088286031,0.056616487506956,6.397663088286031,0.056616487506956,0.0,84.44214345470208,6.397663088286031,0.056616487506956,84.90107824912378,0.4589347944217081,0.0001227754934247,0.0525551176448177,0.0,3851.0,3738.0,113.0,33.07964601769911,0
314,102.2265252769101,0.3255621824105417,17.376381987690504,0.0553387961391417,17.376381987690504,0.0553387961391417,0.0,84.85014328921957,17.376381987690504,0.0553387961391417,85.04742066188557,0.1972773726659937,0.0001276876198485,0.0547105242516704,0.0,1859.0,1545.0,314.0,4.920382165605096,0
315,89.23303589623652,1.222370354742966,4.235241352932442,0.0580170048346909,4.235241352932442,0.0580170048346909,0.0,84.99779454330402,4.235241352932442,0.0580170048346909,85.45241321589623,0.4546186725922041,0.0001220452812328,0.0517893517854833,0.0,3798.0,3725.0,73.0,51.02739726027397,0
316,91.11403053232468,0.8846022381779096,5.713191868033961,0.0554678822139219,5.713191868033961,0.0554678822139219,0.0,85.40083866429069,5.713191868033961,0.0554678822139219,85.64930389154873,0.2484652272580376,0.0001510426913422,0.0530555984541355,0.0,1748.0,1645.0,103.0,15.970873786407768,0
317,95.12617484508976,0.5562934201467237,9.527457139770544,0.0557161236243891,9.527457139770544,0.0557161236243891,0.0,85.59871770531919,9.527457139770544,0.0557161236243891,85.85261876623969,0.2539010609204979,0.0001344814941316,0.0542313220985383,0.0,2059.0,1888.0,171.0,11.04093567251462,0
318,102.77123387092774,0.341432670667534,16.97030586544557,0.0563797537057992,16.97030586544557,0.0563797537057992,0.0,85.80092800548215,16.97030586544557,0.0563797537057992,86.2149779217313,0.4140499162491551,0.0001176946890986,0.0550041725886924,0.0,3819.0,3518.0,301.0,11.687707641196011,0
319,97.53663642767272,0.4828546357805581,11.37349598151497,0.0563044355520543,11.37349598151497,0.0563044355520543,0.0,86.16314044615775,11.37349598151497,0.0563044355520543,86.46771709580534,0.3045766496475863,0.0001402932517952,0.0547966303557791,0.0,2373.0,2171.0,202.0,10.747524752475249,0
320,92.74915292766028,0.8431741175241845,6.333182125668452,0.0575743829606223,6.333182125668452,0.0575743829606223,0.0,86.4159708019918,6.333182125668452,0.0575743829606223,86.78195437218268,0.3659835701908775,0.0001287767664288,0.0542472595952509,0.0,2952.0,2842.0,110.0,25.83636363636364,0
321,96.24920721978772,0.5729119477368316,9.520610247658588,0.0566702990932058,9.520610247658588,0.0566702990932058,0.0,86.72859697212914,9.520610247658588,0.0566702990932058,87.04344355058646,0.3148465784573204,0.0001414405114363,0.0547962123166741,0.0,2394.0,2226.0,168.0,13.25,0
322,92.85841506562338,0.9103766182904252,5.868387982418418,0.057533215513906,5.868387982418418,0.057533215513906,0.0,86.99002708320492,5.868387982418418,0.057533215513906,87.30799172666218,0.3179646434572589,0.0001272876875329,0.0544159150878548,0.0,2600.0,2498.0,102.0,24.49019607843137,0
323,94.89289310177158,0.7243732297845159,7.638098027642938,0.0583060918140682,7.638098027642938,0.0583060918140682,0.0,87.25479507412864,7.638098027642938,0.0583060918140682,87.73347462973967,0.4786795556110377,0.0001294778348961,0.0546520494048236,0.0,3828.0,3697.0,131.0,28.221374045801525,0
324,98.50481132890783,0.5157319964864285,10.824900969941716,0.0566748741881765,10.824900969941716,0.0566748741881765,0.0,87.67991035896613,10.824900969941716,0.0566748741881765,87.94443137730592,0.2645210183397921,0.0001263836685808,0.055289947390586,0.0,2284.0,2093.0,191.0,10.958115183246074,0
325,92.64395142765606,1.1298042857031227,4.753850696995665,0.057973788987752,4.753850696995665,0.057973788987752,0.0,87.89010073066038,4.753850696995665,0.057973788987752,88.15252159978508,0.2624208691246963,0.0001690856115494,0.0547735344862315,0.0,1634.0,1552.0,82.0,18.92682926829268,0
326,94.4473126940052,0.8284851990702211,6.348158449089654,0.055685600430611,6.348158449089654,0.055685600430611,0.0,88.09915424491554,6.348158449089654,0.055685600430611,88.20396797312928,0.1048137282137418,0.0001306904341817,0.0547661817620695,0.0,916.0,802.0,114.0,7.035087719298246,0
327,92.58809773397051,1.2683301059448016,4.43557613418542,0.0607613169066495,4.43557613418542,0.0607613169066495,0.0,88.15252159978508,4.43557613418542,0.0607613169066495,88.58514372908108,0.4326221292960071,0.000149592714141,0.0548349863683483,0.0,2965.0,2892.0,73.0,39.61643835616438,0
328,112.36349175199142,0.2613104459348637,23.83420478763585,0.0554283832270601,23.83420478763585,0.0554283832270601,0.0,88.52928696435553,23.83420478763585,0.0554283832270601,88.74520823580171,0.2159212714461773,0.000162224847067,0.0549262407353249,0.0,1761.0,1331.0,430.0,3.0953488372093023,0
329,184.14986919440665,0.0650706251570341,95.45922640243472,0.0337311754072207,95.45922640243472,0.0337311754072207,0.0,88.69064279197217,95.45922640243472,0.0337311754072207,88.74520823580171,0.0545654438295457,0.0545654438295457,0.0337118943316625,0.0,2831.0,1.0,2830.0,0.0003533568904593,0
330,91.56036349875394,1.8685788469133455,2.869720706781775,0.0585657287098321,2.869720706781775,0.0585657287098321,0.0,88.69064279197217,2.869720706781775,0.0585657287098321,88.90634038124234,0.215697589270178,0.0001287746801613,0.0541637370920734,0.0,1724.0,1675.0,49.0,34.18367346938776,0
331,93.94334133155851,1.0798085210523969,5.09140237142572,0.0585218663382266,5.09140237142572,0.0585218663382266,0.0,88.8519389601328,5.09140237142572,0.0585218663382266,89.17948102136697,0.327542061234169,0.0001569439680087,0.0547570150596729,0.0,2174.0,2087.0,87.0,23.988505747126435,0
332,98.10474119814523,0.6370437740139302,8.981235170623819,0.0583197089001546,8.981235170623819,0.0583197089001546,0.0,89.12350602752143,8.981235170623819,0.0583197089001546,89.56606185194975,0.4425558244283252,0.0001338239565855,0.0554459697804902,0.0,3461.0,3307.0,154.0,21.47402597402597,0
333,101.72809352803844,0.4775966832302273,12.217748537198236,0.0573603217708837,12.217748537198236,0.0573603217708837,0.0,89.51034499084021,12.217748537198236,0.0573603217708837,89.90009722051848,0.3897522296782654,0.0001289289545743,0.0555304990963378,0.0,3236.0,3023.0,213.0,14.192488262910798,0
334,100.50802902586638,0.5492242023271386,10.664738649113447,0.0582772603776691,10.664738649113447,0.0582772603776691,0.0,89.84329037675293,10.664738649113447,0.0582772603776691,90.3558524811196,0.5125621043666797,0.0001529579541529,0.0554763745614577,0.0,3534.0,3351.0,183.0,18.311475409836067,0
335,100.55995368753425,0.5649435600423273,10.265174656580168,0.0576695205425852,10.265174656580168,0.0576695205425852,0.0,90.29477903095407,10.265174656580168,0.0576695205425852,90.7033377423326,0.408558711378518,0.0001311584948245,0.0553742468831553,0.0,3293.0,3115.0,178.0,17.5,0
336,95.28992545461418,1.287701695332624,4.450118911626025,0.0601367420490003,4.450118911626025,0.0601367420490003,0.0,90.8398065429882,4.450118911626025,0.0601367420490003,91.22898275201578,0.3891762090275961,0.0001264791059563,0.0548776040891675,0.0,3151.0,3077.0,74.0,41.58108108108108,0
337,98.3357574994154,0.826350903356432,7.163445628285178,0.06019702208643,7.163445628285178,0.06019702208643,0.0,91.17231187113023,7.163445628285178,0.06019702208643,91.74020734781055,0.5678954766803344,0.0001459510348702,0.0554247911899566,0.0,4010.0,3891.0,119.0,32.69747899159664,0
338,99.40173124491773,0.7587918415642575,7.721957436296717,0.0589462399717306,7.721957436296717,0.0589462399717306,0.0,91.67977380862102,7.721957436296717,0.0589462399717306,92.13822135727337,0.4584475486523445,0.0001248155591212,0.0554466403636974,0.0,3804.0,3673.0,131.0,28.0381679389313,0
339,99.78486543824552,0.7735260886685699,7.707307010753706,0.0597465659748349,7.707307010753706,0.0597465659748349,0.0,92.07755842749182,7.707307010753706,0.0597465659748349,92.64395142765606,0.5663930001642399,0.0001427761533058,0.0553559225627089,0.0,4096.0,3967.0,129.0,30.751937984496124,0
340,95.68935401120596,1.840179884830884,3.1012562772354824,0.05963954379299,3.1012562772354824,0.05963954379299,0.0,92.58809773397051,3.1012562772354824,0.05963954379299,92.85841506562338,0.270317331652862,0.0001302734128447,0.0544411335688959,0.0,2127.0,2075.0,52.0,39.90384615384615,0
341,99.67801228613844,0.8519488229584482,6.874786024216626,0.0587588549078344,6.874786024216626,0.0587588549078344,0.0,92.80322626192184,6.874786024216626,0.0587588549078344,93.18297137095097,0.3797451090291162,0.0001593558997184,0.0555131702152776,0.0,2500.0,2383.0,117.0,20.36752136752137,0
342,111.51247447452612,0.3399770563247747,18.38675282151671,0.0560571732363314,18.38675282151671,0.0560571732363314,0.0,93.1257216530094,18.38675282151671,0.0560571732363314,93.5157432383442,0.390021585334793,0.0001209369256852,0.0548680830371399,0.0,3553.0,3225.0,328.0,9.832317073170731,0
343,109.4301441440952,0.3853174089580817,15.973241691148536,0.0562438087716497,15.973241691148536,0.0562438087716497,0.0,93.45690245294666,15.973241691148536,0.0562438087716497,93.72841529301536,0.271512840068695,0.0001451164297534,0.0552877776446473,0.0,2155.0,1871.0,284.0,6.588028169014085,0
344,103.04191174069246,0.6440119483793278,9.368388836658646,0.0585524302291165,9.368388836658646,0.0585524302291165,0.0,93.67352290403382,9.368388836658646,0.0585524302291165,94.17245714374069,0.4989342397068554,0.0001477885781122,0.0554340912309486,0.0,3536.0,3376.0,160.0,21.1,0
345,123.6530698448243,0.2319945025231225,29.53710163380917,0.0554167010015181,29.53710163380917,0.0554167010015181,0.0,94.11596821101512,29.53710163380917,0.0554167010015181,94.4473126940052,0.331344482990076,0.0001355746657078,0.05479504155876,0.0,2977.0,2444.0,533.0,4.585365853658536,0
346,102.28141151248364,0.7465796460765229,7.889722764260012,0.0575892172573723,7.889722764260012,0.0575892172573723,0.0,94.39168874822366,7.889722764260012,0.0575892172573723,94.6685203614125,0.2768316131888468,0.0001430654331725,0.0555685485479645,0.0,2072.0,1935.0,137.0,14.124087591240876,0
347,107.5947247156618,0.4760828527241672,12.982288051966808,0.057443752442331,12.982288051966808,0.057443752442331,0.0,94.61243666369496,12.982288051966808,0.057443752442331,95.12617484508976,0.5137381813947854,0.0001378053061681,0.0551705746485488,0.0,3954.0,3728.0,226.0,16.495575221238937,0
348,105.9178770494468,0.5664057596227101,10.849186044666576,0.0580170376720137,10.849186044666576,0.0580170376720137,0.0,95.0686910047802,10.849186044666576,0.0580170376720137,95.58237857302588,0.5136875682456861,0.0001372395319919,0.0552700453284539,0.0,3930.0,3743.0,187.0,20.016042780748663,0
349,99.62439977728488,1.5094606026861348,4.100150694104537,0.0621234953652202,4.100150694104537,0.0621234953652202,0.0,95.52424908318037,4.100150694104537,0.0621234953652202,95.97653616865767,0.4522870854773231,0.0001333000546646,0.055270660736776,0.0,3459.0,3393.0,66.0,51.40909090909091,0
350,107.8693956391423,0.5161215102351306,11.89285947048459,0.0569036338300698,11.89285947048459,0.0569036338300698,0.0,95.97653616865767,11.89285947048459,0.0569036338300698,96.3651567609508,0.3886205922931225,0.0001374674893148,0.055044205158811,0.0,3036.0,2827.0,209.0,13.526315789473683,0
351,104.08401270595098,0.7653236228378749,7.777468645597703,0.0571872694529242,7.777468645597703,0.0571872694529242,0.0,96.30654406035326,7.777468645597703,0.0571872694529242,96.58404754606096,0.2775034857077116,0.0001288915400407,0.05514680264625,0.0,2289.0,2153.0,136.0,15.830882352941176,0
352,101.44277524937073,1.2222021114382016,4.914184139139287,0.0592070378209552,4.914184139139287,0.0592070378209552,0.0,96.52859111023145,4.914184139139287,0.0592070378209552,96.85895012241252,0.3303590121810771,0.0001450215154438,0.0552268087585327,0.0,2361.0,2278.0,83.0,27.44578313253012,0
353,106.081746744842,0.6588928369244845,9.278739606483049,0.0576319230216338,9.278739606483049,0.0576319230216338,0.0,96.80300713835896,9.278739606483049,0.0576319230216338,97.1979286358789,0.3949214975199311,0.0001485784415048,0.0551789944656093,0.0,2819.0,2658.0,161.0,16.509316770186334,0
354,109.68337175324518,0.4963048495621954,12.543042687403824,0.0567558492642707,12.543042687403824,0.0567558492642707,0.0,97.14032906584136,12.543042687403824,0.0567558492642707,97.53663642767272,0.3963073618313757,0.0001341595673091,0.0549626032831332,0.0,3175.0,2954.0,221.0,13.366515837104073,0
355,121.59357721450924,0.2814666139224751,24.05694078683649,0.0556873629324918,24.05694078683649,0.0556873629324918,0.0,97.53663642767272,24.05694078683649,0.0556873629324918,97.99490242828608,0.4582660006133494,0.0001324851114811,0.0546265620051462,0.0,3891.0,3459.0,432.0,8.006944444444445,0
356,106.24418952168745,0.7481985177583623,8.307062559502912,0.0585004405598796,8.307062559502912,0.0585004405598796,0.0,97.93712696218454,8.307062559502912,0.0585004405598796,98.4517444078105,0.5146174456259587,0.000133113669329,0.0548763740413869,0.0,4008.0,3866.0,142.0,27.225352112676056,0
357,108.84232845759112,0.5883369105815736,10.447247277482155,0.0564716069053089,10.447247277482155,0.0564716069053089,0.0,98.39508118010896,10.447247277482155,0.0564716069053089,98.66714817950049,0.2720669993915265,0.0001540583235512,0.0550009744761656,0.0,1951.0,1766.0,185.0,9.545945945945943,0
358,184.55963722714228,0.0689684743001279,85.94707089486413,0.0321177394973333,85.94707089486413,0.0321177394973333,0.0,98.61256633227892,85.94707089486413,0.0321177394973333,98.83122518035825,0.2186588480793005,0.0001747872486645,0.0320360284180807,0.0,3927.0,1251.0,2676.0,0.4674887892376682,0
359,104.92521642418008,1.0186914215939815,6.149653681507402,0.0597053755486155,6.149653681507402,0.0597053755486155,0.0,98.77556274267268,6.149653681507402,0.0597053755486155,99.29040783128256,0.5148450886098743,0.0001353075134322,0.0547068795426944,0.0,3908.0,3805.0,103.0,36.94174757281554,0
360,163.59973598091784,0.1050062490249793,64.36752041125581,0.0413141979533092,64.36752041125581,0.0413141979533092,0.0,99.23221556966102,64.36752041125581,0.0413141979533092,99.57202658613436,0.3398110164733339,0.0001346853018126,0.041096090754033,0.0,4081.0,2523.0,1558.0,1.6193838254172015,0
361,108.78337298380956,0.6592931695988459,9.267299597536734,0.0561654521062832,9.267299597536734,0.0561654521062832,0.0,99.5160733862728,9.267299597536734,0.0561654521062832,99.73160355435198,0.2155301680791694,0.0002016184921227,0.0548592086633793,0.0,1234.0,1069.0,165.0,6.478787878787879,0
362,112.2029391519588,0.5009059783569589,12.52492686582033,0.055914852079555,12.52492686582033,0.055914852079555,0.0,99.67801228613844,12.52492686582033,0.055914852079555,100.05848088734524,0.3804686012068003,0.0001300302806585,0.0542163315384534,0.0,3150.0,2926.0,224.0,13.0625,0
363,102.93430696868838,2.2874290437486304,2.9307661395726843,0.0651281364349485,2.9307661395726843,0.0651281364349485,0.0,100.00354082911568,2.9307661395726843,0.0651281364349485,100.50802902586638,0.5044881967506853,0.0001258389116364,0.0539172876182666,0.0,4054.0,4009.0,45.0,89.08888888888889,0
364,103.53314857118347,2.2028329483230524,3.084976227866645,0.065637792082269,3.084976227866645,0.065637792082269,0.0,100.44817234331684,3.084976227866645,0.065637792082269,101.0077721932426,0.5595998499257462,0.0001460714826222,0.0537314122966146,0.0,3878.0,3831.0,47.0,81.51063829787235,0
365,105.86206028420924,1.2168052906230948,4.913897484236212,0.0564815802785771,4.913897484236212,0.0564815802785771,0.0,100.94816279997303,4.913897484236212,0.0564815802785771,101.11519528198968,0.1670324820166229,0.0001813599153274,0.054561666692179,0.0,1008.0,921.0,87.0,10.586206896551724,0
366,109.89249035121937,0.6999521678421615,8.831688487715237,0.0562527929153836,8.831688487715237,0.0562527929153836,0.0,101.06080186350412,8.831688487715237,0.0562527929153836,101.33475879554784,0.2739569320437169,0.0001264805780441,0.0545078443036402,0.0,2323.0,2166.0,157.0,13.796178343949045,0
367,110.88370273331248,0.656116584220784,9.604851001818185,0.0568334378805809,9.604851001818185,0.0568334378805809,0.0,101.2788517314943,9.604851001818185,0.0568334378805809,101.72809352803844,0.4492417965441291,0.0001480691484983,0.0541752023980713,0.0,3203.0,3034.0,169.0,17.952662721893493,0
368,108.72477371124404,0.8911866697642953,7.053921285019117,0.0578190269263862,7.053921285019117,0.0578190269263862,0.0,101.67085242622488,7.053921285019117,0.0578190269263862,102.06546212482048,0.3946096985955876,0.0001249160172825,0.054584521200193,0.0,3281.0,3159.0,122.0,25.89344262295082,0
369,106.13691904844757,1.4948861837809515,4.130754875872598,0.0581796461390506,4.130754875872598,0.0581796461390506,0.0,102.00616417257493,4.130754875872598,0.0581796461390506,102.28141151248364,0.2752473399087165,0.0001739869405238,0.0543029230417452,0.0,1653.0,1582.0,71.0,22.281690140845072,0
370,109.53296981747542,0.8425613062882724,7.306444540565305,0.05620341954281,7.306444540565305,0.05620341954281,0.0,102.2265252769101,7.306444540565305,0.05620341954281,102.44403450332436,0.2175092264142648,0.0001294697776275,0.0545302716473158,0.0,1810.0,1680.0,130.0,12.923076923076923,0
371,113.29559975874548,0.5780387742793136,10.906845115762604,0.0556471689579724,10.906845115762604,0.0556471689579724,0.0,102.38875464298282,10.906845115762604,0.0556471689579724,102.71748695350506,0.3287323105222413,0.0001541173513934,0.0539699632920429,0.0,2329.0,2133.0,196.0,10.88265306122449,0
372,107.64780708782412,1.2517186870677224,4.986127555940596,0.0579782273946581,4.986127555940596,0.0579782273946581,0.0,102.66167953188352,4.986127555940596,0.0579782273946581,102.99087525437392,0.3291957224903967,0.0001287933186582,0.0541503701563978,0.0,2642.0,2556.0,86.0,29.72093023255814,0
373,124.44179186657168,0.3223880618304965,21.50748489788335,0.0557188727924439,21.50748489788335,0.0557188727924439,0.0,102.93430696868838,21.50748489788335,0.0557188727924439,103.42780083297126,0.4934938642828825,0.0001414833326499,0.0544403912787575,0.0,3874.0,3488.0,386.0,9.036269430051814,0
374,115.22512706332928,0.5460906495892383,11.853424931339491,0.0561773693428412,11.853424931339491,0.0561773693428412,0.0,103.37170213198972,11.853424931339491,0.0561773693428412,103.8115019394512,0.439799807461469,0.0001367536714743,0.0540930100657729,0.0,3427.0,3216.0,211.0,15.24170616113744,0
375,109.10974580920114,1.2259522001033836,5.354390443179486,0.0601616903728032,5.354390443179486,0.0601616903728032,0.0,103.75535536602165,5.354390443179486,0.0601616903728032,104.2582020184956,0.5028466524739628,0.0001277233051749,0.0545117279854554,0.0,4026.0,3937.0,89.0,44.235955056179776,0
376,108.72477371124404,1.4496636494832538,4.523292118017952,0.0603105615735726,4.523292118017952,0.0603105615735726,0.0,104.20148159322606,4.523292118017952,0.0603105615735726,104.6503203249114,0.4488387316853277,0.0001339817109508,0.0543260451511018,0.0,3425.0,3350.0,75.0,44.66666666666666,0
377,124.165732883847,0.3527435593291108,19.574388995789185,0.0556090596471283,19.574388995789185,0.0556090596471283,0.0,104.59134388805784,19.574388995789185,0.0556090596471283,105.04111875945516,0.4497748713973237,0.0001386055073643,0.0543312901261131,0.0,3597.0,3245.0,352.0,9.21875,0
378,108.66603425787848,1.781410397670139,3.683504596076832,0.0603853212471611,3.683504596076832,0.0603853212471611,0.0,104.98252966180164,3.683504596076832,0.0603853212471611,105.36459079080942,0.3820611290077806,0.0001470597109344,0.0541220240503125,0.0,2659.0,2598.0,61.0,42.59016393442623,0
379,174.87597058759806,0.0866151414500238,69.56647746167496,0.0344559076085562,69.56647746167496,0.0344559076085562,0.0,105.30949312592388,69.56647746167496,0.0344559076085562,105.47334643626964,0.1638533103457717,0.0001493649137153,0.0343747519323072,0.0,3116.0,1097.0,2019.0,0.5433382862803368,0
380,110.052712165396,1.3930723058910883,4.634374457163874,0.0586629678122009,4.634374457163874,0.0586629678122009,0.0,105.4183377082321,4.634374457163874,0.0586629678122009,105.80776412396372,0.3894264157316058,0.0001611864303524,0.0537335195118012,0.0,2495.0,2416.0,79.0,30.582278481012654,0
381,109.16335810640668,1.8193893017734448,3.414466876256513,0.0569077812709418,3.414466876256513,0.0569077812709418,0.0,105.74889123015016,3.414466876256513,0.0569077812709418,105.9178770494468,0.1689858192966227,0.0001529283432548,0.0540913509493317,0.0,1165.0,1105.0,60.0,18.416666666666668,0
382,112.79954764163575,0.902396381133086,6.937487357426486,0.0554998988594118,6.937487357426486,0.0554998988594118,0.0,105.86206028420924,6.937487357426486,0.0554998988594118,106.13691904844757,0.2748587642383029,0.000158146584717,0.0533010287455056,0.0,1863.0,1738.0,125.0,13.904,0
383,118.8973768302913,0.5102891709454562,12.815630085449287,0.055002704229396,12.815630085449287,0.055002704229396,0.0,106.081746744842,12.815630085449287,0.055002704229396,106.40726917855208,0.3255224337100628,0.000138226086501,0.0536056122392241,0.0,2588.0,2355.0,233.0,10.107296137339056,0
384,116.18601912525968,0.6639201092871982,9.832985289481115,0.0561884873684635,9.832985289481115,0.0561884873684635,0.0,106.35303383577852,9.832985289481115,0.0561884873684635,106.73529932599013,0.3822654902115943,0.0001312274254073,0.0540041131386832,0.0,3088.0,2913.0,175.0,16.645714285714284,0
385,196.3839155569916,0.0581533655780253,89.7040082123692,0.0265632242263456,89.7040082123692,0.0265632242263456,0.0,106.67990734462458,89.7040082123692,0.0265632242263456,106.73529932599013,0.0553919813655454,0.0006366894409832,0.0265468215075515,0.0,3464.0,87.0,3377.0,0.0257625111045306,0
386,113.18302588331038,0.984200225072264,6.503118538685768,0.0565488568581371,6.503118538685768,0.0565488568581371,0.0,106.67990734462458,6.503118538685768,0.0565488568581371,107.06774106415229,0.3878337195277055,0.0001401639752539,0.0531763897318094,0.0,2882.0,2767.0,115.0,24.06086956521739,0
387,109.48350408174872,2.881144844256545,2.472442034353986,0.065064264061947,2.472442034353986,0.065064264061947,0.0,107.01106204739474,2.472442034353986,0.065064264061947,107.4588591464145,0.4477970990197519,0.0001441252330285,0.0532801298772167,0.0,3145.0,3107.0,38.0,81.76315789473684,0
388,127.80875272822232,0.3501609663786912,20.214028012560643,0.0553808986645497,20.214028012560643,0.0553808986645497,0.0,107.5947247156618,20.214028012560643,0.0553808986645497,107.9870415993134,0.3923168836515884,0.0001395152502317,0.0543060578874217,0.0,3177.0,2812.0,365.0,7.704109589041096,0
389,115.90461755640318,0.8278901254028799,7.976940578455299,0.0569781469889664,7.976940578455299,0.0569781469889664,0.0,107.92767697794784,7.976940578455299,0.0569781469889664,108.38388647002417,0.4562094920763258,0.000131624204292,0.0537195077598501,0.0,3606.0,3466.0,140.0,24.757142857142856,0
390,119.25137026555656,0.6115454885413156,10.924973487041928,0.0560255050617534,10.924973487041928,0.0560255050617534,0.0,108.32639677851462,10.924973487041928,0.0560255050617534,108.84232845759112,0.5159316790764876,0.0001331780276397,0.0533797015793099,0.0,4069.0,3874.0,195.0,19.866666666666667,0
391,118.33144242868174,0.6839967770444031,9.548069444872183,0.0551911528605328,9.548069444872183,0.0551911528605328,0.0,108.78337298380956,9.548069444872183,0.0551911528605328,109.16335810640668,0.3799851225971196,0.000152665778464,0.0529947070651736,0.0,2662.0,2489.0,173.0,14.38728323699422,0
392,118.38536508370429,0.7046747921649064,9.27561927450314,0.0552120194910901,9.27561927450314,0.0552120194910901,0.0,109.10974580920114,9.27561927450314,0.0552120194910901,109.48350408174872,0.3737582725475903,0.0001260567529671,0.0529872678687829,0.0,3133.0,2965.0,168.0,17.648809523809526,0
393,156.78782409081427,0.1480527139667745,47.3576799467176,0.0447192445200355,47.3576799467176,0.0447192445200355,0.0,109.4301441440952,47.3576799467176,0.0447192445200355,109.58297393989696,0.1528297958017646,0.0001607043068367,0.0445749293209795,0.0,2010.0,951.0,1059.0,0.8980169971671388,0
394,116.76885766270802,0.934150861301664,7.235887845232529,0.0578871027618602,7.235887845232529,0.0578871027618602,0.0,109.53296981747542,7.235887845232529,0.0578871027618602,110.00362389436646,0.4706540768910372,0.0001327281660719,0.0541218701467324,0.0,3671.0,3546.0,125.0,28.368,0
395,119.5966176040986,0.6913099283473907,9.648857173977712,0.0557737408900445,9.648857173977712,0.0557737408900445,0.0,109.94776043012092,9.648857173977712,0.0557737408900445,110.3146893667517,0.3669289366307851,0.0001311397200252,0.0536527643777277,0.0,2971.0,2798.0,173.0,16.173410404624278,0
396,201.12701135284863,0.0541245993952768,90.86709820010792,0.0244529327772088,90.86709820010792,0.0244529327772088,0.0,110.25991315274617,90.86709820010792,0.0244529327772088,110.3146893667517,0.0547762140055425,0.0547762140055425,0.0244381921383468,0.0,3717.0,1.0,3716.0,0.0002691065662002,0
397,122.87346859918462,0.5485422705320742,12.61355544643851,0.0563105153858862,12.61355544643851,0.0563105153858862,0.0,110.25991315274617,12.61355544643851,0.0563105153858862,110.6791091728865,0.4191960201403475,0.0001178178808713,0.054439104581688,0.0,3782.0,3558.0,224.0,15.883928571428571,0
398,128.54121783419393,0.3991963286776209,17.915529122481107,0.0556382892002518,17.915529122481107,0.0556382892002518,0.0,110.62568871171295,17.915529122481107,0.0556382892002518,110.99232825610756,0.3666395443946157,0.0001232816221905,0.0544996570748023,0.0,3296.0,2974.0,322.0,9.236024844720497,0
399,113.50840734986478,2.7684977402406044,2.570945565042723,0.0627059893912859,2.570945565042723,0.0627059893912859,0.0,110.93746178482203,2.570945565042723,0.0627059893912859,111.35750352955267,0.4200417447306535,0.0001415711980891,0.0524610687880998,0.0,3008.0,2967.0,41.0,72.36585365853658,0
400,118.38536508370429,0.9177160084008084,7.0813532052771375,0.0548942108936212,7.0813532052771375,0.0548942108936212,0.0,111.30401187842716,7.0813532052771375,0.0548942108936212,111.51247447452612,0.2084625960989683,0.0001273442859492,0.0532782217765748,0.0,1766.0,1637.0,129.0,12.689922480620154,0
401,119.98528938707818,0.7999019292471878,8.525148751453646,0.0568343250096909,8.525148751453646,0.0568343250096909,0.0,111.46014063562455,8.525148751453646,0.0568343250096909,111.88515701117674,0.4250163755521754,0.0001394410680945,0.0540008825060095,0.0,3198.0,3048.0,150.0,20.32,0
402,122.92790651387496,0.6208480126963382,11.097134580255837,0.0560461342437163,11.097134580255837,0.0560461342437163,0.0,111.8307719336192,11.097134580255837,0.0560461342437163,112.09765778705172,0.2668858534325125,0.0001451255320459,0.0546982258930466,0.0,2037.0,1839.0,198.0,9.287878787878787,0
403,120.90830678145866,0.7652424479839156,8.865298595996553,0.0561094847847883,8.865298595996553,0.0561094847847883,0.0,112.04300818546216,8.865298595996553,0.0561094847847883,112.31156713190587,0.2685589464437043,0.0001459559491541,0.0544097446174227,0.0,1998.0,1840.0,158.0,11.645569620253164,0
404,121.42368764792457,0.7541843953287239,9.166944060904267,0.0569375407509581,9.166944060904267,0.0569375407509581,0.0,112.25674358702034,9.166944060904267,0.0569375407509581,112.63942844288312,0.3826848558627915,0.0001370157020632,0.0545606161803815,0.0,2954.0,2793.0,161.0,17.347826086956523,0
405,124.22257612812452,0.6030222142141968,11.641034982447016,0.056509878555568,11.641034982447016,0.056509878555568,0.0,112.5815411456776,11.641034982447016,0.056509878555568,112.9661219381164,0.3845807924387969,0.0001235799461564,0.0546429815048939,0.0,3318.0,3112.0,206.0,15.106796116504857,0
406,133.506541151097,0.3608284895975595,20.595359271210093,0.0556631331654326,20.595359271210093,0.0556631331654326,0.0,112.91118187988684,20.595359271210093,0.0556631331654326,113.349786895887,0.4386050160001673,0.0001368075533375,0.0544777142032702,0.0,3576.0,3206.0,370.0,8.664864864864866,0
407,129.05066731424762,0.4608952404080272,15.755067555502324,0.0562680984125083,15.755067555502324,0.0562680984125083,0.0,113.29559975874548,15.755067555502324,0.0562680984125083,113.73194927212695,0.4363495133814865,0.0001367009753701,0.054709707293288,0.0,3472.0,3192.0,280.0,11.4,0
408,144.9202555117525,0.2560428542610468,31.24391051020697,0.0552012553183868,31.24391051020697,0.0552012553183868,0.0,113.6763450015454,31.24391051020697,0.0552012553183868,114.11796764647784,0.4416226449324227,0.0001273788996055,0.0544210032955382,0.0,4033.0,3467.0,566.0,6.125441696113074,0
409,131.97646233018557,0.4073347602783505,17.914766987057348,0.0552924907007942,17.914766987057348,0.0552924907007942,0.0,114.06169534312828,17.914766987057348,0.0552924907007942,114.2789065972128,0.2172112540845034,0.0001573994594815,0.0546220855955949,0.0,1704.0,1380.0,324.0,4.25925925925926,0
410,118.013614195338,1.7613972267960896,3.789772117986783,0.0565637629550266,3.789772117986783,0.0565637629550266,0.0,114.22384207735124,3.789772117986783,0.0565637629550266,114.44044086776644,0.2165987904151762,0.0001446885707516,0.0533309451876355,0.0,1564.0,1497.0,67.0,22.34328358208955,0
411,126.1804964969652,0.6066370023892558,11.795154512452472,0.0567074736175599,11.795154512452472,0.0567074736175599,0.0,114.38534198451288,11.795154512452472,0.0567074736175599,114.77734861272069,0.3920066282077954,0.0001416208916935,0.0548228263665601,0.0,2976.0,2768.0,208.0,13.307692307692308,0
412,123.9344714136808,0.7650276013190174,9.216272400885812,0.0568905703758383,9.216272400885812,0.0568905703758383,0.0,114.71819901279513,9.216272400885812,0.0568905703758383,115.11393010399873,0.3957310912036007,0.0001593761946047,0.054447785862235,0.0,2645.0,2483.0,162.0,15.32716049382716,0
413,121.08367554245127,1.1755696654606922,6.026858426474213,0.0585131886065457,6.026858426474213,0.0585131886065457,0.0,115.05681711597718,6.026858426474213,0.0585131886065457,115.51674666462098,0.4599295486437995,0.0001434142652459,0.0540478531828185,0.0,3310.0,3207.0,103.0,31.135922330097088,0
414,127.488584528507,0.5957410491986309,12.030261613059714,0.0562161757619612,12.030261613059714,0.0562161757619612,0.0,115.45832291544744,12.030261613059714,0.0562161757619612,115.85938568202435,0.4010627665769277,0.0001427269631946,0.0543420506844983,0.0,3024.0,2810.0,214.0,13.130841121495328,0
415,125.83653137739807,0.7190658935851318,9.93191382099502,0.0567537932628286,9.93191382099502,0.0567537932628286,0.0,115.90461755640318,9.93191382099502,0.0567537932628286,116.30574852056678,0.4011309641635989,0.0001261021578634,0.0544616163247502,0.0,3356.0,3181.0,175.0,18.177142857142854,0
416,121.14356615415284,1.4773605628555224,4.8981458798476805,0.0597334863396058,4.8981458798476805,0.0597334863396058,0.0,116.24542027430525,4.8981458798476805,0.0597334863396058,116.76885766270802,0.5234373884027832,0.0001407468105412,0.0533501035542051,0.0,3801.0,3719.0,82.0,45.35365853658536,0
417,129.05066731424762,0.5919755381387506,12.281809651539785,0.05633857638321,12.281809651539785,0.05633857638321,0.0,116.76885766270802,12.281809651539785,0.05633857638321,117.2326141248182,0.4637564621101973,0.0001355616667963,0.0542112531625202,0.0,3639.0,3421.0,218.0,15.692660550458717,0
418,129.36784811140822,0.6737908755802512,11.036405682726564,0.0574812795975341,11.036405682726564,0.0574812795975341,0.0,118.33144242868174,11.036405682726564,0.0574812795975341,118.78600862948709,0.4545662008053313,0.0001292482800128,0.0551137473016726,0.0,3709.0,3517.0,192.0,18.31770833333333,0
419,127.53381640288582,0.8445948106151379,8.805650435724367,0.0583155657994991,8.805650435724367,0.0583155657994991,0.0,118.72816596716152,8.805650435724367,0.0583155657994991,119.25137026555656,0.5232042983950151,0.0001456987742676,0.0548506366710547,0.0,3742.0,3591.0,151.0,23.781456953642383,0
420,125.55753625330544,1.173434918255191,6.365324654362508,0.0594890154613318,6.365324654362508,0.0594890154613318,0.0,119.192211598943,6.365324654362508,0.0594890154613318,119.65355330815214,0.4613417092091367,0.0001339941066538,0.0551774107023673,0.0,3550.0,3443.0,107.0,32.177570093457945,0
421,124.881478904689,1.3723239440075714,5.284861300590457,0.0580753989075874,5.284861300590457,0.0580753989075874,0.0,119.5966176040986,5.284861300590457,0.0580753989075874,119.87567105270612,0.2790534486075131,0.0001425924622419,0.0550088774943175,0.0,2048.0,1957.0,91.0,21.505494505494507,0
422,129.80821427841087,0.7546989202233191,9.989125348062382,0.0580763101631533,9.989125348062382,0.0580763101631533,0.0,119.81908893034856,9.989125348062382,0.0580763101631533,120.40410466918097,0.5850157388323964,0.0001520311171601,0.0546750558676157,0.0,4020.0,3848.0,172.0,22.37209302325581,0
423,187.74332617704343,0.0750373006303131,67.40197416231744,0.0269392382743075,67.40197416231744,0.0269392382743075,0.0,120.34135201472742,67.40197416231744,0.0269392382743075,120.5735157467816,0.2321637320541754,0.0001555014950128,0.0268464470144931,0.0,3995.0,1493.0,2502.0,0.596722621902478,0
424,131.24699957308047,0.6765309256344354,10.73071165182445,0.0553129466588889,10.73071165182445,0.0553129466588889,0.0,120.51628792125604,10.73071165182445,0.0553129466588889,120.68498637022948,0.16869844897343,0.0001626793143427,0.0544433670250051,0.0,1231.0,1037.0,194.0,5.345360824742268,0
425,125.83653137739807,1.3677883845369356,5.207624266102171,0.056604611588067,5.207624266102171,0.056604611588067,0.0,120.62890711129594,5.207624266102171,0.056604611588067,120.79563053026573,0.1667234189697666,0.0001830114368493,0.0547924005123082,0.0,1003.0,911.0,92.0,9.902173913043478,0
426,144.49073056412522,0.3368082297532056,23.75098786348082,0.0553636080733818,23.75098786348082,0.0553636080733818,0.0,120.73974270064416,23.75098786348082,0.0553636080733818,121.14356615415284,0.4038234535086644,0.0001515285003784,0.0544222946619402,0.0,3094.0,2665.0,429.0,6.212121212121212,0
427,128.4837039468444,1.003778937084722,7.400028404393185,0.0578127219093217,7.400028404393185,0.0578127219093217,0.0,121.08367554245127,7.400028404393185,0.0578127219093217,121.54019863638364,0.456523093932347,0.0001343110014511,0.0542461352379747,0.0,3527.0,3399.0,128.0,26.5546875,0
428,137.53422692970682,0.477549399061482,16.051154872000524,0.0557331766388907,16.051154872000524,0.0557331766388907,0.0,121.4830720577061,16.051154872000524,0.0557331766388907,121.87380837311296,0.390736315406869,0.0001315610489585,0.0543764533215064,0.0,3258.0,2970.0,288.0,10.3125,0
429,129.4736986446353,0.938215207569821,7.656378400727945,0.0554810029038256,7.656378400727945,0.0554810029038256,0.0,121.81732024390742,7.656378400727945,0.0554810029038256,121.98001268025304,0.1626924363456225,0.0001760740653091,0.0543020722056685,0.0,1062.0,924.0,138.0,6.695652173913044,0
430,141.95471836622914,0.3943186621284142,20.02853680196549,0.0556348244499041,20.02853680196549,0.0556348244499041,0.0,121.9261815642635,20.02853680196549,0.0556348244499041,122.3758033622848,0.4496217980213117,0.0001509304457943,0.0543858750109564,0.0,3339.0,2979.0,360.0,8.275,0
431,131.42061759180112,0.7964885914654614,9.102676068801856,0.0551677337503142,9.102676068801856,0.0551677337503142,0.0,122.31794152299928,9.102676068801856,0.0551677337503142,122.48707164519936,0.1691301222000873,0.0001310070659954,0.0541427027066772,0.0,1456.0,1291.0,165.0,7.824242424242424,0
432,129.80821427841087,1.0062652269644254,7.377344679921106,0.0571887184490008,7.377344679921106,0.0571887184490008,0.0,122.43086959848982,7.377344679921106,0.0571887184490008,122.82752836968032,0.3966587711904878,0.0001471832175103,0.0541138442537253,0.0,2824.0,2695.0,129.0,20.89147286821705,0
433,129.758096467367,1.0904041719946809,6.884627868182449,0.0578540156990121,6.884627868182449,0.0578540156990121,0.0,122.87346859918462,6.884627868182449,0.0578540156990121,123.3364467241726,0.4629781249879841,0.0001260490402907,0.053963443220121,0.0,3792.0,3673.0,119.0,30.865546218487395,0
434,135.63327255664242,0.6367759274959738,11.980202711817908,0.0562450831540746,11.980202711817908,0.0562450831540746,0.0,123.6530698448243,11.980202711817908,0.0562450831540746,124.05455738965988,0.4014875448355894,0.0001426750337013,0.0543601651032043,0.0,3027.0,2814.0,213.0,13.211267605633802,0
435,127.80875272822232,1.936496253457914,3.814880165496013,0.0578012146287274,3.814880165496013,0.0578012146287274,0.0,123.99387256272637,3.814880165496013,0.0578012146287274,124.27854222181008,0.2846696590837183,0.0001310633789519,0.0534880379759431,0.0,2238.0,2172.0,66.0,32.90909090909091,0
436,135.90917945079815,0.6534095165903757,11.686603322673394,0.0561855928974682,11.686603322673394,0.0561855928974682,0.0,124.22257612812452,11.686603322673394,0.0561855928974682,124.61107683818832,0.3885007100637807,0.0001351777000917,0.0543178010221626,0.0,3082.0,2874.0,208.0,13.817307692307692,0
437,128.76135879167592,1.7883522054399432,4.20781709485321,0.0584419040951834,4.20781709485321,0.0584419040951834,0.0,124.55354169682276,4.20781709485321,0.0584419040951834,124.881478904689,0.3279372078662419,0.000152955787251,0.053887220652596,0.0,2216.0,2144.0,72.0,29.77777777777778,0
438,134.5205728644869,0.7866700167513851,9.694291304683215,0.0566917620156913,9.694291304683215,0.0566917620156913,0.0,124.82628155980346,9.694291304683215,0.0566917620156913,125.27573852976091,0.4494569699574668,0.0001301641963386,0.0540633586826078,0.0,3624.0,3453.0,171.0,20.19298245614035,0
439,131.70237138931685,1.1655077114098835,6.48684341013742,0.0574056938950214,6.48684341013742,0.0574056938950214,0.0,125.21552797917938,6.48684341013742,0.0574056938950214,125.61451067390298,0.3989826947235997,0.0001515891697278,0.0538748735877333,0.0,2745.0,2632.0,113.0,23.292035398230087,0
440,181.2287591059057,0.0909782927238482,55.671222852601424,0.0279474010304224,55.671222852601424,0.0279474010304224,0.0,125.55753625330544,55.671222852601424,0.0279474010304224,125.61451067390298,0.0569744205975411,0.0027130676475019,0.0279187994136559,0.0,2013.0,21.0,1992.0,0.0105421686746987,0
441,135.96177624060485,0.7429605259049445,10.40423998729914,0.0568537704223996,10.40423998729914,0.0568537704223996,0.0,125.55753625330544,10.40423998729914,0.0568537704223996,126.06961318580424,0.5120769324988004,0.0001425207159751,0.0540555358185825,0.0,3776.0,3593.0,183.0,19.633879781420767,0
442,136.7240284607635,0.7234075579934577,10.711699180356542,0.0566756570389235,10.711699180356542,0.0566756570389235,0.0,126.0123292804067,10.711699180356542,0.0566756570389235,126.52589976519045,0.5135704847837417,0.0001380565819311,0.0539583528866298,0.0,3909.0,3720.0,189.0,19.682539682539684,0
443,141.4125592778089,0.5218175619107339,14.9440051250878,0.0551439303508774,14.9440051250878,0.0551439303508774,0.0,126.4685541527209,14.9440051250878,0.0551439303508774,126.75074158007448,0.2821874273535769,0.0001489901939564,0.0541026483311233,0.0,2165.0,1894.0,271.0,6.988929889298893,0
444,134.13042957057024,1.008499470455415,7.436602026773131,0.0559143009531814,7.436602026773131,0.0559143009531814,0.0,126.69382754379691,7.436602026773131,0.0559143009531814,127.0291822334639,0.3353546896669712,0.0001421596819274,0.0533928371211003,0.0,2492.0,2359.0,133.0,17.736842105263158,0
445,135.5809316664641,0.9615668912515184,8.047115263578005,0.057071739458,8.047115263578005,0.057071739458,0.0,127.53381640288582,8.047115263578005,0.057071739458,127.9222087271134,0.3883923242275813,0.0001232991505484,0.0543171839670262,0.0,3291.0,3150.0,141.0,22.34042553191489,0
446,141.36235287940656,0.5865657795825998,13.496075757850472,0.0560003143479272,13.496075757850472,0.0560003143479272,0.0,127.86627712155584,13.496075757850472,0.0560003143479272,128.25775298393964,0.3914758623837855,0.0001481740584344,0.0543759331762112,0.0,2883.0,2642.0,241.0,10.962655601659751,0
447,133.9574952139296,1.3531060122619152,5.756843844443315,0.0581499378226597,5.756843844443315,0.0581499378226597,0.0,128.2006513694861,5.756843844443315,0.0581499378226597,128.65564259308502,0.4549912235989097,0.0001359400130262,0.053554066877218,0.0,3446.0,3347.0,99.0,33.80808080808081,0
448,138.35132795857317,0.8043681858056579,9.752050912485425,0.0566979704214268,9.752050912485425,0.0566979704214268,0.0,128.59927704608748,9.752050912485425,0.0566979704214268,129.05066731424762,0.4513902681601394,0.000134542553848,0.0540736083972415,0.0,3527.0,3355.0,172.0,19.50581395348837,0
449,134.41088318964697,1.414851401996284,5.4205913747166505,0.0570588565759647,5.4205913747166505,0.0570588565759647,0.0,128.9902918149301,5.4205913747166505,0.0570588565759647,129.31681162508968,0.3265198101595956,0.0001422124608709,0.0536218059427082,0.0,2391.0,2296.0,95.0,24.16842105263158,0
450,133.67427221763842,1.8064090840221407,4.4121133540101045,0.0596231534325689,4.4121133540101045,0.0596231534325689,0.0,129.26215886362814,4.4121133540101045,0.0596231534325689,129.758096467367,0.4959376037388665,0.0001304069428711,0.0529212939225865,0.0,3877.0,3803.0,74.0,51.391891891891895,0
451,139.32027298571384,0.824380313524934,9.62150422080013,0.0569319776378705,9.62150422080013,0.0569319776378705,0.0,129.69876876491347,9.62150422080013,0.0569319776378705,130.12114002202813,0.422371257114662,0.0001429344355717,0.0544327394300929,0.0,3124.0,2955.0,169.0,17.485207100591715,0
452,196.94943780495475,0.0658473546656485,66.88111374099891,0.0223607869411564,66.88111374099891,0.0223607869411564,0.0,130.06832406395858,66.88111374099891,0.0223607869411564,130.12114002202813,0.0528159580695444,0.0011003324597821,0.0223431286469162,0.0,3039.0,48.0,2991.0,0.0160481444332999,0
453,144.26427593375317,0.5679695902903668,14.19595186979428,0.0558895742905286,14.19595186979428,0.0558895742905286,0.0,130.06832406395858,14.19595186979428,0.0558895742905286,130.49618283441572,0.427858770457135,0.0001218970856003,0.0542050909422734,0.0,3764.0,3510.0,254.0,13.818897637795276,0
454,148.7839054815743,0.4110052637612549,18.342436712748142,0.0506697146760998,18.342436712748142,0.0506697146760998,0.0,130.44146876882618,18.342436712748142,0.0506697146760998,130.8193518933433,0.3778831245171261,0.0001347176914499,0.0496258386415219,0.0,3167.0,2805.0,362.0,7.748618784530387,0
455,137.69689553876603,1.1194869555997238,6.932815283683997,0.0563643518998698,6.932815283683997,0.0563643518998698,0.0,130.76408025508178,6.932815283683997,0.0563643518998698,131.0307383025745,0.2666580474927116,0.0001472435380964,0.0541964002942401,0.0,1934.0,1811.0,123.0,14.723577235772357,0
456,136.34052523130865,1.5148947247923183,5.36395512891542,0.0595995014323935,5.36395512891542,0.0595995014323935,0.0,130.97657010239294,5.36395512891542,0.0595995014323935,131.48042197361465,0.5038518712217126,0.0001461287329529,0.054001147307711,0.0,3538.0,3448.0,90.0,38.31111111111111,0
457,135.5809316664641,1.909590586851607,4.1603140746627405,0.0585959728825738,4.1603140746627405,0.0585959728825738,0.0,131.42061759180112,4.1603140746627405,0.0585959728825738,131.7585720615624,0.3379544697612857,0.0001276745257881,0.0538360507732632,0.0,2718.0,2647.0,71.0,37.28169014084507,0
458,142.65164365713903,0.727814508454791,10.94927226782196,0.0558636340194997,10.94927226782196,0.0558636340194997,0.0,131.70237138931685,10.94927226782196,0.0558636340194997,132.0338070741111,0.3314356847942576,0.0001367308930669,0.0541726356276934,0.0,2620.0,2424.0,196.0,12.36734693877551,0
459,141.24637444179547,0.8665421744895427,9.26991211160976,0.0568706264515936,9.26991211160976,0.0568706264515936,0.0,131.97646233018557,9.26991211160976,0.0568706264515936,132.42465498436692,0.448192654181355,0.0001484081636362,0.0541209782664327,0.0,3183.0,3020.0,163.0,18.52760736196319,0
460,138.8690579986666,1.2075570260753616,6.501493727121072,0.0565347280619223,6.501493727121072,0.0565347280619223,0.0,132.36756427154538,6.501493727121072,0.0565347280619223,132.65113870201424,0.2835744304688603,0.0001689954889564,0.0540688634491509,0.0,1793.0,1678.0,115.0,14.591304347826089,0
461,140.85620029203082,0.9714220709795228,8.263246860789994,0.0569879093847585,8.263246860789994,0.0569879093847585,0.0,132.5929534312407,8.263246860789994,0.0569879093847585,133.04712934490874,0.4541759136680525,0.0001401344997433,0.0538556617042902,0.0,3386.0,3241.0,145.0,22.351724137931036,0
462,141.13394442101637,1.0532383912016148,7.627403269919349,0.0569209199247712,7.627403269919349,0.0569209199247712,0.0,133.506541151097,7.627403269919349,0.0569209199247712,133.84629825459905,0.3397571035020519,0.0001391306730147,0.054385419152368,0.0,2576.0,2442.0,134.0,18.22388059701493,0
463,140.79746365786528,1.163615402131118,7.008278391287717,0.0579196561263447,7.008278391287717,0.0579196561263447,0.0,133.7891852665775,7.008278391287717,0.0579196561263447,134.24803471346135,0.4588494468838462,0.0001305032556552,0.0541275119372225,0.0,3637.0,3516.0,121.0,29.05785123966942,0
464,139.4295484697377,1.532192840326788,5.239397454569892,0.0575757962040647,5.239397454569892,0.0575757962040647,0.0,134.1901510151678,5.239397454569892,0.0575757962040647,134.46638809466052,0.2762370794927165,0.0001707274904157,0.0545402239019471,0.0,1709.0,1618.0,91.0,17.78021978021978,0
465,142.87191214605718,0.9588718935976992,8.461028956410162,0.0567854292376521,8.461028956410162,0.0567854292376521,0.0,134.41088318964697,8.461028956410162,0.0567854292376521,134.8035991019386,0.392715912291635,0.0001405568762675,0.0541497519739502,0.0,2943.0,2794.0,149.0,18.751677852348998,0
466,139.09135230782155,1.830149372471336,4.344820273776515,0.0571686878128488,4.344820273776515,0.0571686878128488,0.0,134.74653203404506,4.344820273776515,0.0571686878128488,134.96905367161602,0.2225216375709635,0.0001376990331503,0.0542407715290201,0.0,1692.0,1616.0,76.0,21.26315789473684,0
467,140.51474920836878,1.4338239715139671,5.601579377958296,0.0571589732444724,5.601579377958296,0.0571589732444724,0.0,134.91316983041048,5.601579377958296,0.0571589732444724,135.24983798703255,0.3366681566220677,0.0001607007907503,0.053723583891186,0.0,2193.0,2095.0,98.0,21.377551020408163,0
468,142.1763211620913,1.1559050500983032,6.983930063880323,0.0567799192185392,6.983930063880323,0.0567799192185392,0.0,135.192391098211,6.983930063880323,0.0567799192185392,135.5349914369598,0.342600338748781,0.0001326879700808,0.0539945506108254,0.0,2705.0,2582.0,123.0,20.991869918699187,0
469,151.17304024292557,0.4420264334588467,15.592108576462484,0.0455909607498903,15.592108576462484,0.0455909607498903,0.0,135.5809316664641,15.592108576462484,0.0455909607498903,135.90917945079815,0.328247784334053,0.0001270800558784,0.0446311719068053,0.0,2925.0,2583.0,342.0,7.552631578947368,0
470,142.54765100096793,1.208030940686169,6.69429584315133,0.0567313207046722,6.69429584315133,0.0567313207046722,0.0,135.8533551578166,6.69429584315133,0.0567313207046722,136.18129230942702,0.3279371516104277,0.0001306002196775,0.0539521923011941,0.0,2629.0,2511.0,118.0,21.279661016949152,0
471,140.0433799823828,2.188177812224731,3.91883180651337,0.0612317469767713,3.91883180651337,0.0612317469767713,0.0,136.12454817586948,3.91883180651337,0.0612317469767713,136.5618562504668,0.4373080745973254,0.0001470931969718,0.0543988083111872,0.0,3037.0,2973.0,64.0,46.453125,0
472,145.41977765413918,0.892145875178768,8.912902042061852,0.0546803806261463,8.912902042061852,0.0546803806261463,0.0,136.50687561207727,8.912902042061852,0.0546803806261463,136.83298023802257,0.3261046259453053,0.0001396593687131,0.0526797387491816,0.0,2498.0,2335.0,163.0,14.325153374233128,0
473,143.07660269671769,1.2550579183922603,6.29782444492465,0.0552440740782864,6.29782444492465,0.0552440740782864,0.0,136.77877825179303,6.29782444492465,0.0552440740782864,136.93794714388173,0.1591688920887009,0.000167899675199,0.0538478557266312,0.0,1062.0,948.0,114.0,8.31578947368421,0
474,142.12171480619776,1.561777085782393,5.236789322977614,0.0575471354173364,5.236789322977614,0.0575471354173364,0.0,136.8849254832202,5.236789322977614,0.0575471354173364,137.2122049358433,0.3272794526230882,0.0001334200785255,0.0539506579159831,0.0,2544.0,2453.0,91.0,26.95604395604396,0
475,147.0358406488822,0.7579167043756814,9.879489814852672,0.0509252052311993,9.879489814852672,0.0509252052311993,0.0,137.15635083402975,9.879489814852672,0.0509252052311993,137.37357548126886,0.2172246472391066,0.0001753225562866,0.0498054905547078,0.0,1433.0,1239.0,194.0,6.38659793814433,0
476,141.4125592778089,1.9109805307812011,4.09372993636964,0.0553206748158059,4.09372993636964,0.0553206748158059,0.0,137.3188293414393,4.09372993636964,0.0553206748158059,137.42807806693094,0.109248725491625,0.0001574189128121,0.0538443406875399,0.0,768.0,694.0,74.0,9.37837837837838,0
477,150.44442370667406,0.5260294535198393,13.070848225406117,0.045702266522399,13.070848225406117,0.045702266522399,0.0,137.37357548126886,13.070848225406117,0.045702266522399,137.6436272948699,0.270051813601043,0.0001609367184749,0.0447580294119026,0.0,1964.0,1678.0,286.0,5.867132867132868,0
478,146.54254772330847,0.8470667498457137,8.953713805196307,0.0517555711283023,8.953713805196307,0.0517555711283023,0.0,137.58883391811236,8.953713805196307,0.0517555711283023,137.8061579523131,0.2173240342007432,0.0001387765224781,0.0504993628381235,0.0,1739.0,1566.0,173.0,9.052023121387284,0
479,182.41641489016013,0.099409490403357,44.66534381489394,0.0243407868201056,44.66534381489394,0.0243407868201056,0.0,137.75107107526756,44.66534381489394,0.0243407868201056,137.85961256954744,0.1085414942798763,0.0002489483813758,0.0242816361420232,0.0,2271.0,436.0,1835.0,0.2376021798365122,0
480,145.5831068133039,1.0109937973146106,7.776948860990733,0.0540065893124356,7.776948860990733,0.0540065893124356,0.0,137.8061579523131,7.776948860990733,0.0540065893124356,138.0777591859024,0.2716012335893083,0.0001414589758277,0.0521204696347326,0.0,2064.0,1920.0,144.0,13.333333333333334,0
481,198.1639768045378,0.0673568921837314,60.14281873619761,0.0204428343766817,60.14281873619761,0.0204428343766817,0.0,138.02115806834487,60.14281873619761,0.0204428343766817,138.18536118133963,0.1642031129947554,0.0002186459560516,0.0203870209460224,0.0,3693.0,751.0,2942.0,0.2552685248130523,0
482,140.91574395000436,3.0633857380435727,2.784951671491632,0.0605424276411224,2.784951671491632,0.0605424276411224,0.0,138.13079227851276,2.784951671491632,0.0605424276411224,138.46598611432825,0.3351938358154882,0.0001599970576684,0.0532556051233936,0.0,2141.0,2095.0,46.0,45.54347826086956,0
483,152.07241161589522,0.4752262862996725,13.663596329845111,0.0426987385307659,13.663596329845111,0.0426987385307659,0.0,138.4088152860507,13.663596329845111,0.0426987385307659,138.8690579986666,0.4602427126158943,0.0001310113044736,0.0412604800538394,0.0,3833.0,3513.0,320.0,10.978125,0
484,147.81720710262283,0.8212067061256824,8.948149103956462,0.0497119394664247,8.948149103956462,0.0497119394664247,0.0,138.8690579986666,8.948149103956462,0.0497119394664247,139.32027298571384,0.4512149870472512,0.0001296594790365,0.0472051895383832,0.0,3660.0,3480.0,180.0,19.33333333333333,0
485,149.68682255813007,0.6623310732660623,10.366549572416815,0.0458696883735257,10.366549572416815,0.0458696883735257,0.0,139.32027298571384,10.366549572416815,0.0458696883735257,139.7217712115734,0.4014982258595694,0.0001431876697074,0.0440931475511356,0.0,3030.0,2804.0,226.0,12.4070796460177,0
486,148.39540004987333,0.8064967394014855,8.734546331601766,0.0474703604978356,8.734546331601766,0.0474703604978356,0.0,139.66085371827188,8.734546331601766,0.0474703604978356,139.99822335676552,0.3373696384936409,0.0001372537178574,0.0456368298538467,0.0,2642.0,2458.0,184.0,13.358695652173912,0
487,179.9976568375114,0.1086942372207194,39.95427685512978,0.0241269787772522,39.95427685512978,0.0241269787772522,0.0,140.0433799823828,39.95427685512978,0.0241269787772522,140.19865282904792,0.1552728466651274,0.0001689584838575,0.0240332149809562,0.0,2575.0,919.0,1656.0,0.5549516908212561,0
488,146.465096260189,1.2961512943379558,5.950347051820367,0.0526579385116846,5.950347051820367,0.0526579385116846,0.0,140.51474920836878,5.950347051820367,0.0526579385116846,140.9720899524259,0.4573407440571202,0.0001357094196015,0.0486106752899389,0.0,3483.0,3370.0,113.0,29.82300884955752,0
489,146.38636862928053,1.407561236820005,5.470624679276269,0.0526021603776564,5.470624679276269,0.0526021603776564,0.0,140.91574395000436,5.470624679276269,0.0526021603776564,141.36235287940656,0.4466089294022026,0.0001276755086913,0.0483078437487881,0.0,3602.0,3498.0,104.0,33.63461538461539,0
490,150.188120121978,0.7435055451583069,8.884372994881726,0.0439820445291174,8.884372994881726,0.0439820445291174,0.0,141.303747127097,8.884372994881726,0.0439820445291174,141.7975587953677,0.4938116682706948,0.0001347739269297,0.0415374323099518,0.0,3866.0,3664.0,202.0,18.138613861386137,0
491,152.89990925825538,0.5272410664077771,11.158179816542038,0.038476482126007,11.158179816542038,0.038476482126007,0.0,141.74172944171417,11.158179816542038,0.038476482126007,142.1763211620913,0.4345917203771421,0.0001443826313545,0.0369778899867726,0.0,3300.0,3010.0,290.0,10.379310344827584,0
492,152.64782731686168,0.5571088588206631,10.526112510664763,0.0384164690170246,10.526112510664763,0.0384164690170246,0.0,142.12171480619776,10.526112510664763,0.0384164690170246,142.4974021262974,0.3756873200996438,0.0001246887886158,0.0370453474108185,0.0,3287.0,3013.0,274.0,10.996350364963504,0
493,151.17304024292557,0.70973258330012,8.73007336212274,0.0409862599160692,8.73007336212274,0.0409862599160692,0.0,142.44296688080385,8.73007336212274,0.0409862599160692,142.92574032121473,0.482773440410881,0.0001286366747697,0.0387197179423043,0.0,3966.0,3753.0,213.0,17.619718309859156,0
494,152.80557386251596,0.5788089919034696,9.93366171645968,0.0376275065017412,9.93366171645968,0.0376275065017412,0.0,142.87191214605718,9.93366171645968,0.0376275065017412,143.35307792220138,0.481165776144195,0.000128413604522,0.0358049088648279,0.0,4011.0,3747.0,264.0,14.193181818181818,0
495,149.55033536514202,0.9970022357676136,6.252311163570739,0.0416820744238049,6.252311163570739,0.0416820744238049,0.0,143.29802420157185,6.252311163570739,0.0416820744238049,143.5635110576939,0.2654868561220382,0.0001543528233267,0.0399121620496542,0.0,1870.0,1720.0,150.0,11.466666666666669,0
496,152.80557386251596,0.5992375445588861,9.295825795596528,0.0364542188062608,9.295825795596528,0.0364542188062608,0.0,143.50974806692034,9.295825795596528,0.0364542188062608,143.82923722595476,0.3194891590344184,0.0001342391424514,0.0352013201433772,0.0,2635.0,2380.0,255.0,9.333333333333334,0
497,150.81518115092146,0.8332330450327152,7.039907717469205,0.0388945177760729,7.039907717469205,0.0388945177760729,0.0,143.7752734334532,7.039907717469205,0.0388945177760729,143.99019553010854,0.2149220966553287,0.0001513535891938,0.0377071028774194,0.0,1601.0,1420.0,181.0,7.845303867403315,0
498,150.54018230991133,0.9179279409140936,6.604290327761294,0.0402700629741542,6.604290327761294,0.0402700629741542,0.0,143.935891982151,6.604290327761294,0.0402700629741542,144.4379177362818,0.5020257541308126,0.0001407417309029,0.0372089303270093,0.0,3731.0,3567.0,164.0,21.75,0
499,152.8297590955483,0.6367906628981179,8.44850194338499,0.0352020914307707,8.44850194338499,0.0352020914307707,0.0,144.38125715216427,8.44850194338499,0.0352020914307707,144.70753593387843,0.3262787817141657,0.0001242966787482,0.0338425965069577,0.0,2865.0,2625.0,240.0,10.9375,0
