,Request Id,prefill_time_execution_plus_preemption_normalized,cdf
3,3,0.00013775081827003405,0.25
2,2,0.000146934206154703,0.5
0,0,0.00018366775769337873,0.75
1,1,0.00022040130923205447,1.0
