,Time (sec),request_completion
0,0.12196742792969442,1
1,0.12196742792969442,2
2,0.12196742792969442,3
3,0.12196742792969442,4
