,Request Id,request_model_execution_time_normalized,cdf
0,0,0.0019057410614014753,0.25
1,1,0.0019057410614014753,0.5
2,2,0.0019057410614014753,0.75
3,3,0.0019057410614014753,1.0
