request_id,request_e2e_time,request_e2e_time_normalized,request_e2e_time_piecewise_normalized,request_execution_time,request_execution_time_normalized,request_preemption_time,request_scheduling_delay,request_execution_plus_preemption_time,request_execution_plus_preemption_time_normalized,prefill_e2e_time,prefill_e2e_time_normalized,prefill_e2e_time_piecewise_normalized,prefill_time_execution_plus_preemption,prefill_time_execution_plus_preemption_normalized,decode_time_execution_plus_preemption_normalized,request_inter_arrival_delay,request_num_tokens,request_num_prefill_tokens,request_num_decode_tokens,request_pd_ratio,request_num_restarts,request_num_pauses,request_num_ignored
0_0,4.157807412790135,0.0769964335701876,0.091043621180924,4.045185167575255,0.0749108364365788,0.0983100163284689,0.0143122288864105,4.143495183903724,0.0767313922945134,3.2973579859826714,0.0008741670164323,0.0151826015685676,3.283045757096261,0.000870372682157,0.0159342486445826,,3826,3772,54,69.85185185185185,0,289,0
0_1,4.837841538479552,0.0310118047338432,0.4822094693275479,4.249738893704489,0.0272419159852851,0.1339940275065601,0.4541086172685027,4.383732921211049,0.0281008520590451,2.366477486444637,0.0011744305143645,0.4550576837048184,1.9123688691761345,0.0009490664363156,0.015842077256634,2.828480710508302,2171,2015,156,12.916666666666666,0,285,0
0_10,24.391419294988737,0.0565926201739877,13.632022321492697,10.29274896113202,0.0238810880768724,0.4916698657907545,13.607000468065962,10.784418826922774,0.0250218534267349,16.781510611996055,0.005287180407056,13.60800062879184,3.1745101439300925,0.0010001607258758,0.0176564006565955,1.2312480548862368,3605,3174,431,7.364269141531323,0,636,0
0_100,191.88082099333403,0.6130377667518659,182.038513879622,9.630110720172524,0.0307671269015096,0.2437422496732324,182.0069680234883,9.873852969845755,0.0315458561336925,186.2077249744907,0.0532022071355687,182.00816823976,4.200756951002404,0.0012002162717149,0.0181249074084452,2.649268899578601,3813,3500,313,11.182108626198085,0,574,0
0_101,190.61860071495173,1.466296928576552,185.04799748889457,5.420858851866797,0.0416989142451292,0.1929273449350148,185.00481451814997,5.613786196801812,0.0431829707446293,188.08036113204437,0.0808947789815244,185.00613733389784,3.075546613894403,0.0013228157479115,0.0195249198685185,1.1868822793476284,2455,2325,130,17.884615384615383,0,309,0
0_102,195.83020965731703,0.5845677900218419,184.46998731905748,10.831755089340732,0.0323335972816141,0.5624798906501383,184.43597467732616,11.39423497999087,0.034012641731316,189.4291577092372,0.0544180286438486,184.43740908784957,4.99318303191103,0.0014344105233872,0.0191076177554622,3.6263661477714777,3816,3481,335,10.391044776119402,0,603,0
0_103,192.1673149049748,1.7005957071236706,187.0501616890192,4.912839374970645,0.0434764546457579,0.2500027089845389,187.0044728210196,5.162842083955184,0.0456888679996033,189.9313398201484,0.0919319166602848,187.00588950398145,2.9268669991288334,0.0014166829618242,0.0197873901312066,2.40756744123064,2179,2066,113,18.283185840707965,0,271,0
0_104,193.55193779896945,0.9976904010256156,188.6235439761604,4.743307281285524,0.0244500375323996,0.21062226081267,188.59800825687125,4.953929542098194,0.0255357192891659,189.9408019329421,0.2330561986907265,188.5996558564738,1.342793676070869,0.0016475996025409,0.0186141024022027,1.3151671751402318,1009,815,194,4.201030927835052,0,262,0
0_105,192.0361515246332,4.364457989196208,187.84224204403688,4.074361074017361,0.0925991153185763,0.2170811851974576,187.74470926541835,4.2914422592148185,0.0975327786185186,191.32476608245636,0.0824675715872656,187.74625239335677,3.5800568170379847,0.0015431279383784,0.0161678509585644,2.177176935365424,2364,2320,44,52.72727272727273,0,234,0
0_106,195.6318388704676,1.7160687620216457,190.5151608221523,4.836360105546191,0.0424242114521595,0.325598279479891,190.46988048544156,5.161958385026082,0.0452803367107551,193.79000780149363,0.0742206081200665,190.47115207767288,3.320127316052094,0.0012715922313489,0.0161564128857367,0.8552125690039247,2725,2611,114,22.903508771929825,0,303,0
0_107,198.51898830127905,1.127948797166358,192.5514244173365,5.9021492504980415,0.0335349389232843,0.0995149984955787,192.5173240522854,6.00166424899362,0.0341003650511001,195.64899093215357,0.0710417541511087,192.5184611862287,3.131666879868135,0.0011371339433072,0.0163068032336675,1.2562932423315942,2930,2754,176,15.647727272727272,0,370,0
0_108,201.4061375434976,0.9545314575521212,195.21541687969216,6.123962929472327,0.0290235209927598,0.0962373565416783,195.1859372574836,6.2202002860140055,0.0294796222085971,197.9551227444317,0.0838082653448059,195.1871096476136,2.7691854869481176,0.0011723901299526,0.0163555203747198,0.447316336678341,2573,2362,211,11.19431279620853,0,379,0
0_109,205.32206448935904,0.7718874604863122,197.7263761801099,7.4818471893668175,0.0281272450728075,0.1425040946342051,197.697713205358,7.624351284001023,0.0286629747518835,201.0980120403692,0.0698742223906772,197.6988946851478,3.400298835011199,0.0011814797897884,0.0158798964247737,0.2577107432298362,3144,2878,266,10.819548872180452,0,472,0
0_11,21.986869433661923,0.1998806312151083,16.732345424838027,5.077291941037402,0.0461571994639763,0.2254387100692838,16.684138782555237,5.302730651106685,0.048206642282788,20.033707617549226,0.0071192990822847,16.685329105524318,3.3495688349939883,0.001190322969081,0.0177560165101154,0.0828662433195859,2924,2814,110,25.581818181818186,0,297,0
0_110,202.01609762501903,2.3220241106324027,198.5975741983804,3.3875835523940623,0.0389377419815409,0.0706901466473937,198.5578239259776,3.458273699041456,0.0397502724027753,200.63486984698105,0.1048249058761656,198.5589091119342,2.077045921003446,0.0010851859566371,0.0158761813567587,2.523432216374204,2001,1914,87,22.0,0,216,0
0_111,205.2801516437903,1.3777191385489282,200.4865161398513,4.755662713199854,0.0319171994174486,0.070362219819799,200.45412671077065,4.826024933019653,0.0323894290806688,202.98466637474485,0.0861564797855453,200.45520079381987,2.530539663974196,0.001074083049225,0.0154059414029896,0.1650623080786317,2505,2356,149,15.812080536912752,0,311,0
0_112,228.36939242249355,0.1452731503959882,202.7660795086072,25.09331527375616,0.0159626687492087,0.5262951022014022,202.749782046536,25.619610375957564,0.0162974620712198,202.76366981049068,18.43306089186279,202.75104457053183,0.013887763954699,0.0012625239958817,0.0162886276157779,0.2210576413199305,1583,11,1572,0.0069974554707379,0,1572,0
0_113,208.67794707696885,1.5121590367896294,202.4303962347668,6.143812457798049,0.0445203801289713,0.1493409452959895,202.3847936738748,6.293153403094038,0.0456025608919857,206.3556654499844,0.0565512922581486,202.3858818820897,3.970871776109561,0.0010882082148834,0.0168281277317715,0.3649902795441448,3787,3649,138,26.44202898550725,0,391,0
0_114,211.1863679012749,1.2137147580533043,205.23591546705345,5.81191889825277,0.0334018327485791,0.1729292147792875,205.20151978824288,5.984848113032058,0.034395678810529,208.4107478042133,0.0762013703123266,205.2026931805705,3.2092280159704387,0.0011733923275943,0.0159518396382851,1.138234564801678,2909,2735,174,15.718390804597702,0,366,0
0_115,217.63426004094072,0.5454492732855657,207.93244645110084,9.57161037134938,0.0239889984244345,0.1545796345453709,207.908070035046,9.72619000589475,0.024376416054874,210.9713769638911,0.0784863753585904,207.90920965815937,3.0633069288451225,0.0011396231134096,0.0166989550803248,0.4868695011828094,3087,2688,399,6.7368421052631575,0,590,0
0_116,212.59293009131216,3.0370418584473167,210.18585891086343,2.404587934026494,0.0343512562003784,0.0373683359939605,210.1509738212917,2.441956270020455,0.0348850895717207,211.48734328127463,0.1769768563023219,210.15209212209504,1.3363694599829614,0.001118300803333,0.0157940972862499,0.805274041602388,1265,1195,70,17.071428571428573,0,155,0
0_117,219.40355565142815,0.5850761484038085,208.9582824005702,10.319583083502948,0.0275188882226745,0.153618705458939,208.9303538624663,10.473201788961887,0.0279285381038983,213.1129865765106,0.0640171182266478,208.93161028563063,4.182632714044303,0.0012564231643269,0.0167748508664468,2.540916353929788,3704,3329,375,8.877333333333333,0,618,0
0_118,217.9188951405231,1.7024913682853366,211.3345953378612,6.52813373808749,0.0510010448288085,0.1080109449103474,211.28275045752525,6.636144682997838,0.0518448803359206,215.7336153725628,0.058639199612004,211.2839602604377,4.450864915037528,0.0012098029124864,0.0170724981871899,1.8137885129544884,3807,3679,128,28.7421875,0,395,0
0_119,219.07928913459185,2.4074647157647453,214.39086541255608,4.666592753957957,0.051281239054483,0.0739245649892836,214.33877181564455,4.740517318947241,0.0520935969115081,217.66053676069717,0.0786630056959512,214.3399723089388,3.321764945052564,0.0012004932942004,0.015590685427414,1.377937635872513,2858,2767,91,30.406593406593405,0,291,0
0_12,25.696700751548637,0.0962423249121671,18.761926281163888,6.650147922104225,0.0249069210565701,0.310697128996253,18.735855700448155,6.960845051100478,0.0260705807157321,21.14865842764266,0.0110149262643972,18.73711236853524,2.412802727194503,0.0012566680870804,0.0170338663816703,1.2812042681034654,2187,1920,267,7.191011235955056,0,402,0
0_120,222.5785914394073,1.612888343763821,217.48121643437585,5.06073805433698,0.0366720148864998,0.0738440675195306,217.4440093175508,5.134582121856511,0.0372071168250471,220.4740368893836,0.0738359132248438,217.44502406221653,3.030027571832761,0.0010147446657176,0.0152503952900271,0.2011175651568919,3124,2986,138,21.63768115942029,0,339,0
0_121,224.85316195432097,1.7296397073409304,219.1053999063147,5.678916954901069,0.043683976576162,0.1134013880509883,219.0608436113689,5.792318342952058,0.044556294945785,222.73260808247144,0.0577476297854476,219.06179558556417,3.671764471102506,0.000951974195256,0.0163119528603811,1.3993187490850687,3987,3857,130,29.66923076923077,0,380,0
0_122,227.6295600363519,1.625925428831085,222.22211478620636,5.262677038321272,0.0375905502737233,0.1836706956382841,222.18321230239235,5.446347733959556,0.0389024838139968,225.3537993072532,0.0721362993941271,222.18422721500596,3.170587004860863,0.0010149126135918,0.0162554337792763,0.5346803900320083,3264,3124,140,22.314285714285717,0,343,0
0_123,229.48840881162323,1.7928781938408065,225.2278987320915,4.126851303270087,0.0322410258067975,0.1672060997225344,225.1943514086306,4.294057402992621,0.0335473234608798,227.4335121137556,0.112036212863919,225.19545444346076,2.23916070512496,0.0011030348301108,0.0160538804520911,0.145604231627658,2158,2030,128,15.859375,0,264,0
0_124,231.9119966351427,2.1473333021772474,226.9931294367028,4.800695725018159,0.0444508863427607,0.1641421949025243,226.94715871522203,4.964837919920683,0.045970721480747,230.17797160428017,0.0714616490544179,226.94816176175695,3.230812889058143,0.001003046534945,0.0160557873228012,0.4699126095511019,3329,3221,108,29.824074074074076,0,317,0
0_125,235.3130053956993,1.3446457451182816,230.110375760046,5.059143293183297,0.0289093902467616,0.1733865127898752,230.0804755897261,5.232529805973172,0.0299001703198466,232.48025021259676,0.0990542182414131,230.081498075718,2.399774622870609,0.0010224859918494,0.0161871724748717,0.0830087484791874,2522,2347,175,13.411428571428573,0,329,0
0_126,239.67646301887,0.8208098048591438,231.418011435428,7.976372329285368,0.027316343593443,0.3104588128626346,231.389631876722,8.286831142148003,0.0283795587059863,234.76090082270093,0.0731798319272758,231.39068277103183,3.3712689459789544,0.0010508943098438,0.0168341171101679,1.07657076488249,3500,3208,292,10.986301369863014,0,503,0
0_127,239.4056014243979,1.760335304591161,233.64594078930403,5.5586012622807175,0.0408720681050052,0.2437235256657004,233.60327663645148,5.802324787946418,0.0426641528525471,237.0224463953637,0.0764835257810144,233.60437995034596,3.419169758912176,0.0011033138944537,0.0175231987428988,1.143149319337681,3235,3099,136,22.78676470588235,0,342,0
0_128,241.4179790199269,1.1834214657839552,236.70011014717872,4.580406874418259,0.0224529748745993,0.1607027316931635,236.67686941381544,4.741109606111422,0.0232407333632912,238.1867914218456,0.2010015117483928,236.6781436096028,1.5099220080301166,0.0012741957873671,0.0158391548925554,0.3462354226503521,1389,1185,204,5.8088235294117645,0,288,0
0_129,245.47413004306145,0.9898150404962156,238.14479145161607,7.213786258129403,0.0290878478150379,0.1452257689088583,238.1151180160232,7.359012027038261,0.0296734355928962,241.5853549449239,0.074196976334436,238.11618381360577,3.470236928900704,0.0010657975825862,0.0156805447505546,0.0539310788735747,3504,3256,248,13.129032258064516,0,467,0
0_13,23.91804681532085,0.2440617021971515,19.14457820286043,4.632877949858084,0.0472742647944702,0.1898016792256385,19.095367186237127,4.822679629083723,0.0492110166233032,22.25499187433161,0.00837598489813,19.09655635623641,3.159624688094482,0.0011891699992828,0.0169699483774412,2.036855709273368,2755,2657,98,27.112244897959183,0,283,0
0_130,243.9386514287908,2.489169912538681,238.4313802108102,5.494764054659754,0.0560690209659158,0.0692831552587449,238.37460421887224,5.564047209918499,0.0567759919379438,242.4320705058053,0.0624342185181059,238.3756491496698,4.05746628693305,0.0010449307975619,0.0153732747243413,3.2109534670598805,3981,3883,98,39.62244897959184,0,356,0
0_131,245.03780007828027,3.5512724649026124,241.51929492719364,3.5268088313750923,0.0511131714692042,0.0434390425216406,241.46755220438357,3.570247873896733,0.0517427228100975,244.003509959206,0.0915241972840232,241.4685034263471,2.535957754822448,0.0009512219635493,0.0149897118706418,0.9503519525751472,2735,2666,69,38.63768115942029,0,241,0
0_132,245.43572452501397,2.6390938120969243,242.27342967421907,3.158556583803147,0.0339629740193886,0.0381110371090471,242.23905690410172,3.1966676209121943,0.0343727701173354,244.03292229399085,0.1273658258319367,242.23999315952443,1.7938653898891062,0.0009362554226978,0.0150838949572375,1.750673870323226,2009,1916,93,20.602150537634408,0,217,0
0_133,250.13568094489165,0.8965436593006869,243.6278043238548,6.440509454347193,0.02308426327723,0.0907767948228865,243.6043946957216,6.53128624917008,0.023409628133226,245.79640951775943,0.1070075792415147,243.60534899037637,2.1920148220378906,0.0009542946547835,0.0155529441832694,0.4150528071913868,2576,2297,279,8.232974910394265,0,429,0
0_134,247.47538068704307,3.2562550090400406,243.85873968610665,3.6098407672252506,0.0474979048319111,0.0550221137236803,243.8105178060941,3.664862880948931,0.0482218800124859,246.27840824821035,0.1036089222752252,243.811556043554,2.467890442116186,0.0010382374598721,0.0157496373530624,1.9722363096661863,2453,2377,76,31.276315789473685,0,234,0
0_135,248.1676587574184,3.3536170102353835,244.3829729772091,3.79223400587216,0.0512464054847589,0.044296785024926,244.3311279665213,3.8365307908970863,0.0518450106877984,247.06910746148787,0.090767489882986,244.3321338370191,2.7379794949665666,0.0010058704977834,0.0148452877828448,1.9309075407218188,2796,2722,74,36.78378378378378,0,256,0
0_136,252.2327835194301,1.9705686212455475,246.9870329253681,5.2243703892454505,0.04081539366598,0.062685327604413,246.94572780258025,5.287055716849864,0.0413051227878895,250.25341775338163,0.0679482535306493,246.9466258992272,3.307689950801432,0.0008980966469729,0.0154637950472533,0.1095672699157148,3811,3683,128,28.7734375,0,363,0
0_137,246.24921728414483,3.0401137936314178,243.878904099832,2.3668287969194357,0.0292201086039436,0.0331133021973073,243.8492751850281,2.3999420991167426,0.0296289148039104,245.00151626300067,0.2215203582848107,243.85031699432105,1.152241077972576,0.0010418092929227,0.0154037163104218,6.390105496393517,1187,1106,81,13.65432098765432,0,155,0
0_138,249.3359686832409,2.352226119653216,244.24204595982457,5.084802251774818,0.0479698325639133,0.0576340213883668,244.19353241007772,5.1424362731631845,0.0485135497468224,247.71520331711508,0.0651025501490447,244.1944579477669,3.5216709070373327,0.0009255376891031,0.015290239303074,0.7924660919234157,3911,3805,106,35.89622641509434,0,352,0
0_139,251.11768822255544,2.2623215155185177,246.10231355080796,5.006755906157196,0.0451059090644792,0.0542130807880312,246.05671923561025,5.060968986945227,0.0455943151977047,249.42228051275012,0.0691303438228243,246.05765204084224,3.365561277139932,0.0009328052320232,0.0152739433315792,1.6444216745439917,3719,3608,111,32.5045045045045,0,343,0
0_14,27.14348110719584,0.2040863241142544,21.82367177706569,5.166235705837607,0.0388438774875008,0.1938752101268619,21.78337019123137,5.360110915964469,0.0403015858343193,24.99724396225065,0.0080196483677416,21.78440127040077,3.21387377101928,0.0010310791693998,0.0161371213905653,0.455170382047072,3250,3117,133,23.43609022556391,0,339,0
0_140,252.78828888572752,2.384795178167241,249.15610277138097,3.621361754601821,0.034163790137753,0.0454166084527969,249.1215105226729,3.666778363054618,0.0345922487080624,251.2048800245393,0.1196783611360358,249.12250307603253,2.0833695018664,0.0009925533596314,0.0149378194451718,0.2867046489845961,2205,2099,106,19.80188679245283,0,244,0
0_141,257.2427292766515,0.9527508491727834,250.06058971518047,7.115750353550538,0.026354630939076,0.0930886114947497,250.03389031160623,7.208838965045288,0.0266994035742418,252.99859604262747,0.0794344100604795,250.03482114543075,2.9647057310212404,0.0009308338244964,0.0157190119778668,1.1574368779547513,3455,3185,270,11.796296296296296,0,476,0
0_142,258.33838693634607,2.3700769443701475,252.7001720715609,5.611254038056359,0.0514793948445537,0.079166519921273,252.64796637836844,5.690420557977632,0.0522056931924553,256.64557815529406,0.0676094779123535,252.6490194900062,3.997611776925624,0.001053111637757,0.0155303557894679,0.3367564573418349,3905,3796,109,34.825688073394495,0,362,0
0_143,259.4729445774574,2.620938834115732,254.7784456428249,4.687030703760684,0.0473437444824311,0.0553712812252342,254.7305425924715,4.742401984985918,0.0479030503533931,257.9601185203064,0.0759376268826336,254.73149330660976,3.229575927834958,0.0009507141383087,0.0152810712843531,1.8987587499432264,3496,3397,99,34.313131313131315,0,319,0
0_144,258.71230704314075,4.042379797549074,257.42186449325527,1.2954258737154305,0.0202410292768036,0.0154998912476003,257.4013812781777,1.3109257649630308,0.0204832150775473,257.7320672012865,0.8054127100040205,257.40241467168744,0.330685923108831,0.001033393509715,0.0153162475289718,0.5447947671636939,384,320,64,5.0,0,85,0
0_145,262.7924983636476,1.1627986653258744,256.8266646400881,5.882572075352073,0.0260290799794339,0.1097764647565782,256.80014982353896,5.992348540108651,0.0265148165491533,259.2295741166454,0.1016586565163315,256.80110253894804,2.429424293106422,0.0009527154090613,0.015765151535408,0.9165849266573788,2776,2550,226,11.283185840707963,0,394,0
0_146,262.2481871896889,2.5710606587224403,258.63044756986704,3.583093728870153,0.0351283698908838,0.0704650951083749,258.5946283657104,3.653558823978528,0.0358192041566522,260.56932852370664,0.134661151691838,258.5956488825879,1.974700157996267,0.0010205168775174,0.0164593986861006,0.6212594979442656,2037,1935,102,18.97058823529412,0,231,0
0_147,265.806782575557,1.3916585475160053,259.6993817314616,6.0131641128100455,0.0314825346220421,0.1263809462543577,259.6672375164926,6.139545059064403,0.0321442149689235,262.81794622540474,0.0840210825528787,259.66824477631,3.150708708912134,0.0010072598174271,0.0156483578542003,0.8864824131596833,3319,3128,191,16.376963350785342,0,399,0
0_148,266.8554559070617,1.7328276357601409,262.2783556331128,4.505285969935358,0.0292551037008789,0.1017299920786172,262.2484399450477,4.607015962013975,0.0299156880650258,264.33489233092405,0.1304069523092866,262.2494692752825,2.086452385876328,0.0010293302347687,0.0163672959489457,0.5556481624953449,2181,2027,154,13.162337662337665,0,289,0
0_149,267.5459734755568,2.432236122505062,263.6338562085145,3.8361395362298936,0.0348739957839081,0.1118687149137258,263.5979652244132,3.9480082511436194,0.0358909841013056,265.8202799304854,0.1366685243858537,263.59910780266824,2.2223147060722117,0.0011425782550499,0.0156881231370128,0.7211693364661187,2055,1945,110,17.681818181818183,0,244,0
0_15,30.240847943350676,0.1670765079743131,23.57104565660104,6.42263422254473,0.0354841669753852,0.284222521353513,23.53399119945243,6.706856743898243,0.037054457148609,27.264862669399008,0.0074169920210552,23.535006126402905,3.730871469946578,0.0010149269504751,0.0164419075908931,1.4489243088755757,3857,3676,181,20.30939226519337,0,419,0
0_150,269.5025663259439,2.642182022803372,265.8069486045735,3.663333470234648,0.0359150340219083,0.0688745256047695,265.7703583301045,3.732207995839417,0.0365902744690138,267.9458710779436,0.1255603894460841,265.771377783126,2.175512747839093,0.0010194530214803,0.0152617181176502,0.033790013520047,2236,2134,102,20.92156862745098,0,243,0
0_151,270.6338455628138,2.4381427528181425,266.10576447127346,4.515399415045977,0.0406792740094232,0.0538460500538349,266.064600097714,4.569245465099812,0.0411643735594577,268.9375805447344,0.0883500593116735,266.06554391520643,2.8729804470203817,0.0009438174924508,0.0152816668295444,1.8676576241850853,3155,3044,111,27.423423423423426,0,308,0
0_152,272.2169479371514,1.7228920755515913,266.01068202239503,6.112438688753173,0.0386863208148934,0.1333575821481645,265.9711516662501,6.245796270901337,0.0395303561449451,269.5696010172833,0.070036269425119,265.9720865712516,3.598449351033196,0.0009349050015674,0.01675536025233,2.952527515590191,4007,3849,158,24.360759493670887,0,405,0
0_153,329.788263667142,0.0947667424330867,268.8890188261561,58.35778773901984,0.0167694792353505,2.558961915085092,268.8715140130371,60.91674965410493,0.0175048131189956,269.4634207780473,0.5046131475244331,268.8726224526719,0.5919067650102079,0.0011084396348505,0.0173347249681306,0.6834818031638861,4014,534,3480,0.1534482758620689,0,3516,0
0_154,271.2794769646134,3.048084010838353,265.5087338005575,5.620978960767388,0.0631570669749144,0.2153408301528543,265.4431571736932,5.836319790920243,0.0655766268642723,269.7535727676004,0.071514732971262,265.4442999137764,4.310415593907237,0.0011427400832203,0.0171449909776742,4.004810937447473,3861,3772,89,42.38202247191011,0,348,0
0_155,271.91240970464423,2.449661348690489,269.5610060762606,2.2872976686339825,0.0206062853030088,0.085482356371358,269.5396296796389,2.372780025005341,0.0213763966216697,270.0331244047265,0.6784751869465491,269.5408696161341,0.4934947250876575,0.0012399364951951,0.0169304981974566,0.1977488189004361,509,398,111,3.5855855855855854,0,139,0
0_156,273.9494472471997,1.6502978749831307,266.8012049080333,6.920046142535284,0.0416870249550318,0.2715188774745911,266.75788222718984,7.191565020009875,0.0433226808434329,271.10000235424377,0.0725448226797548,266.759044153903,4.342120127053931,0.0011619267131533,0.0171653306804574,3.27605601050891,3903,3737,166,22.512048192771083,0,426,0
0_157,276.28502337564714,4.3854765615182085,270.7445372894798,5.401848845183849,0.0857436324632357,0.2279999197926372,270.65517461067066,5.629848764976487,0.0893626788091505,275.2078751085792,0.0716873860663139,270.6563605185888,4.552700497908518,0.001185907918184,0.0170975915407614,0.4286522755865007,3902,3839,63,60.93650793650794,0,330,0
0_158,279.528087947052,1.6941096239215272,274.4359308483559,4.918953736545518,0.0298118408275485,0.2042531005572527,274.4048811099492,5.123206837102771,0.0310497384066834,276.6934564488474,0.138208519704719,274.4060242544741,2.2885753388982266,0.0011431445249241,0.0171795848376032,0.7866567766759545,2167,2002,165,12.133333333333333,0,302,0
0_159,279.0817736578174,1.257125106566745,273.8507412528307,5.046008698409423,0.0227297689117541,0.2086935364641249,273.82707142294385,5.254702234873548,0.0236698298868177,275.17969467979856,0.2439536300352824,273.8282705570368,1.352623256854713,0.0011991340929563,0.0175769323334181,2.8670521080493927,1350,1128,222,5.081081081081081,0,302,0
0_16,43.7255006688647,0.054452678292484,27.09024332997831,16.00680848862976,0.0199337590144828,0.6491910663899034,27.069501113845035,16.655999555019662,0.0207422161332748,29.92332405294292,0.0115489479169984,27.07060255071848,2.8538229390978813,0.0011014368734457,0.0171882647769885,0.180909710470587,3394,2591,803,3.2266500622665006,0,975,0
0_160,285.1148850324098,0.561249773685846,275.0337794868309,9.835363937774671,0.0193609526334147,0.2656254451721906,275.01389564946294,10.100989382946864,0.0198838373680056,276.5963535725605,0.2409375902200004,275.0152740971312,1.582457923097536,0.0013784476682034,0.0167687627162388,0.1493234504014253,1656,1148,508,2.25984251968504,0,596,0
0_161,281.8099686780479,2.846565340182302,276.41021066274953,5.267325216205791,0.0532053052141999,0.1875323706772178,276.3551110911649,5.4548575868830085,0.0550995715846768,280.1868300840724,0.0950107935178272,276.3564104194093,3.831718992907554,0.0012993282444583,0.0163953393330854,0.2246881884057074,3048,2949,99,29.78787878787879,0,319,0
0_162,288.24502295348793,0.9298226546886708,278.6223603843561,9.473679546965286,0.0305602566031138,0.1801243249792605,278.5912190815434,9.653803871944548,0.0311413028127243,282.9124533976428,0.0789376265060387,278.5924247830825,4.321234316099435,0.0012057015390902,0.0172018372769197,1.5794454745482651,3894,3584,310,11.561290322580644,0,573,0
0_163,289.37165305088274,1.3093739957053518,281.77474047175645,7.415756368776783,0.0335554586822478,0.2156876311637461,281.7402090509422,7.6314439999405295,0.0345314208142105,285.32624009088613,0.0961665790666956,281.741417689648,3.5860310399439186,0.0012086387057444,0.0183050360180842,1.1557399076409638,3188,2967,221,13.425339366515836,0,435,0
0_164,292.01529666548595,2.147171299010926,285.0221986593576,6.730185623280704,0.049486658994711,0.314713108818978,284.97039793338627,7.044898732099682,0.0518007259713211,289.6043196413666,0.0827677392516052,284.97172228940457,4.633921707980335,0.0013243560182853,0.0177277722361716,0.3387868704739958,3635,3499,136,25.727941176470587,0,390,0
0_165,295.1155133154243,3.688943916442804,289.1416556835582,5.808803956024349,0.0726100494503043,0.2406721268780529,289.0660372325219,6.049476082902402,0.07561845103628,293.71011610142887,0.0760316117270072,289.0672394274142,4.644078868906945,0.0012021948922875,0.0175674651749432,0.5215979919303209,3943,3863,80,48.2875,0,347,0
0_166,299.384723657975,1.3989940357849298,292.84178376853333,6.28609218634665,0.0293742625530217,0.2875657307449728,292.8110657408833,6.573657917091623,0.0307180276499608,295.54862577002496,0.1290605352707532,292.8122611819441,2.737560029141605,0.0011954410607605,0.017925691065187,0.8821777065750211,2504,2290,214,10.700934579439252,0,372,0
0_167,300.89078060141765,1.7699457682436333,293.34192603589446,7.261720726033673,0.0427160042707863,0.3318016179837286,293.29725825740024,7.593522344017401,0.04466777849422,297.8512085843832,0.0827594355610956,293.2985235950849,4.553950326982886,0.0012653376846298,0.0178798353943206,2.2350063314661384,3769,3599,170,21.17058823529412,0,424,0
0_168,305.13835705816746,1.2060804626805035,297.44331650653845,7.440394090721384,0.0294086722953414,0.2851823361124843,297.4127806313336,7.725576426833868,0.0305358752048769,300.57165515213273,0.1220843440910368,297.4140636835354,3.158874520799145,0.0012830522017868,0.0180502051621925,0.4215534122195095,2715,2462,253,9.731225296442688,0,428,0
0_169,309.0942970663309,1.1708117313118596,299.6907115842112,9.04354792367667,0.0342558633472601,0.3957926363218575,299.6549565063324,9.439340559998527,0.0357550778787823,304.19980417215265,0.0870884065766254,299.65625763649723,4.544847665820271,0.0013011301648497,0.0185397458112812,0.9000762989744544,3757,3493,264,13.231060606060606,0,514,0
0_17,35.234766176203266,0.3292968801514324,29.84955500409433,5.239883881062269,0.0489708773931053,0.1961311700288206,29.798751125112176,5.43601505109109,0.0508038789821597,33.356282057240605,0.0103334207116606,29.79985321028322,3.5575309321284294,0.0011020851710435,0.0175559263454454,0.1077379616908729,3335,3228,107,30.16822429906542,0,323,0
0_170,311.4175728855189,1.4620543327958633,303.8008831262604,7.316952460678294,0.0343518894867525,0.3356650804635137,303.7649553443771,7.652617541141808,0.0359277818832948,307.65000893943943,0.1042527986917788,303.7662718654191,3.885053595062345,0.0013165210420407,0.0176880936435655,0.4166884948499501,3164,2951,213,13.854460093896714,0,423,0
0_171,312.483241283102,1.7075586955360762,307.3212981359674,4.989637312246487,0.0272657776625491,0.2006681598722934,307.2929358109832,5.19030547211878,0.0283623249842556,309.47778363502584,0.1898636709417336,307.29427620842125,2.184847824042663,0.0013403974380629,0.0164232658364815,0.3580217803828418,1813,1630,183,8.907103825136613,0,301,0
0_172,315.74873411329463,0.9867147941040456,306.97918192756333,8.42920761066489,0.0263412737833277,0.3678353342693299,306.9516911683604,8.79704294493422,0.0274907592029194,310.29984912928194,0.1032268293843253,306.95280499336405,3.348157960921526,0.0011138250036332,0.0170277655750396,2.510049640666693,3326,3006,320,9.39375,0,525,0
0_173,312.37946515949443,3.632319362319703,309.6627096440237,2.635334021179005,0.0306434188509186,0.1133833238855004,309.6307478144299,2.748717345064506,0.0319618295937733,310.920885958476,0.2621592630341282,309.6318356206222,1.2901381440460682,0.0010878061922816,0.0169602232676562,0.654803573852405,1272,1186,86,13.790697674418604,0,165,0
0_174,313.60394177306443,2.5088315341845155,309.36325432432443,4.084051606711,0.032672412853688,0.1908349343575537,309.3290552319959,4.274886541068554,0.0341990923285484,311.39063871908,0.1806210201386775,309.3302510460835,2.0615834870841354,0.0011958140876358,0.0177064244318753,1.5757944334764034,1849,1724,125,13.792,0,246,0
0_175,355.1746358454693,0.140774726851157,311.03576197263027,42.05507340934128,0.0166686775304563,2.101301999529824,311.0182604365982,44.1563754088711,0.0175015360320535,311.2511178744025,1.655591052523418,311.0194990399908,0.2328574378043413,0.0012386033925762,0.0174092421605496,0.3561206795275211,2711,188,2523,0.0745144669044788,0,2536,0
0_176,313.82897779974155,3.138289777997416,311.0439018183923,2.6985296509228647,0.0269852965092286,0.114678411046043,311.01576973777264,2.813208061968908,0.028132080619689,312.11839273991063,0.3950865730884945,311.0171654630918,1.1026230021379888,0.001395725319162,0.0171058505983091,0.2188648167066276,890,790,100,7.9,0,161,0
0_177,319.566032636445,1.3096968550673975,310.7931697629488,8.441850881557912,0.0345977495145816,0.3671143082901835,310.7570674465969,8.808965189848095,0.0361023163518364,315.1915899675805,0.0822954542996293,310.75822528537526,4.434522520983592,0.0011578387783246,0.0179280437248545,1.3440092012751848,4074,3830,244,15.69672131147541,0,512,0
0_178,318.157123851357,1.5369909364799856,313.530400829969,4.4563982838299125,0.0215284941247821,0.1927845580503344,313.5079410094768,4.649182841880247,0.0224598204921751,314.4116204374004,0.4324781574104545,313.50918403482467,0.9036794279236346,0.0012430253479004,0.0180942193910947,1.6675923131406307,934,727,207,3.5120772946859904,0,259,0
0_179,323.5385380121879,0.7033446478525824,313.29665432820025,9.811750463675708,0.0213298923123384,0.4524466923903674,313.27434085612185,10.264197156066077,0.0223134720784045,315.3451225622557,0.2112157552325892,313.2757278498969,2.0707817061338574,0.0013869937750394,0.0178117727172439,1.1186899351887405,1953,1493,460,3.2456521739130437,0,575,0
0_18,38.88910893397406,0.2184781400785059,33.00168624813171,5.692737483885139,0.0319816712577816,0.2279474770184606,32.96842397307046,5.9206849609036,0.0332622750612561,35.786378344055265,0.0154185171667622,32.96963808525098,2.817954370984808,0.001214112180519,0.0174310707298808,0.3707990611437708,2499,2321,178,13.039325842696629,0,340,0
0_180,319.66475444380194,2.145401036535584,313.96924070258245,5.454934719018638,0.0366103001276418,0.2790622231550514,313.93075750162825,5.73399694217369,0.0384832009541858,316.97553899372,0.1432981641020433,313.93213398512376,3.044781492091716,0.0013764834955206,0.0180484258394763,1.3968842504546046,2361,2212,149,14.845637583892618,0,319,0
0_181,318.1640394423157,3.92795110422612,315.7899887243769,2.2862786042969674,0.028225661781444,0.1174477476160973,315.76031309040263,2.4037263519130647,0.0296756339742353,316.674613655312,0.4719442826457705,315.7616756843891,0.914300564909354,0.001362593986452,0.0183879726790581,1.198649912374094,752,671,81,8.283950617283951,0,132,0
0_182,323.61448995536193,0.8890507965806647,315.3952919213014,7.913487799931318,0.0217403510987124,0.3283526529558003,315.3726495024748,8.241840452887118,0.0226424188266129,317.2657460195478,0.2540158094632088,315.3741651922403,1.8930965170729903,0.0015156897654707,0.0174416042192695,1.2846540599130094,1613,1249,364,3.431318681318681,0,466,0
0_183,320.44384160102345,3.860769175915945,314.6672626241497,5.605898441048339,0.0675409450728715,0.2411266209091991,314.5968165390659,5.847025061957538,0.0704460850838257,318.9704610691406,0.0946499884478161,314.5981143564339,4.373644530074671,0.0012978173679746,0.0177515726732875,2.652567766373977,3453,3370,83,40.60240963855421,0,334,0
0_184,321.77314381604083,3.064506131581341,315.6902000777357,5.856159495189786,0.055772947573236,0.2852740867529064,315.63171023409814,6.141433581942692,0.0584898436375494,319.9604865561705,0.0889520396319628,315.63291367483265,4.328776322072372,0.001203440734521,0.0172634024749554,3.3217282940167934,3702,3597,105,34.25714285714286,0,357,0
0_185,324.470802559983,2.949734568727118,319.2130906867456,5.096897739684209,0.0463354339971291,0.2090500222984701,319.1648547980003,5.305947761982679,0.048235888745297,322.5804786109365,0.1106622568133573,319.1660265385879,3.4156238129362464,0.0011717405876282,0.0171847631731493,0.779243930010125,3025,2915,110,26.5,0,312,0
0_186,330.439883277053,0.8788294768006729,322.4786937028687,7.694427361013368,0.0204639025558866,0.2879920520354062,322.45746386400424,7.982419413048774,0.0212298388644914,323.8159901970066,0.2951832180464964,322.4587022654017,1.3585263330023736,0.0012384013974497,0.017616736915017,0.1067587500438094,1473,1097,376,2.917553191489361,0,454,0
0_187,331.8826654453296,1.0671468342293555,322.1788685689388,9.376643727067858,0.0301499798298001,0.3584557198919356,322.1475659983698,9.735099446959794,0.0313025705690025,326.2777258702554,0.0984246533545265,322.14881189878366,4.130159871885553,0.0012459004138417,0.0180223137462194,1.6514521236531436,3626,3315,311,10.659163987138264,0,550,0
0_188,328.5171198255848,15.643672372646895,325.41967896375405,3.093796459725126,0.1473236409392917,0.158516445197165,325.2648069206625,3.252312904922292,0.1548720430915377,328.151703648502,0.160074001779757,325.2662151629688,2.886896727839485,0.0014082423062631,0.0174007703372765,0.995521865785122,2071,2050,21,97.61904761904762,0,177,0
0_189,332.299963893136,1.4768887284139378,325.2942585931625,6.768893726635724,0.0300839721183809,0.2680870434269309,325.2629831230733,7.036980770062655,0.0312754700891673,328.34563927794807,0.135456121814335,325.26425484590953,3.082656154874712,0.0012717228361694,0.0175747760675019,2.87113716150634,2649,2424,225,10.773333333333332,0,398,0
0_19,44.61164524941705,0.1402881926082297,34.74090730689785,9.559166169026868,0.0300602709717826,0.3427097480744123,34.70976933231577,9.90187591710128,0.0311379745820794,39.024111001286656,0.011070669787599,34.710993259030374,4.314341668970883,0.0012239267146016,0.0175708624155043,1.0602344416547569,3843,3525,318,11.08490566037736,0,565,0
0_190,333.08565199631266,2.121564662396896,327.1386549035547,5.7346859984099865,0.0365266624102546,0.2504328705836087,327.10053312731907,5.985118868993595,0.0381217762356279,330.2824493004009,0.1305464226483798,327.10179080169576,3.181916173081845,0.0012576743767121,0.0178547942414761,1.2287922187242657,2687,2530,157,16.11464968152866,0,338,0
0_191,335.23105185315944,3.075514237184949,330.14704130291983,4.882034039823338,0.0447893031176453,0.2490506821777671,330.09996713115834,5.1310847220011055,0.047074171761478,333.46411306317896,0.1253153374908601,330.1012313723955,3.3641459320206195,0.0012642412371366,0.0162104476144998,0.1650230882223695,2770,2661,109,24.412844036697248,0,299,0
0_192,338.9645997644402,1.5200206267463687,332.2441944624548,6.606278244173154,0.0296245661173684,0.1443991537671536,332.2139223664999,6.750677397940308,0.0302720959548892,335.4515072745271,0.1012530960683752,332.21489960311567,3.237584908027202,0.0009772366157643,0.0157537779816731,1.2343616266734898,3536,3313,223,14.856502242152466,0,436,0
0_193,343.02176537923515,0.919629397799558,334.7861975834757,8.079459765460342,0.0216607500414486,0.1782466534059494,334.76405896036886,8.257706418866292,0.0221386231068801,336.9152292483486,0.1641887082106962,334.76510728896926,2.1511702879797667,0.00104832860038,0.0163714105385697,0.6734643641393632,2425,2052,373,5.501340482573727,0,510,0
0_194,342.8077539985534,2.316268608098333,336.8047992086645,5.915295297512785,0.0399682114696809,0.1284959195181727,336.7639627815224,6.043791217030957,0.040836427142101,340.325979444664,0.1057569855328352,336.76506968539536,3.5620166631415486,0.0011069038729464,0.0167687469857392,0.1354542816989123,3366,3218,148,21.74324324324324,0,368,0
0_195,346.14844438340515,1.3468811065502146,340.0113087963233,6.03760327049531,0.0234926197295537,0.1235055024735629,339.9873356104363,6.161108772968873,0.0239731858870384,342.1182088344358,0.1965067253500493,339.98855954680846,2.130873223999515,0.0012239363721996,0.0156818503850947,0.3221766001079231,1998,1741,257,6.77431906614786,0,382,0
0_196,382.60380466654897,0.1489890205087807,338.02963400530507,43.61045034788549,0.0169822625965286,0.9810846182517708,338.0122697004117,44.59153496613726,0.0173643048933556,339.58070276561193,0.2366416047147121,338.01336268512614,1.5684330652002243,0.0010929847144252,0.0167535443539474,4.0894583449698985,4003,1435,2568,0.5588006230529595,0,2667,0
0_197,348.22554655349813,1.1568955034999937,339.1216298435928,9.011186629300935,0.029937497107312,0.1230764696374535,339.09128345455974,9.13426309893839,0.0303463890330179,343.1963947224431,0.0916412268951784,339.0923796124417,4.105111267883331,0.0010961578819448,0.0167081456181231,0.4740320700220763,4046,3745,301,12.44186046511628,0,561,0
0_198,348.7849287914578,2.2796400574605085,342.9155084875738,5.827764649875462,0.0380899650318657,0.0802702612709254,342.8768938803114,5.908034911146388,0.0386146072623946,346.1873689943459,0.1237267222996232,342.8780770379647,3.310475114034489,0.0011831576533361,0.0169775150138032,0.303636321099475,2951,2798,153,18.287581699346404,0,353,0
0_199,350.00687310285866,3.0702357289724445,345.6863216611826,4.271440715063363,0.0374687782023102,0.0873456951230764,345.6480866926722,4.35878641018644,0.0382349685104073,348.136750943726,0.1792671220101575,345.6493681881671,2.488664251053706,0.0012814954948783,0.0164045803432695,0.5224776186514646,2056,1942,114,17.035087719298247,0,259,0
0_2,6.048616793705151,0.0454783217571815,0.0720765327218976,5.815074911806732,0.0437223677579453,0.2067421693354845,0.0267997125629335,6.021817081142217,0.045276820158964,3.872462355531752,0.0010037486665452,0.0277965146995247,3.8456626429688185,0.0009968021365911,0.0163620634449127,2.748458418762312,3991,3858,133,29.00751879699248,0,382,0
0_20,46.188786514569074,0.2443851138336988,38.56196901888868,7.417256872169673,0.0392447453553951,0.2501288016792387,38.52140084072016,7.667385673848912,0.0405681781685127,42.97625797055662,0.0119047806012622,38.5226348731661,4.454857129836455,0.001234032445938,0.0169975055238754,0.485865093767643,3799,3610,189,19.1005291005291,0,441,0
0_200,348.40045271627605,13.400017412164464,345.8090879336769,2.614190893247724,0.1005458035864509,0.0808284806553274,345.705433342373,2.695019373903051,0.1036545913039635,348.008845374221,0.174703235629629,345.7065896737143,2.303412031847984,0.0011563313412891,0.0150618208482718,2.4321816174779087,2018,1992,26,76.61538461538461,0,166,0
0_201,352.8955783532001,2.1918980021937893,346.7508086121514,6.101623623864725,0.0378982833780417,0.0815509280655533,346.71240380126983,6.183174551930279,0.0384048108815545,350.2568703442812,0.1036876466383307,346.71345308088587,3.5444665430113678,0.0010492796160483,0.0163894907386267,1.2809837369713932,3539,3378,161,20.981366459627328,0,388,0
0_202,356.33529908023775,1.8954005270225407,350.041984986286,6.238307752413675,0.0331824880447535,0.0886604276020079,350.00833090022206,6.326968180015683,0.0336540860639132,353.2461738183629,0.1267023578975476,350.00949224990575,3.2378429181408137,0.0011613496836946,0.0164315173503982,0.2325942229945212,2976,2788,188,14.829787234042554,0,385,0
0_203,356.5666081365198,2.807611087689132,353.245972850954,3.301453214837238,0.0259956946050176,0.0455363190267235,353.2196186026558,3.3469895338639617,0.0263542482981414,354.46398220560513,0.3334562391397979,353.2207892175222,1.2443636029493064,0.0011706148663681,0.0165561096922413,0.0095640267245471,1190,1063,127,8.37007874015748,0,203,0
0_204,359.0251761046238,2.3935011740308254,353.9664101111175,5.027443538419902,0.0335162902561326,0.0652739047072827,353.93245866149664,5.092717443127185,0.0339514496208479,356.61228978354484,0.1623178378623326,353.9336784298726,2.679831122048199,0.0012197683759891,0.0160859088071932,0.5153217830229551,2347,2197,150,14.646666666666668,0,312,0
0_205,362.9768293011002,2.282873140258492,356.4606802458348,6.486145418370143,0.0407933674111329,0.0712450866121798,356.4194387961179,6.5573905049823225,0.0412414497168699,360.3466274959501,0.1028093088433523,356.4205592493846,3.927188699832186,0.0011204532667138,0.0165421497179253,0.1772081775125116,3664,3505,159,22.044025157232703,0,402,0
0_206,368.71891566948034,1.012964054037034,357.9442476096651,10.57590711908415,0.0290546898875938,0.2284432218875736,357.9145653285086,10.804350340971723,0.0296822811565157,361.9224692515563,0.1035247337676076,357.9157117541159,4.0079039230477065,0.001146425607279,0.0186715560931978,2.4323083315975964,3860,3496,364,9.604395604395604,0,607,0
0_207,366.75814797449857,2.2093864335813165,361.80988923545806,4.839744413504377,0.0291550868283396,0.1385037724394351,361.7798997885548,4.978248185943812,0.0299894469032759,363.6006911203731,0.2556966885515985,361.7811802325293,1.8207913318183275,0.0012804439745557,0.0190208244224426,0.1253978780005127,1588,1422,166,8.566265060240964,0,268,0
0_208,369.2236762859393,1.2955216711787343,362.80035161629337,6.288695534924045,0.0220655983681545,0.1572464751079678,362.7777342759073,6.445942010032013,0.0226173403860772,363.85189075395465,0.4903664295875399,362.77918192614726,1.074156478047371,0.001447650239956,0.0188483702876654,0.8049912825226784,1027,742,285,2.6035087719298247,0,342,0
0_209,370.4043108928017,2.764211275319416,362.69442494588543,7.491641187574714,0.0559077700565277,0.276213826611638,362.6364558786154,7.767855014186352,0.0579690672700474,368.0074134317693,0.1005484736152375,362.6379233533567,5.370957553153858,0.0014674747412988,0.0178872944853171,1.197091138223186,3794,3660,134,27.31343283582089,0,417,0
0_21,46.2530906891916,1.651896096042557,41.66173045335537,4.61463521164842,0.164808400416015,0.1467754032928496,41.491680074250326,4.761410614941269,0.1700503791050453,45.79753822321072,0.0116533176140485,41.492775712456165,4.305858148960397,0.0010956382058423,0.0162697309278883,1.4675128823146224,3958,3930,28,140.35714285714286,0,290,0
0_210,373.9105032146908,0.8655335722562287,364.6346819508795,9.011410104809327,0.0208597456129845,0.2859327860642224,364.6131603238173,9.297342890873551,0.0215216270622072,366.45084840478376,0.2577010185687649,364.6144526501752,1.8376880809664728,0.0012923263579229,0.0172677194673775,3.376476933946833,1854,1422,432,3.2916666666666665,0,534,0
0_211,374.5388686682563,1.2320357521982117,366.1190490797576,8.198101667920128,0.0269674396971056,0.2495061040390283,366.0912608962972,8.447607771959156,0.0277881834603919,369.2994833171833,0.1414940549107982,366.09249010028987,3.208222420886159,0.0012292039926766,0.0172348202337927,0.3417390075046569,2914,2610,304,8.585526315789474,0,489,0
0_212,372.20253325649537,2.5319900221530296,367.2750775303714,4.833159780595452,0.0328786379632343,0.1280456422828138,367.2413278336171,4.961205422878265,0.0337496967542739,369.6069317194633,0.1898340686797449,367.24254283304487,2.3656038858462125,0.0012149994277587,0.0176571533131432,2.042093999683857,2094,1947,147,13.244897959183673,0,286,0
0_213,373.3749047825113,9.334372619562782,368.80852826875633,4.552776456112042,0.113819411402801,0.1306866349186748,368.6914416914806,4.683463091030717,0.1170865772757679,372.75315362145193,0.1057155852584945,368.6925936233949,4.061711929971352,0.0011519319143424,0.0155437790264841,0.8984345551580191,3566,3526,40,88.15,0,286,0
0_214,373.3433779818006,4.912412868181587,370.73809195092366,2.584214151836932,0.034002817787328,0.0558090261183679,370.7033548038453,2.6400231779553,0.0347371470783592,372.1465288358741,0.2405601349941008,370.704287689451,1.4431740320287645,0.000932885605707,0.0157480150779807,2.0353176966309547,1623,1547,76,20.355263157894736,0,175,0
0_215,377.79587860102765,1.5547155497984677,371.73624120883113,5.93906045681797,0.0244405780115965,0.1456167593132704,371.7112013848964,6.08467721613124,0.0250398239346964,373.8528643141035,0.169624711576272,371.71217310128895,2.1416629292070866,0.0009717163925621,0.0162263962424862,0.4213294917717576,2447,2204,243,9.069958847736626,0,386,0
0_216,378.4168407784309,3.12741190725976,373.4884292355234,4.849573430372402,0.040079119259276,0.1199082087259739,373.44735913933255,4.969481639098376,0.0410700961908956,376.43752186442725,0.1352632130306961,373.44843357796896,2.990162725094706,0.0010744386363976,0.0163580075537493,0.3914929286111146,2904,2783,121,23.0,0,306,0
0_217,380.2347762563732,3.1424361674080425,376.1576822429784,4.006061647785828,0.0331079475023622,0.1050081490539014,376.1237064595334,4.111069796839729,0.0339757834449564,378.3257488554809,0.1904963488698292,376.12481524221016,2.202042395947501,0.0011087826767107,0.015777085957787,0.2973800299223512,2107,1986,121,16.41322314049587,0,256,0
0_218,382.9853405402973,2.3496033161981438,377.1342021814959,5.759726464981213,0.0353357451839338,0.1275300318375229,377.0980840434786,5.887256496818736,0.0361181380172928,380.3582409683149,0.1139820919893062,377.0990610158864,3.2601569248363376,0.0009769724078023,0.0161171752882355,1.2281139080878347,3500,3337,163,20.47239263803681,0,379,0
0_219,385.5831760193687,1.9473897778755995,379.60986487262863,5.8534181995783,0.0295627181796883,0.1502143235411495,379.5795434962493,6.00363252311945,0.0303213763793911,382.37651495216414,0.1462802276022051,379.5806134929807,2.7969714559149,0.0010699967314135,0.0161952579151744,0.7642666001338512,2812,2614,198,13.202020202020202,0,371,0
0_22,47.83982179523446,0.459998286492639,45.54207298301089,2.240662152180448,0.0215448283863504,0.079394900938496,45.51976474211551,2.320057053118944,0.0223082408953744,46.16847109119408,0.074585575268488,45.5208127329864,0.6487063490785658,0.0010479908708862,0.016070679846542,0.263031026115641,723,619,104,5.951923076923077,0,144,0
0_220,386.0984893068671,2.490957995528175,381.374052268456,4.64259505784139,0.0299522261796218,0.1125201431568712,381.34337410586886,4.755115200998262,0.0306781625870855,383.58448039903305,0.1843269968279832,381.3444510430592,2.2411062931641936,0.001076937190372,0.0162194123086068,1.018916838336736,2236,2081,155,13.425806451612903,0,294,0
0_221,388.2531113831792,2.441843467818737,382.0979669594906,6.044247205834836,0.0380141333700304,0.1498538281302899,382.0590103492141,6.194101033965126,0.0389566102765102,385.6721609381493,0.1103496883943202,382.0600441548189,3.613150588935241,0.0010338056048455,0.016232392736037,1.5092098526656628,3654,3495,159,21.9811320754717,0,390,0
0_222,388.6952252800111,2.7567037253901496,384.3459568193978,4.275080823106691,0.0303197221496928,0.1052538407966494,384.3148906161077,4.380334663903341,0.0310662032900946,386.4380587430205,0.1968609570774429,384.31597220965176,2.123168126912788,0.0010815935440207,0.0160082733119897,1.3577381612267343,2104,1963,141,13.921985815602836,0,271,0
0_223,388.5292550048325,7.194986203793195,385.2535096706771,3.255776612320915,0.0602921594874243,0.0817752375733107,385.1917031549383,3.3375518498942256,0.0618065157387819,387.68791930098087,0.1666758036547639,385.1927763347088,2.4962161460425705,0.0010731797704396,0.0155802908120676,1.229762690141797,2380,2326,54,43.07407407407408,0,210,0
0_224,391.15540888742544,2.429536701164133,386.0600693873636,5.021569445030764,0.0311898723293836,0.1056159269064664,386.0282235154882,5.12718537193723,0.0318458718753865,388.58430055039935,0.1402325155360517,386.0291459539706,2.556077034911141,0.0009224384824652,0.015969617000162,1.6455854584928602,2932,2771,161,17.211180124223603,0,338,0
0_225,395.03568002651446,2.0682496336466727,388.56346586956494,6.350280279992148,0.0332475407329431,0.1559981619939208,388.5294015845284,6.506278441986069,0.0340642850365762,391.90119602158666,0.1188659981867111,388.5304242701326,3.37179443705827,0.0010226856042032,0.0164109110205643,0.0405139098875224,3488,3297,191,17.26178010471204,0,407,0
0_226,395.8891324603465,1.6224964445096166,390.14000481481617,5.6386831409763545,0.0231093571351489,0.1341034660581499,390.116345853312,5.772786607034504,0.0236589615042397,391.8910532663576,0.2382316433230137,390.11742470280313,1.7747074130456897,0.0010788494912131,0.0163855704671672,1.7705174752045425,1889,1645,244,6.741803278688525,0,353,0
0_227,396.9703217984643,2.435400747229842,390.3855855616304,6.456578690093011,0.0396109122091595,0.1688040667213499,390.3449390416499,6.625382756814361,0.0406465199804562,394.32567858556286,0.1116753550228158,390.346066410538,3.980739543912932,0.001127368888109,0.0162248049871253,1.5298956197220832,3694,3531,163,21.66257668711657,0,404,0
0_228,400.0099900248461,2.597467467693805,393.8335705077194,6.076268122531474,0.0394562865099446,0.140520149609074,393.7932017527055,6.216788272140548,0.0403687550138996,397.51306663663127,0.1097496042619081,393.7942287722759,3.7198648839257658,0.0010270195703825,0.0162137882351609,0.5160742858424783,3776,3622,154,23.51948051948052,0,391,0
0_229,404.476422929205,1.460203692885217,397.2428172255063,7.0433612912893295,0.0254272970804668,0.2164531287271529,397.2166085091885,7.259814420016482,0.026208716317749,399.7858272611629,0.1693290246764773,397.2176967001042,2.569218751974404,0.0010881909157028,0.0169335583683829,0.2820321845356375,2638,2361,277,8.52346570397112,0,434,0
0_23,49.91979875951074,0.3305946937715943,44.03183966703152,5.710237719817087,0.0378161438398482,0.2169744332786649,43.99258660641499,5.927212153095752,0.0392530606165281,47.433273477479815,0.0135099041519452,43.993566579890086,3.440686871064827,0.0009799734750967,0.0164670548478869,2.162317957729101,3662,3511,151,23.251655629139076,0,377,0
0_230,434.0381121407263,0.211932671943714,398.9525089690163,33.98227346944623,0.016592906967503,1.1204697135835886,398.9353689576965,35.102743183029816,0.0171400113198387,398.9499990127515,398.9499990127515,398.9499990127515,0.0146300550550222,0.0146300550550222,0.0171328677382689,0.8360169595107436,2049,1,2048,0.00048828125,0,2048,0
0_231,402.1290487414226,2.161984133018401,396.5821872954457,5.4360379204154015,0.0292260103248139,0.1408065604045987,396.5522042606026,5.57684448082,0.0299830348431182,398.9294007194694,0.1992654349248099,396.5533916714212,2.37719645886682,0.0011874108186147,0.0172024087201783,2.383171466179192,2188,2002,186,10.763440860215054,0,329,0
0_232,411.0283184419386,0.9093546868184482,398.5570945961383,12.158400896005332,0.0268991170265604,0.3404753308277577,398.5294422151055,12.49887622683309,0.0276523810328165,402.9423572700471,0.1126481289544442,398.5306759067619,4.41291505494155,0.0012336916563996,0.0178892946280786,0.3834447804838419,4029,3577,452,7.913716814159292,0,712,0
0_233,409.4498954399023,1.8117252010615148,401.2761996675641,7.992621701909229,0.0353655827518107,0.2174016071949154,401.2398721307982,8.210023309104145,0.0363275367659475,405.2439356588293,0.1243460986986282,401.24110074802064,4.004063528031111,0.0012286172224704,0.0186104415091727,1.6862226331140846,3485,3259,226,14.420353982300885,0,458,0
0_234,409.34138083131984,2.200760111996343,401.7741324127932,7.374619658105075,0.0396484927855111,0.2335328059270978,401.73322836728767,7.608152464032173,0.0409040455055493,406.18384509021416,0.1293167287775276,401.73464530989287,4.4506167229264975,0.0014169426051978,0.016975998608095,3.49300928064622,3327,3141,186,16.887096774193548,0,425,0
0_235,411.7707565203309,4.524953368355285,405.7652971367352,5.893231929512695,0.0647607904342054,0.1789547805674374,405.6985698102508,6.072186710080132,0.066727326484397,410.2310556531884,0.1066366144146577,405.6997479973688,4.532485842937604,0.0011781871179978,0.0169197897488189,0.4692054949700832,3938,3847,91,42.27472527472528,0,360,0
0_236,408.6177028471138,3.268941622776911,405.18041041240656,3.3701550536789,0.0269612404294312,0.0948574813082814,405.15269031212665,3.465012534987181,0.0277201002798974,406.5679944031872,0.3529236062527666,405.1539188747057,1.415304091060534,0.0012285625790456,0.0163976675514131,5.062084895092994,1277,1152,125,9.216,0,207,0
0_237,417.6166067710146,1.0545873908358956,406.5080953527211,10.83644841471687,0.0273647687240325,0.3001858172938227,406.479972539004,11.136634232010692,0.0281228137171987,410.54497448098846,0.1144535752665147,406.4811057985361,4.065001941984519,0.0011332595321952,0.0178576572980458,0.0710540972650051,3983,3587,396,9.058080808080808,0,644,0
0_238,416.5675282506272,3.4713960687552268,410.53558155342085,5.903424070216715,0.0491952005851392,0.179211254697293,410.4848929257132,6.082635324914008,0.0506886277076167,414.33887257170863,0.1348759350819364,410.4861474763792,3.853979645995423,0.0012545506660141,0.0185721306576548,0.043747030198574,3192,3072,120,25.6,0,340,0
0_239,415.4902392125223,12.220301153309478,412.2346908270094,3.233335792319849,0.095098111538819,0.1208655745722353,412.1360378456302,3.3542013668920845,0.0986529813791789,414.89453101949766,0.2121137684148761,412.137448118214,2.758493173867464,0.0014102725837768,0.0175208292066064,2.185069087194279,1990,1956,34,57.52941176470589,0,182,0
0_24,53.07182567403652,0.1706489571512428,45.9980331626833,6.80402322136797,0.0218778881716011,0.2925879755057394,45.97521447716281,7.09661119687371,0.0228186855204942,47.82842013798654,0.0284692977011824,45.976317575770445,1.8532056608237328,0.0011030986076331,0.0168598248747587,1.4436304273549467,1991,1680,311,5.401929260450161,0,423,0
0_240,420.9387631469872,2.582446399674768,414.15943295622753,6.633720963727683,0.0406976746240962,0.1874569442588836,414.1175852390006,6.821177907986566,0.0418477172269114,418.2777616819367,0.1073883855409336,414.118653320244,4.160176442936063,0.0010680812433725,0.016325162362273,0.7592801826540381,4058,3895,163,23.895705521472397,0,423,0
0_241,425.1505329024512,1.4460902479675213,417.5759775880257,7.412507394328713,0.0252126101847915,0.1878996447194367,417.5501258634031,7.60040703904815,0.0258517246226127,420.3532147004735,0.1638803955947265,417.55121868556176,2.8030888370703906,0.0010928221587019,0.0163174088502644,0.7129954134579748,2859,2565,294,8.724489795918368,0,465,0
0_242,422.4444194808602,7.160074906455258,418.1088954894725,4.307278249645606,0.0730047160956882,0.1029961553867906,418.03414507582784,4.410274405032396,0.0747504136446168,421.4467305038124,0.1332848610068983,418.0352243248563,3.4125854279845957,0.0010792490284581,0.0169099826618271,2.304914460517466,3221,3162,59,53.59322033898305,0,269,0
0_243,423.8509729572106,3.474188302927956,418.5620796621212,5.218229013029486,0.042772368959258,0.1143741440027952,418.51836980017833,5.332603157032281,0.0437098619428875,421.8922639782541,0.1226787624246159,418.519350868564,3.373894178075716,0.0009810683855992,0.0160549916307915,2.911764360731468,3561,3439,122,28.188524590163933,0,346,0
0_244,427.2947972579859,2.0444727141530428,420.9385390038976,6.247262187069282,0.0298912066366951,0.1395550009328872,420.90798006998375,6.386817188002169,0.0305589339138859,423.91097812308,0.1414923157954205,420.9089824057825,3.002998053096235,0.0010023357987637,0.0161905221765834,0.9697392971720546,3205,2996,209,14.334928229665072,0,404,0
0_245,426.8268282504287,5.021492097063867,421.4819588005515,5.288209215039387,0.0622142260592869,0.1202896330505609,421.4183294023387,5.408498848089948,0.0636293982128229,425.47318785940297,0.1100551442988626,421.4193782534657,4.054858457064256,0.0010488511270212,0.0159251810708905,2.4783004575874656,3951,3866,85,45.48235294117647,0,339,0
0_246,427.7918649036437,4.456165259412956,424.3213997498266,3.428972550202161,0.0357184640646058,0.0780238157603889,424.2848685376812,3.50699636596255,0.0365312121454432,426.27973485179245,0.2122907046074663,424.28586199700095,1.9948663141112772,0.0009934593197765,0.015751354706784,1.1887880556751045,2104,2008,96,20.916666666666668,0,226,0
0_247,432.796941079665,1.6270561694724248,425.70249707051255,6.957466856809333,0.0261558904391328,0.1637486391700804,425.6757255836856,7.121215495979413,0.0267714868269902,428.4490698957816,0.1495459231747928,425.6766935921714,2.7733443120960146,0.0009680084858973,0.016345380390539,0.5899564269930124,3131,2865,266,10.770676691729324,0,451,0
0_248,439.92081626178697,0.9281029878940652,428.1733520123916,11.464164903853089,0.024186001906863,0.3081354221794754,428.1485159357544,11.772300326032564,0.0248360766371995,431.8402199607808,0.1277633786866215,428.1496081558802,3.691704025026411,0.0010922201257474,0.01704767152111,0.286226490046829,3854,3380,474,7.1308016877637135,0,700,0
0_249,436.70086833974347,3.639173902831196,430.25787107691866,6.3404528591781855,0.0528371071598182,0.1566872377879917,430.2037282427773,6.497140096966177,0.0541428341413848,434.5645098646637,0.111770707269718,430.2048498429887,4.360781621886417,0.0011216002113905,0.0178029872923313,1.6197238189633936,4008,3888,120,32.4,0,381,0
0_25,53.079208037117496,0.2653960401855875,47.07066412398824,5.809393446426839,0.0290469672321341,0.2293441547080874,47.04047043598257,6.038737601134926,0.0301936880056746,49.660882164957,0.0212954040158477,47.0415941116811,2.620411728974432,0.001123675698531,0.0170916293608024,0.7715248870663345,2532,2332,200,11.66,0,358,0
0_250,441.20591477304697,0.9447664127902504,432.0483245253912,8.93855875148438,0.0191403827654911,0.2386829773895442,432.02867304417305,9.177241728873923,0.0196514812181454,433.37044587917626,0.411949093041042,432.029948493636,1.341772835003212,0.0012754494629308,0.0167783059825925,2.518686639610678,1519,1052,467,2.252676659528908,0,542,0
0_251,436.9770989068784,3.5526593407063283,430.2850146357243,6.566864656982943,0.0533891435527068,0.1800727639347314,430.2301614859607,6.746937420917675,0.0548531497635583,434.88100215792656,0.1100129021396222,430.2313380204085,4.650840671965852,0.0011765344477525,0.0170414369833481,3.141043488169089,4076,3953,123,32.13821138211382,0,398,0
0_252,441.4801698231604,2.3235798411745283,434.5458742060637,6.786906979279593,0.0357205630488399,0.1840780326165259,434.5091848112643,6.970985011896119,0.0366893947994532,438.3750365371816,0.1260422761751528,434.5102963269992,3.8658517259173095,0.0011115157348813,0.0163428067683095,0.3553066437598318,3668,3478,190,18.305263157894736,0,427,0
0_253,442.3724285908975,2.8357206960954966,437.1872514745263,5.077699130866677,0.0325493534029915,0.1409307410940528,437.1537987189368,5.218629871960729,0.0334527555894918,439.7837872288656,0.1815787725965588,437.1548845936312,2.629988509928808,0.0010858746944379,0.01659385488482,1.2068231573794037,2578,2422,156,15.525641025641026,0,317,0
0_254,494.7213422926143,0.1596905559369316,439.1811895529221,53.29473253618926,0.0172029478812747,2.263353736838326,439.1632560195867,55.558086273027584,0.0179335333353865,439.1800605426543,439.1800605426543,439.1800605426543,0.0168045230675488,0.0168045230675488,0.0179281090219367,0.6038863891735673,3099,1,3098,0.0003227888960619,0,3098,0
0_255,444.3386153997853,2.441420963735084,437.2059996037764,6.973745612893254,0.0383172835873255,0.1982769002206623,437.1665928866714,7.172022513113916,0.0394067171050215,441.2356355267111,0.125208750149464,437.1677475525738,4.069042640039697,0.0011546659023949,0.0170493399619462,2.0140334349125624,3706,3524,182,19.36263736263736,0,429,0
0_256,446.7864914946258,1.7118256379104435,440.9823334612652,5.6801506713964045,0.0217630293923233,0.1463310467079281,440.9600097765215,5.826481718104333,0.0223236847436947,442.34217216447,0.3813294587624741,440.9612012958214,1.3821623879484832,0.0011915192999555,0.0170280434105588,0.2596640752162784,1421,1160,261,4.444444444444445,0,343,0
0_257,450.5932315427344,1.7739891005619466,442.2889076133385,8.082953716395423,0.0318226524267536,0.2541936277411878,442.2560841985978,8.33714734413661,0.0328234147406953,446.1347631285898,0.1454629159206357,442.2573488477436,3.87867892999202,0.0012646491457424,0.0175530252525377,0.0693488058168441,3321,3067,254,12.0748031496063,0,481,0
0_258,492.9986902493984,0.1903469846522773,445.71184650890063,45.82247596862726,0.0176920756635626,1.4826322924345732,445.6935819883365,47.30510826106183,0.0182645205641165,445.8489242843352,3.8435252093477175,445.6949211460607,0.1553422959987074,0.0013391577241267,0.0182045428436537,0.4246048203203827,2706,116,2590,0.0447876447876447,0,2598,0
0_259,452.0270359381102,4.072315639082074,445.804109626521,6.069184235064313,0.0546773354510298,0.2103141339030116,445.7475375691429,6.2794983689673245,0.056572057378084,450.1203901001718,0.1416363719635531,445.7489135453956,4.372852531028912,0.0013759762526837,0.0171769895309766,0.0831298402044922,3289,3178,111,28.63063063063063,0,358,0
0_26,54.85685313027352,0.3632904180812816,49.191797758147295,5.469362197909504,0.0362209417080099,0.2334602100308984,49.15403072233312,5.702822407940403,0.0377670358141748,52.403268145397305,0.0196487694583416,49.1552490340778,3.249237423064187,0.0012183117446809,0.0162489071846106,0.4906902427319437,2818,2667,151,17.662251655629138,0,339,0
0_260,454.01608059718274,6.485944008531182,449.6135727793178,4.318236151942983,0.0616890878848997,0.1480761270504444,449.5497683181893,4.466312278993428,0.0638044611284775,452.8338144891896,0.1748393106135867,449.5510362896839,3.2840461710002278,0.0012679714945946,0.0168895158284742,0.5542396460659802,2660,2590,70,37.0,0,263,0
0_261,460.44500591489486,2.423394767973131,452.28659893936896,7.95180362672545,0.0418515980353971,0.2497695232741534,452.24343276489526,8.201573149999604,0.0431661744736821,457.0123962310609,0.1172728756045832,452.2446565173885,4.768963466165587,0.0012237524932423,0.0180663667570211,0.5739764801692218,4087,3897,190,20.510526315789477,0,473,0
0_262,463.1766040322837,2.351150274275552,456.894078950543,6.1259623556397855,0.0310962556123846,0.1886164254974573,456.8620252511464,6.314578781137243,0.0320536993966357,459.6505085071549,0.2297103990540504,456.863418796002,2.788483256008476,0.0013935448555764,0.0178989620564912,0.1333990497514605,2198,2001,197,10.157360406091373,0,351,0
0_263,462.85804440127686,2.4751767080282185,456.0371216191801,6.632729123346508,0.0354691396970401,0.2248652866110205,456.0004499913193,6.857594409957528,0.0366716278607354,459.5074440622702,0.1844670590374428,456.0018578572651,3.5069940709508955,0.0014078659457851,0.0179176488716932,3.6320356198120862,2678,2491,187,13.320855614973262,0,381,0
0_264,465.3983285122085,2.423949627667753,459.1668766386962,6.069204868050292,0.0316104420210952,0.1948724079411476,459.1342512362171,6.26407727599144,0.032625402479122,461.9422547821887,0.2280070359240812,459.1356372201983,2.8080035459715877,0.0013859839812298,0.01800038401052,0.3555062741506845,2218,2026,192,10.552083333333334,0,348,0
0_265,466.7033322022762,3.3575779295127783,460.5605346430143,5.967434865422547,0.0429311860821765,0.2198757196310907,460.5160216172226,6.187310585053638,0.0445130257917527,464.18175289430656,0.1779155817916085,460.5174266502916,3.665731277083978,0.0014050330690241,0.0181408583307169,1.4079621490091083,2748,2609,139,18.769784172661872,0,341,0
0_266,497.93870271509513,0.284699086743908,463.948052714849,33.01567092584446,0.0188768844630328,0.9944245263468474,463.9286072629038,34.01009545219131,0.0194454519452208,465.3243185780011,0.4671930909417682,463.9300085794853,1.3957113150972873,0.0014013165814229,0.0186474466192647,0.2361418502405285,2745,996,1749,0.5694682675814752,0,1826,0
0_267,471.5138723347336,3.712707656179005,464.7616928529002,6.554363659583032,0.0516091626738821,0.2514045482967049,464.70810412685387,6.805768207879737,0.0535887260462971,469.0852972806897,0.1535970194108348,464.7095373924576,4.377193153835833,0.0014332656037445,0.0191226382208181,0.5985493601765484,3181,3054,127,24.04724409448819,0,366,0
0_268,478.3220445776824,2.164353142885441,469.0034417682232,9.032043075421823,0.0408689731919539,0.3289170195348561,468.9610844827257,9.36096009495668,0.0423572854975415,473.93130769673735,0.1447560499990034,468.9626025716732,4.970223214011639,0.0015180889474684,0.0198675876965839,0.1061690750066191,3495,3274,221,14.81447963800905,0,483,0
0_269,482.38741295970976,4.307030472854551,473.85111255987846,8.254496190696955,0.0737008588455085,0.3587078163400292,473.7742089526728,8.613204007036984,0.0769036072056873,480.1494510488119,0.1209749183796452,473.7758152117043,6.375242096139118,0.0016062590315291,0.0199818027758738,0.1386376130394637,4081,3969,112,35.4375,0,434,0
0_27,57.89367082295939,0.3063157186399968,51.885484250092375,5.829506497131661,0.0308439497202733,0.2106385149527341,51.853525810875,6.040145012084395,0.0319584392173777,54.7884944989346,0.0197436016212376,51.85458345724908,2.934968688059598,0.0010576463740755,0.0164295043599195,0.5333172813989222,2964,2775,189,14.682539682539682,0,372,0
0_270,488.0050309009384,2.312820051663216,480.1548241130639,7.5862780653405935,0.0359539244802871,0.3013106596190482,480.1174421759788,7.887588724959642,0.0373819370851167,484.31084858090617,0.1815258053151822,480.1190139175099,4.193406404927373,0.0015717415310822,0.0175079730807216,0.013119100825861,2879,2668,211,12.644549763033176,0,424,0
0_271,495.1283611005638,1.0423754970538184,482.4196942179861,12.38549713185057,0.0260747308038959,0.3499812842346728,482.39288268447854,12.735478416085243,0.0268115335075478,486.5176196175162,0.1487821466720233,482.3941440719198,4.124736933037639,0.0012613874412959,0.018127876806416,1.9004318374209104,3745,3270,475,6.88421052631579,0,710,0
0_272,493.3830892585684,3.045574625052891,486.1282045551875,7.097563093760982,0.0438121178627221,0.2023830052930861,486.0831431595143,7.299946099054068,0.0450613956731732,490.3224010495469,0.146321217860205,486.08440823199714,4.239257890032604,0.0012650724828506,0.018893137092725,0.417946747969836,3513,3351,162,20.685185185185187,0,402,0
0_273,495.47074050828815,6.881538062615113,489.57251687446194,5.77805617521517,0.0802507802113218,0.2032410309184342,489.48944330215454,5.981297206133604,0.0830735723074111,494.3395035911817,0.1376223562336252,489.49079354165593,4.850060289027169,0.0013502395013995,0.0157116238487004,0.8148617863189429,3664,3592,72,49.888888888888886,0,336,0
0_274,498.3656604134012,2.3179798158762845,493.3262746508916,4.945283529581502,0.0230013187422395,0.1176507645286619,493.30272611929104,5.062934294110164,0.0235485316005123,494.9655632253271,0.296386564805585,493.303721830133,1.6628371060360223,0.0009957108419377,0.0158144055259262,1.0222899878863243,1885,1670,215,7.767441860465116,0,324,0
0_275,500.9621878310573,3.111566384043834,494.7785292651247,6.075644983910024,0.0377369253659007,0.1466614480596035,494.7398813990876,6.222306431969628,0.0386478660370784,498.382645444246,0.143460749983951,494.74092997826006,3.642764045158401,0.0010485791724693,0.0160220024025542,0.2115447411779314,3635,3474,161,21.577639751552795,0,391,0
0_276,501.9364222160075,2.5096821110800374,494.95253727430014,6.863596179755405,0.034317980898777,0.1553836611565202,494.9174423750956,7.018979840911925,0.0350948992045596,498.6833567931317,0.1337311227656561,494.9184522743764,3.765914418036118,0.001009899280782,0.016265327114379,3.4507611400913447,3929,3729,200,18.645,0,443,0
0_277,503.2443850068376,4.533733198259798,498.07271241040496,5.095003544352949,0.0459009328320085,0.1236842575017362,498.02569720498286,5.218687801854685,0.0470152054221142,501.49222905677743,0.1563742529020197,498.02677813165946,3.4665318517945707,0.0010809266765807,0.0157851887392803,0.6431110121775419,3318,3207,111,28.89189189189189,0,324,0
0_278,503.490821020212,100.6981642040424,501.80945883383976,2.0535261030308902,0.410705220606178,0.0481766299344599,501.3891182872467,2.10170273296535,0.42034054659307,503.4288688383531,0.2546428269288584,501.3901500275355,2.039750551106408,0.0010317402888752,0.0123904363717883,0.0886767406482249,1982,1977,5,395.4,0,135,0
0_279,509.2742307949811,1.6807730389273303,503.32187074929226,5.816185655537993,0.019195332196495,0.1558841916266828,503.3021609478165,5.972069847164676,0.019709801475791,504.3815161827952,0.3949737793130737,503.3030061750952,1.0793552349787203,0.0008452272787617,0.0161475729775114,0.1271105073392391,1580,1277,303,4.214521452145214,0,383,0
0_28,57.90015086135827,0.7423096264276702,54.724710228948446,3.109396561048925,0.0398640584749862,0.1072835600934922,54.68347074021585,3.216680121142417,0.041239488732595,56.59281391720288,0.0324686253110745,54.68456617519978,1.9093431769870224,0.0010954349839282,0.0167607300532742,0.0906789966393262,1821,1743,78,22.346153846153847,0,195,0
0_280,509.7973935597111,2.4509490074986107,503.8128127679621,5.8598538062069565,0.0281723740683026,0.1536380038596689,503.7839017496444,6.0134918100666255,0.028911018317628,506.315675066784,0.209134933939192,503.7849475048353,2.531773317139596,0.0010457551908878,0.0167390312159953,0.583921535173431,2629,2421,208,11.639423076923077,0,369,0
0_281,509.59890066226944,4.675219272130913,506.1819543470885,3.359095415566117,0.030817389133634,0.089489291422069,506.15031595528126,3.4485847069881856,0.031638391807231,507.7579285833053,0.3789238273009741,506.15151566619767,1.6076126280240717,0.0011997109164358,0.0168896521005882,0.1494013434275984,1449,1340,109,12.293577981651376,0,205,0
0_282,513.7179797941353,2.3350817263369787,507.386303498978,6.197760500246659,0.0281716386374848,0.1628275588154792,507.3573917350732,6.360588059062138,0.0289117639048279,510.19927795114927,0.1960043326742793,507.35848350849466,2.841886216076091,0.001091773421466,0.0159940992863002,0.3839135812595486,2823,2603,220,11.831818181818182,0,399,0
0_283,514.6214810293168,6.43276851286646,509.3768337596383,5.188384778331965,0.0648548097291495,0.1226504314690828,509.3104458195157,5.311035209801048,0.0663879401225131,513.3567371293902,0.132650319671677,509.3114913728258,4.046291309874505,0.001045553310045,0.0158092987490817,0.874511496629566,3950,3870,80,48.375,0,335,0
0_284,517.7774233138189,6.238282208600228,513.347304894084,4.395550953224301,0.0529584452195699,0.088593300897628,513.2932790596969,4.484144254121929,0.0540258343870111,516.469832721632,0.1529827703559336,513.2942199819902,3.1765536619350314,0.0009409222932272,0.015754103520324,0.0488201247062534,3459,3376,83,40.67469879518072,0,299,0
0_285,519.8918176677544,4.858802034278078,516.0691246248577,3.773742498829961,0.0352686214843921,0.0850136859808117,516.0330614829436,3.858756184810773,0.0360631419141193,518.2300913038198,0.2306319943497195,516.0340392443236,2.197029820876196,0.0009777613800072,0.015530152933968,0.4222291228361428,2354,2247,107,21.0,0,253,0
0_286,525.5704570766538,1.165344694183268,516.3893918408651,8.953353388234973,0.0198522248076163,0.2481142147444188,516.3689894736744,9.201467602979392,0.0204023671906416,518.2231744327582,0.2871042517633009,516.3700167229592,1.8541849590837955,0.0010272492848109,0.0162910923367973,1.8469272451475265,2256,1805,451,4.0022172949002215,0,570,0
0_287,521.7436808580533,4.459347699641481,518.1526375967197,3.5398631212301552,0.0302552403523944,0.0821374095976352,518.1216803272255,3.6220005308277914,0.0309572694942546,519.8206269391812,0.321671180036622,518.1227316555745,1.698946611955762,0.0010513283489825,0.0164363582809575,0.0876725995913147,1733,1616,117,13.811965811965813,0,225,0
0_288,523.8408513674513,4.677150458637958,518.7093347587943,5.043359985807911,0.0450299998732849,0.1343865022063255,518.663104879437,5.177746488014236,0.0462298793572699,521.9514437334146,0.1807311093259746,518.6642435009238,3.2883388539776206,0.0011386214868343,0.016869711018184,1.141597616719082,3000,2888,112,25.785714285714285,0,312,0
0_289,526.105587388156,5.26105587388156,521.9179606627929,4.115378886926919,0.0411537888692691,0.1145470982883125,521.8756614029408,4.229925985215232,0.0422992598521523,524.5326702850871,0.2276617492556801,521.8768146186014,2.6570088821463287,0.0011532156606537,0.015729171030689,0.0593762893695384,2404,2304,100,23.04,0,260,0
0_29,66.54895357927307,0.1485467713823059,56.38800648555792,9.750326081877574,0.0217641207184767,0.4333524371031672,56.36527506029233,10.183678518980742,0.022731425265582,58.91978357546032,0.0234833732863532,56.36629319840121,2.5545085151679814,0.0010181381088752,0.0170293973299391,0.2113320638891309,2957,2509,448,5.600446428571429,0,614,0
0_290,532.6410055349115,1.102776408974972,521.3907702580238,10.987944978987798,0.0227493684865171,0.2856310349889099,521.3674295209348,11.273576013976708,0.0233407370889786,524.5243981149979,0.1597211930922649,521.3683908390207,3.1569685940630734,0.00096131808589,0.0168045702275644,3.1507162100169808,3767,3284,483,6.799171842650104,0,695,0
0_291,528.9146790709347,15.111847973455276,524.3453810686378,4.589797761058435,0.1311370788873838,0.1138913589529693,524.2109899509232,4.703689120011404,0.1343911177146115,528.3048798970412,0.1424002371690138,524.2120934253022,4.093889946117997,0.0011034743790075,0.0174228335398116,0.29905398003757,3745,3710,35,106.0,0,282,0
0_292,566.1513608004898,0.2554834660652029,528.0168182861023,36.9289413720835,0.0166646847346947,1.2228176400531083,527.9996017883532,38.15175901213661,0.0172164977491591,528.0342420453671,29.335235669187064,528.0015262470762,0.0346402570139616,0.0019244587229978,0.017200865864225,0.2883318895474076,2234,18,2216,0.0081227436823104,0,2217,0
0_293,533.3667195420712,4.102820919554394,526.7857763417137,6.435916814254597,0.049507052417343,0.1960414496716112,526.734761278145,6.631958263926208,0.0510150635686631,531.1699421370868,0.1466915056992783,526.7359861278713,4.435180858941749,0.0012248497263026,0.0168982877306496,1.2824788542930037,3751,3621,130,27.853846153846156,0,389,0
0_294,530.9721003377344,5.709377422986392,528.5226238826465,2.413868016563356,0.0259555700705737,0.0622331826016306,528.4959991385695,2.4761011991649866,0.0266247440770428,529.3884658666793,0.7192778068840752,528.4972117292326,0.8924667281098664,0.0012125906631927,0.0170283276457539,2.6580787075217813,829,736,93,7.913978494623656,0,146,0
0_295,531.9891492191236,2.1625575171509093,525.6456736671792,6.189940612995997,0.0251623602154308,0.1794266758952289,525.6197819302324,6.369367288891226,0.0258917369467123,527.8424798923079,0.2932458221623932,525.6210167624336,2.222697962075472,0.001234832201153,0.0168563793772998,3.7502787404228,2046,1800,246,7.317073170731708,0,377,0
0_296,530.6643759808503,3.235758390127136,526.2282743533298,4.34857577085495,0.0265157059198472,0.1147412040736526,526.2010590059217,4.463316974928603,0.0272153474081012,527.8588853839319,0.3786649106054031,526.2022482644426,1.6578263780102134,0.0011892585208107,0.0171066499812096,1.6255602263845503,1558,1394,164,8.5,0,264,0
0_297,532.2344018975273,5.430963284668645,525.8757031289932,6.23228419967927,0.0635947367314211,0.1919681644067168,525.8101495334413,6.424252364085987,0.0655535955518978,530.579871942522,0.1342900207396917,525.8113567524767,4.769722409080714,0.0012072190354544,0.0168829587245436,2.0324842703994364,4049,3951,98,40.31632653061224,0,382,0
0_298,537.5505595395807,1.8861423141739675,529.3022683353613,8.076648617396131,0.0283391179557759,0.2006858657114207,529.2732250564732,8.277334483107552,0.0290432788880966,532.3437546184286,0.1980445515693559,529.2743673665781,3.0705295619554818,0.0011423101048941,0.0182694909514107,1.2904073619283736,2973,2688,285,9.43157894736842,0,470,0
0_299,540.7688660938293,2.253203608724289,532.1374726427506,8.442110867006704,0.0351754619458612,0.2253972010221332,532.1013580258004,8.667508068028837,0.0361146169501201,536.5408160127699,0.159069319897056,532.102674200715,4.439457986969501,0.001316174914607,0.0176168753377472,0.2265136237256229,3613,3373,240,14.054166666666667,0,481,0
0_3,4.965164493536577,0.0628501834624883,1.1017852891030238,3.777821128256619,0.0478205206108432,0.1350885787978768,1.0522547864820808,3.912909707054496,0.0495305026209429,3.705060879467055,0.0014767082022586,1.0533121025813177,2.6528060929849744,0.0010573160992367,0.0159506786591078,2.8056011761073023,2588,2509,79,31.75949367088608,0,244,0
0_30,62.1678235004656,0.4200528614896324,58.12691116706638,3.898280312307179,0.0263397318399133,0.1701212206389755,58.09942196751945,4.0684015329461545,0.0274891995469334,59.64628111245111,0.0425437097806356,58.10052529073266,1.546859144931659,0.001103323213218,0.0170374485676655,0.8062593548092991,1550,1402,148,9.472972972972974,0,241,0
0_300,544.2579366809223,1.9719490459453703,535.1842216175392,8.851112714735791,0.032069248966434,0.2555976761505008,535.151226290036,9.106710390886292,0.0329953275032112,539.4316993199755,0.1617486354782535,535.1525097901949,4.280473029939458,0.0012835001589023,0.0174863672498073,1.3713560118339956,3611,3335,276,12.083333333333334,0,517,0
0_301,543.8040086894762,45.31700072412301,539.6011230629714,4.430150362662971,0.3691791968885809,0.1548157753422856,539.2190425514709,4.584966138005257,0.382080511500438,543.6000635772943,0.1562967405340121,539.2203021894887,4.381021025823429,0.0012596380177755,0.0169954260151522,0.1963297575712204,3490,3478,12,289.8333333333333,0,261,0
0_302,549.6675557824783,1.869617536675096,542.4430819914611,7.060878948541358,0.0240165950630658,0.188251749612391,542.4184250843246,7.249130698153749,0.0246569071365773,544.5286629414186,0.2894889223505681,542.4195469545303,2.1102378570940346,0.0011218702057916,0.0174792273505432,1.1637208259198817,2175,1881,294,6.3979591836734695,0,422,0
0_303,549.4714483642019,4.395771586913615,543.6570694767199,5.681058328365907,0.0454484666269272,0.1802107114344835,543.6101793244015,5.861269039800391,0.0468901523184031,547.2271905052476,0.1863852828696347,543.6114112764386,3.6170111808460206,0.0012319520370728,0.0179540628716349,0.9026563251391052,3061,2936,125,23.488,0,334,0
0_304,553.7979134789202,2.02856378563707,546.8149882889951,6.765285410685465,0.024781265240606,0.2433122983202338,546.7893157699145,7.008597709005699,0.0256725190806069,549.3079358870164,0.2912555333441232,546.790651199457,2.5186201171018183,0.0013354295424718,0.0164468043659482,0.4206639663316309,2159,1886,273,6.908424908424909,0,413,0
0_305,568.3706844036933,0.4878718321061745,548.4757152187208,19.309062191285197,0.016574302310116,0.6029988916125149,548.4586233207956,19.912061082897708,0.017091897925234,548.6155907087959,3.918682790777114,548.4597445164242,0.1569673880003392,0.0011211956285738,0.0169571619698689,0.8354638402815908,1305,140,1165,0.1201716738197424,0,1174,0
0_306,550.3141298985574,15.7232608542445,547.6163114052731,2.699316189158708,0.0771233196902488,0.0778499068692326,547.5369638025295,2.7771660960279405,0.0793476027436554,549.7350762905553,0.296193467828963,547.5381481303787,2.1981124880257994,0.0011843278491518,0.0165443888000611,1.0614755731076002,1891,1856,35,53.02857142857143,0,168,0
0_307,555.970154879149,3.4532307756468885,549.4866990362214,6.352043202612549,0.0394536844882767,0.1719342393334955,549.446177437203,6.523977441946045,0.0405215990182984,553.255903565092,0.1662427594847031,549.4473221866405,3.8097261278890073,0.0011447494374666,0.0168587038140188,0.2726080664433539,3489,3328,161,20.67080745341615,0,393,0
0_308,563.2919078005943,1.2139911806047292,552.7707665117667,10.26306889532134,0.0221186829640546,0.2807962407823652,552.7480426644906,10.543865136103705,0.0227238472760855,555.1109045634512,0.2856978407428981,552.7492587539908,2.3628618989605457,0.001216089500237,0.017631472493843,0.491862136637792,2407,1943,464,4.1875,0,603,0
0_309,563.0626706781331,1.8958339080071824,554.6252459633589,8.249686230439693,0.0277767213146117,0.2162432975601405,554.5967411501333,8.465929527999833,0.0285048132255886,557.675667708274,0.2212998681382039,554.5979629463866,3.0789265581406653,0.0012217962532304,0.0181380571375729,0.4973272522911429,2817,2520,297,8.484848484848484,0,479,0
0_31,64.99059586646035,0.5802731773791103,59.22491062869709,5.576561726629734,0.0497907297020511,0.2410666213836521,59.17296751844697,5.817628348013386,0.0519431102501195,63.031507667619735,0.0195264893641944,59.17416285306567,3.858540149172768,0.0011953346187028,0.0174918589182198,0.4572708660271019,3340,3228,112,28.821428571428573,0,337,0
0_310,564.1442213277332,8.05920316182476,557.6211649814055,6.388754673302174,0.0912679239043167,0.2288387215230614,557.526627932908,6.617593394825235,0.0945370484975033,562.9661359786987,0.1445355933193065,557.5280244689917,5.439508045790717,0.0013965360836433,0.0168297907004931,0.1322643014136701,3965,3895,70,55.642857142857146,0,368,0
0_311,568.9839247579221,3.844485978094068,562.6521107745136,6.212500873487443,0.0419763572532935,0.1623866744339466,562.6090372100007,6.374887547921389,0.0430735645129823,566.5873246460687,0.150408103171242,562.6100932990466,3.978287436068058,0.0010560890459432,0.0161932439990089,0.3407594878226518,3915,3767,148,25.4527027027027,0,399,0
0_312,569.1258751584683,6.054530586792216,565.4046981711847,3.6711486785206944,0.039054773175752,0.0900409645400941,565.3646855154075,3.761189643060789,0.0400126557772424,567.6418776274659,0.2719893999173291,565.3657766472293,2.277192112058401,0.0010911318217816,0.0157872077766211,1.207131380448118,2181,2087,94,22.20212765957447,0,233,0
0_313,571.6059590000659,5.058459814159876,566.2668849312396,5.27599942102097,0.0466902603630174,0.1107449519913643,566.2192146270536,5.386744373012334,0.0476703041859498,569.7820721750613,0.1524296608279992,566.2201677724651,3.5628575480077416,0.000953145411452,0.016140591371722,1.4059945235494524,3851,3738,113,33.07964601769911,0,353,0
0_314,575.8874559192918,1.8340364838194008,569.1139965605822,6.626607298385352,0.0211038448993164,0.1684925055596977,569.0923561153468,6.79509980394505,0.0216404452354937,570.779752033297,0.3694367327076356,569.0934482809895,1.687395917950198,0.0010921656426862,0.0162665728853339,0.6752107266802341,1859,1545,314,4.920382165605096,0,417,0
0_315,575.3133018673398,7.881004135169038,570.1295747788406,5.131352675380185,0.0702925024024682,0.1243706226814538,570.0575785692781,5.255723298061639,0.0719962095624882,574.0810599452816,0.1541157207906796,570.0586586985066,4.023481376003474,0.0010801292284573,0.0168800263295639,0.7058113149832934,3798,3725,73,51.02739726027397,0,322,0
0_316,576.98425034713,5.60178883832165,573.6295438156898,3.3038685091305524,0.0320763932925296,0.0837273020297288,573.5966545359697,3.3875958111602813,0.0328892797200027,575.3750019790605,0.3497720376772404,573.5977355982452,1.7783474430907518,0.0010810622754351,0.0156237705637818,0.4680696232244372,1748,1645,103,15.970873786407768,0,214,0
0_317,578.634403354954,3.383826920204409,574.0158420754188,4.538893209537491,0.0265432351434941,0.1068360775243491,573.9886740678921,4.64572928706184,0.0271680075266774,575.9287407479715,0.3050470025148153,573.9897016455828,1.940066680079326,0.0010275776907199,0.0158225883449269,1.372493069153279,2059,1888,171,11.04093567251462,0,296,0
0_318,584.0749267931096,1.9404482617711285,575.4656028047287,8.424518149346113,0.0279884323898541,0.2135035856626927,575.4369050581008,8.638021735008806,0.0286977466279362,579.0067251161672,0.1645840605787854,575.4379197880776,3.569820058066398,0.0010147299767101,0.01683787932539,0.4779324848204851,3819,3518,301,11.687707641196011,0,531,0
0_319,583.7051001696382,2.889629208760585,577.8939947141381,5.708939225645736,0.0282620753744838,0.1310772022698074,577.8650837417226,5.840016427915543,0.0289109724154234,580.2403041676152,0.2672686799482336,577.8661778091689,2.3752204258926213,0.0010940674462886,0.017152455455559,1.1272568604908884,2373,2171,202,10.747524752475249,0,347,0
0_32,70.98560969508253,0.1939497532652528,61.55332225840984,9.073310989653692,0.0247904671848461,0.3848183304071426,61.527480375021696,9.458129320060834,0.0258418833881443,64.79549416899681,0.0220392837309512,61.528591944339375,3.268013793975115,0.0011115693176786,0.0169128839510538,1.4873021855019033,3306,2940,366,8.032786885245901,0,565,0
0_320,584.6792624425143,5.315266022204676,579.517749075164,5.064051392488182,0.0460368308408016,0.1448153085075318,579.4703957415186,5.2088667009957135,0.0473533336454155,582.9351222524419,0.2051143991036037,579.47161485711,3.464726510923356,0.0012191155914579,0.0158558199097487,0.7530723791569471,2952,2842,110,25.83636363636364,0,310,0
0_321,587.1656965655275,3.49503390812814,582.2420421161958,4.837550066411495,0.0287949408714969,0.1155873436946421,582.2125591554213,4.953137410106137,0.0294829607744412,584.4847108554095,0.2625717479134813,582.2135798884402,2.2721516999881715,0.0010207330188626,0.0159582482745117,0.7062130060512573,2394,2226,168,13.25,0,314,0
0_322,585.3794178923126,5.739013900905026,581.1324108667517,4.18532456480898,0.041032593772637,0.1037320352625101,581.0903612922411,4.28905660007149,0.0420495745105048,583.7685986373108,0.233694394970901,581.0914334449013,2.678237345069647,0.0010721526601559,0.0157923456372729,3.380301047116518,2600,2498,102,24.49019607843137,0,268,0
0_323,586.898875267012,4.4801440860077255,581.27220612151,5.553205570904538,0.0423908822206453,0.1167456449475139,581.22892405116,5.669951215852052,0.0432820703500156,584.7724505909719,0.158174858152819,581.2298825381872,3.5435265398118645,0.0009584870272685,0.0162322494354212,2.5233572982251644,3828,3697,131,28.221374045801525,0,369,0
0_324,588.9946038338821,3.083741381329226,583.663611992695,5.218513381667435,0.0273220595898818,0.1405363113153726,583.6355541408993,5.359049692982808,0.0280578517957215,585.9033389908727,0.2799347056812579,583.6366376501444,2.2677848499733955,0.00108350924509,0.0161846326859131,1.122291825246066,2284,2093,191,10.958115183246074,0,330,0
0_325,587.4910910706967,7.164525500862155,584.5225859046176,2.9340809620916843,0.0357814751474595,0.0710724159143865,584.4859376926906,3.005153378006071,0.0366482119269033,586.1305683527607,0.3776614486809025,584.4869973773943,1.6446306600701064,0.0010596847036534,0.0165917404626337,1.4034179151058197,1634,1552,82,18.92682926829268,0,185,0
0_326,588.7173238093965,5.164187050959618,585.9634299435706,2.7066115960478783,0.0237422069828761,0.0716530119534581,585.9390592013951,2.7782646080013365,0.0243707421754503,586.9021750625689,0.731798223270036,585.9402600939901,0.9631158611737192,0.0012008925949796,0.0159223574283124,0.1740824922453612,916,802,114,7.035087719298246,0,171,0
0_327,590.4028906589374,8.087710830944348,586.3959620531317,3.970615820027888,0.0543919975346286,0.0919645719695836,586.3403102669399,4.062580391997472,0.0556517861917461,589.2586224197876,0.2037547103802861,586.3413193651947,2.918312152847648,0.0010090982547882,0.015674907385614,0.545298382639885,2965,2892,73,39.61643835616438,0,264,0
0_328,596.2210767094512,1.3865606435103517,587.7315416494492,8.244383279234171,0.019172984370312,0.2649409067817032,587.7117525234353,8.509324186015874,0.0197891260139904,589.0881658573635,0.4425906580446007,587.7127866431453,1.3764133339282123,0.0010341197099385,0.0165881647722968,1.5325818033888936,1761,1331,430,3.0953488372093023,0,518,0
0_329,635.477903878782,0.2245504960702409,587.8874963165343,46.18056484987028,0.0163182207950071,1.4266650550998747,587.8706739738118,47.60722990497016,0.0168223427226042,587.8847912258934,587.8847912258934,587.8847912258934,0.0141172520816326,0.0141172520816326,0.0168173542943068,1.2035425945650786,2831,1,2830,0.0003533568904593,0,2830,0
0_33,69.19564285385422,0.4942545918132444,63.98512081186886,5.062776427250356,0.0361626887660739,0.1852313848212361,63.94763504178263,5.248007812071592,0.0374857700862256,66.75337521382608,0.0261777942015004,63.948735332046176,2.8057401720434427,0.0011002902635464,0.0174447688573439,0.8335183851886541,2690,2550,140,18.214285714285715,0,310,0
0_330,590.3645382451359,12.048255882553796,587.6487705497765,2.696003546472639,0.0550204805402579,0.0763426425401121,587.5921920561232,2.772346189012751,0.0565784936533214,589.5531308851205,0.3519720184388779,587.5933627658718,1.960938828997314,0.0011707097486551,0.016559333877866,0.2784885617438704,1724,1675,49,34.18367346938776,0,169,0
0_331,589.903992712032,6.78050566335669,585.9294245172634,3.904114534612745,0.0448748797081924,0.1166695693973451,585.883208608022,4.02078410401009,0.0462159092414952,588.4178934919182,0.2819443667905693,585.8844231192265,2.534684883896261,0.0012145112045501,0.0170816002311934,3.6539335132110864,2174,2087,87,23.988505747126435,0,239,0
0_332,594.8974062248599,3.8629701702912977,588.3976151098319,6.360877344151959,0.041304398338649,0.1813960657455027,588.3551328149624,6.5422734098974615,0.042482294869464,592.3105115047656,0.1791081075006851,588.3563288774632,3.955378689803183,0.0011960625006964,0.0167980176629498,0.0451524320524185,3461,3307,154,21.47402597402597,0,391,0
0_333,598.146787454607,2.8082008800685774,591.0186572124484,6.978054935345426,0.0327608212927015,0.1836985626723617,590.9850339565892,7.161753498017788,0.0336232558592384,594.531071053585,0.1966692262830251,590.9862069758075,3.5460370969958603,0.0011730192183247,0.0169751943709949,1.3098397452849897,3236,3023,213,14.192488262910798,0,425,0
0_334,601.5680833323859,3.287257285969322,594.440410896922,6.972427505301312,0.0381006967502803,0.1944079655222594,594.4012478615623,7.166835470823571,0.0391630353596916,598.4400010753889,0.1785854971875227,594.402453099764,4.038753213826567,0.001205238201679,0.0170933456666502,0.1134442631155252,3534,3351,183,18.311475409836067,0,420,0
0_335,602.3467391047161,3.383970444408517,595.571227142225,6.629927928093821,0.0372467861128866,0.1838637629989534,595.5329474136233,6.813791691092774,0.0382797286016448,599.2952706955839,0.192390135054762,595.5341552220606,3.762323281960562,0.0012078084372265,0.0171430809501809,2.890939809847623,3293,3115,178,17.5,0,398,0
0_336,604.1389437937178,8.164039780996186,599.2444320082022,4.816090443870053,0.0650823032955412,0.1454694482963532,599.1773839015514,4.961559892166406,0.0670481066508973,602.8949886467308,0.1959359729108647,599.1785920928887,3.717604745179415,0.0012081913373998,0.0168102046890133,0.1018578549847006,3151,3077,74,41.58108108108108,0,291,0
0_337,607.4539609232452,5.104655133808783,601.1072127844751,6.230783540988341,0.0523595255545238,0.1697505989577621,601.0534267832991,6.400534139946103,0.0537860011760176,605.4106641681865,0.155592563394548,601.0545466078647,4.357237384887412,0.0011198245656354,0.0171705609668797,1.8254821933805945,4010,3891,119,32.69747899159664,0,383,0
0_338,611.729485464748,4.669690728738535,605.2310565454203,6.370758590521291,0.0486317449658113,0.1776582435704767,605.1810686306562,6.548416834091768,0.0499879147640592,609.4578101667576,0.1659291614938082,605.182233003522,4.276741536101326,0.0011643728658048,0.0173410328090873,0.2130297175608575,3804,3673,131,28.0381679389313,0,384,0
0_339,611.0142171436455,4.736544318942989,604.1531216343197,6.7217925428412855,0.0521069189367541,0.1929052751511335,604.0995193256531,6.914697817992419,0.0536023086666079,608.7573315086775,0.1534553394274458,604.1006934653514,4.657812183024362,0.0011741396982667,0.0174952374803725,5.3418011399917305,4096,3967,129,30.751937984496124,0,402,0
0_34,72.27499741944484,0.4251470436437932,66.49072821552537,5.594374418724328,0.0329080848160254,0.2241212301887571,66.45650177053176,5.8184956489130855,0.0342264449936063,69.49697247939184,0.0281250394493694,66.45773223217032,3.0404707088600844,0.0012304616385512,0.0163413231767823,0.2799175933469087,2641,2471,170,14.53529411764706,0,344,0
0_340,611.511866081506,11.7598435784905,608.1262296024943,3.3464808240532875,0.0643554004625632,0.1055406839586794,608.059844573494,3.452021508011967,0.0663850290002301,610.6457951613702,0.2942871301982507,608.0610908147412,2.585950587876141,0.0012462412471692,0.016655210002612,0.680101505247876,2127,2075,52,39.90384615384615,0,199,0
0_341,613.9219785185996,5.247196397594869,609.2879865740199,4.546515858266503,0.0388591098997136,0.1274242927320301,609.2480383676011,4.673940150998533,0.0399482064187908,611.9306260456797,0.2567900235189591,609.2491640863078,2.682587678078562,0.0011257187067052,0.0170201066061535,1.3815138798672706,2500,2383,117,20.36752136752137,0,279,0
0_342,620.2159200019669,1.890902195127948,610.7909628697806,9.165054774377497,0.027942240165785,0.2887248566839844,610.7621403709054,9.45377963106148,0.0288224988751874,614.5344438578468,0.1905533159249137,610.7633100774129,3.7723034869413823,0.0011697065075787,0.0173215736101222,1.1522225886583328,3553,3225,328,9.832317073170731,0,551,0
0_343,620.9000416907948,2.186267752432376,613.7549578907431,6.969725378556177,0.0245412865442118,0.2006060674320906,613.7297102448065,7.170331445988268,0.0252476459365784,616.0408587069251,0.3292575407305853,613.7309454925147,2.311148462118581,0.0012352477082408,0.0171097992389777,0.7881088030990213,2155,1871,284,6.588028169014085,0,416,0
0_344,621.0633599630091,3.881645999768807,614.3700572277012,6.550872710766271,0.0409429544422891,0.1845262681599706,614.3279609840829,6.735398978926241,0.042096243618289,618.4384478221182,0.1831867440231392,614.32917854535,4.1104868380352855,0.0012175612671905,0.0164057008805684,1.6965057777706534,3536,3376,160,21.1,0,398,0
0_345,629.2280519618653,1.1805404352004978,617.5732625079407,11.356674789218232,0.0213070821561317,0.3200221636798233,617.5513550089672,11.676696952898055,0.0219074989735423,620.2914879429154,0.2538017544774613,617.5524761762888,2.740132933948189,0.0011211673215827,0.016766536620919,0.8706032300833613,2977,2444,533,4.585365853658536,0,699,0
0_346,621.4280928461812,4.53597148062906,617.0850753951376,4.276243931846693,0.0312134593565452,0.0987074710428714,617.0531414432917,4.374951402889565,0.0319339518459092,619.1200351482257,0.3199586744952071,617.0542096054131,2.0668937049340457,0.0010681621214129,0.0168471364814271,3.2242384797427803,2072,1935,137,14.124087591240876,0,266,0
0_347,627.2618186993059,2.775494773005778,619.0684501505312,8.022682053502649,0.0354985931570913,0.2071014665998518,619.0320351792034,8.229783520102501,0.0364149713278871,623.3592715563718,0.1672101050312156,619.033195918575,4.327236377168447,0.001160739371558,0.0172679077120975,0.0718187219463288,3954,3728,226,16.495575221238937,0,483,0
0_348,624.4485737348441,3.3392971857478293,617.0776060971514,7.220661856234074,0.0386131650065993,0.1899346397258341,617.0379772388842,7.410596495959908,0.0396288582671652,621.4130715937354,0.1660200565305197,617.0391461126097,4.375094354851171,0.0011688737255813,0.0162326317706349,6.304547616513446,3930,3743,187,20.016042780748663,0,444,0
0_349,625.051333009731,9.470474742571682,620.4946173427055,4.522222462110221,0.0685185221531851,0.1045965228695422,620.4245140247513,4.626818984979764,0.0701033179542388,624.0133257438429,0.1839119733993053,620.425571735249,3.588811719091609,0.0010577104978165,0.0157273828164871,0.9739300599321724,3459,3393,66,51.40909090909091,0,290,0
0_35,74.15077991154976,0.501018783186147,68.97324352156893,5.018388909753412,0.0339080331740095,0.1943688162136823,68.93802218558267,5.212757725967094,0.0352213359862641,71.76242515351623,0.028230694395561,68.93913328037729,2.8244029679335654,0.0011110947946237,0.0161375321488751,0.5424568660091609,2690,2542,148,17.175675675675677,0,319,0
0_350,629.6817433219403,3.01283130776048,623.6807982970706,5.893425318412483,0.0281982072651314,0.1363704036921262,623.6519475998357,6.029795722104609,0.0288506972349502,626.2930709829088,0.2215398199444318,623.6528818493522,2.641123383073136,0.0009342495164744,0.0162137432489544,0.3468697399366647,3036,2827,209,13.526315789473683,0,390,0
0_351,630.1058011257555,4.633130890630556,625.6218017281979,4.410437002545223,0.0324296838422442,0.1067772053647786,625.5885869178455,4.517214207910001,0.0332148103522794,627.8931289189495,0.2916363812907336,625.5896573042836,2.3045420011039823,0.0010703864380417,0.016269648579456,0.6900736540555954,2289,2153,136,15.830882352941176,0,279,0
0_352,630.2156370978337,7.59295948310643,626.4586370879285,3.706172107718885,0.044652675996613,0.0966449754778295,626.412820014637,3.8028170831967145,0.0458170732915266,628.9196691247635,0.2760841392119242,626.413920475177,2.506849110126496,0.0011004605400028,0.0156140719647014,1.4624116111081094,2361,2278,83,27.44578313253012,0,238,0
0_353,632.8353340947069,3.930654249035447,627.7645877591531,4.991957614663988,0.0310059479171676,0.1104808854870498,627.7328955945559,5.102438500151038,0.0316921645972114,630.2683495925739,0.2371212752417509,627.7338494899652,2.535453998018056,0.0009538954093371,0.0159440031188384,1.172725743148476,2819,2658,161,16.509316770186334,0,332,0
0_354,634.4448923643213,2.8707913681643498,627.8429815438628,6.476037179352716,0.0293033356531797,0.1558823266532272,627.8129728583153,6.631919506005943,0.0300086855475382,630.8696604543366,0.2135645431463563,627.8140076205347,3.05668759602122,0.0010347622193707,0.016177519954682,2.455890245269984,3175,2954,221,13.366515837104073,0,415,0
0_355,639.2682994382922,1.479787730181232,628.2036491176092,10.804091168101875,0.0250094702965321,0.2862311950884759,628.1779770751018,11.090322363190351,0.025672042507385,631.9114930012729,0.1826861789538227,628.1790564379021,3.733515926171094,0.0010793628002807,0.0170296445301371,2.677339068148285,3891,3459,432,8.006944444444445,0,662,0
0_356,637.6051407065243,4.490177047229044,630.832649951804,6.665404810104519,0.0469394704936938,0.1551177939400077,630.7846181024797,6.820522604044527,0.0480318493242572,635.066300859442,0.1642696070510713,630.7857256251795,4.281682756962255,0.0011075226996798,0.017879153852692,1.1124079497531056,4008,3866,142,27.225352112676056,0,400,0
0_357,638.5413790640887,3.451575021968047,633.2258332589175,5.1925120304804295,0.0280676325971915,0.1519226105883717,633.1969444230199,5.344434641068801,0.0288888358976691,635.4745177412406,0.3598383452668406,633.1982341021355,2.277573318220675,0.0012896791156402,0.016577628772152,1.8521364002954213,1951,1766,185,9.545945945945943,0,311,0
0_358,683.6006875985768,0.2554561612849689,634.6839889208981,47.239635271485895,0.0176530774557122,1.69535002252087,634.66570230457,48.934985294006765,0.0182866163281041,636.1435745474882,0.5085080531954342,634.6668836572821,1.477872242918238,0.0011813527121648,0.0177343471790315,0.7907949546352029,3927,1251,2676,0.4674887892376682,0,2763,0
0_359,642.0121527884621,6.233127696975361,636.050740782228,5.870277366135269,0.0569929841372356,0.1495798558462411,635.9922955664806,6.019857221981511,0.0584452157473933,640.2580331093632,0.1682675514085054,635.9934166538769,4.265737542882562,0.0011210873962897,0.0170302881465917,0.1353134231176227,3908,3805,103,36.94174757281554,0,364,0
0_36,78.08046946744435,0.3365537477045014,71.02390501233508,6.844360284972936,0.0295015529524695,0.2427520682103932,70.99335711426102,7.087112353183329,0.030547898074066,74.1860516264569,0.0238770684346497,70.99438469537212,3.192694512195885,0.0010275811111026,0.0167862837973596,0.7547726321499795,3339,3107,232,13.392241379310343,0,435,0
0_360,670.9879078944214,0.4306725981350586,639.6220301806688,30.57001230376773,0.0196213172681435,0.8160104823764414,639.6018851082772,31.386022786144167,0.0201450723916201,642.5469966924284,0.2546757814872883,639.603052413701,2.945111584151164,0.0011673054237618,0.0182547568690584,0.6398665430024266,4081,2523,1558,1.6193838254172015,0,1733,0
0_361,646.3816341219936,3.917464449224203,642.2106075697451,4.095286317402497,0.0248199170751666,0.1011733235791325,642.1851744810119,4.1964596409816295,0.0254330887332219,643.4687781950925,0.6019352462068217,642.1863752328493,1.2836037140805274,0.0012007518373063,0.0176536722842491,0.3458984463941306,1234,1069,165,6.478787878787879,0,241,0
0_362,649.2288262923248,2.898342974519307,641.1683959338146,7.870770247420296,0.0351373671759834,0.2258055387064814,641.132250506198,8.096575786126778,0.0361454276166374,645.0616498382296,0.2204585269440292,641.1335934314653,3.929399332031608,0.0013429252672698,0.0186034663129248,2.319844933692366,3150,2926,224,13.0625,0,445,0
0_363,651.2137262106407,14.471416138014238,644.9179624302365,6.218392838491127,0.138186507522025,0.2204564823769033,644.7748768897727,6.43884932086803,0.143085540463734,650.3906079987064,0.1622326285853595,644.7762776707926,5.615731108933687,0.0014007810199385,0.0182915158207631,0.2692981685977429,4054,4009,45,89.08888888888889,0,347,0
0_364,654.7270035641268,13.930361777960144,648.9981454315279,5.662152602802962,0.1204713319745311,0.1912459239829331,648.8736050373409,5.853398526785895,0.1245403941869339,653.8597633682657,0.170676001923327,648.874906566532,4.986158330924809,0.0013015291910532,0.0184519190608741,1.4989381744526329,3878,3831,47,81.51063829787235,0,324,0
0_365,654.0125825980213,7.517386006873807,651.2005456678179,2.7629014279227704,0.0317574876772732,0.0818336061201989,651.1678475639783,2.8447350340429693,0.0326981038395743,652.4541001860052,0.7084192184430024,651.1692441466298,1.28625262202695,0.001396582651495,0.0179135909427128,2.673898065229878,1008,921,87,10.586206896551724,0,156,0
0_366,658.1362191243097,4.191950440282228,652.3168212676504,5.684436780167744,0.0362066036953359,0.1722649089060723,652.2795174352359,5.856701689073816,0.0373038324144829,655.1948471821379,0.3024906958366287,652.280863386181,2.915329746901989,0.0013459509450147,0.0187348531348524,0.1574827837757766,2323,2166,157,13.796178343949045,0,318,0
0_367,661.568090622779,3.91460408652532,654.1046801849665,7.275171196553856,0.0430483502754666,0.2326643033884465,654.0602551228367,7.507835499942303,0.0444250621298361,658.3204389498569,0.2169810279992936,654.0616592704396,4.260183827020228,0.0014041476028412,0.0192168738042726,1.116890512406826,3203,3034,169,17.952662721893493,0,396,0
0_368,661.89455846278,5.425365233301475,655.2880778858365,6.431262516183779,0.0527152665260965,0.2298170737922191,655.233478872804,6.661079589975998,0.0545990130325901,659.7622261208016,0.2088516068758473,655.2349124743387,4.528747247997671,0.0014336015346621,0.017478133950642,3.068741870112717,3281,3159,122,25.89344262295082,0,359,0
0_369,662.3443939466961,9.32879428093938,659.1835178928056,3.109530081041157,0.0437961983245233,0.0965013450477272,659.1383625206072,3.2060314260888845,0.0451553721984349,661.1426390206907,0.4179157010244568,659.1396294463342,2.004276500083506,0.0012669257269807,0.0169261257183856,0.6070493690203875,1653,1582,71,22.281690140845072,0,184,0
0_37,112.55861822748555,0.0528196237576187,73.78534989193534,37.02770161139779,0.017375739845799,1.7637701365165412,73.76714647957124,38.79147174791433,0.018203412364108,75.08921381249093,0.0614981276105576,73.76822925379967,1.322067332919687,0.0010827742284354,0.0175830147419026,0.404509836807847,3352,1221,2131,0.5729704364148287,0,2212,0
0_370,664.7569313128479,5.113514856252676,660.5784921610584,4.096184120513499,0.0315091086193346,0.1146460324525833,660.5461011598818,4.210830152966082,0.0323910011766621,662.5326015688479,0.3943646437909809,660.5472836006014,1.9865004089660945,0.0011824407196226,0.0171102287999999,0.5790125788189471,1810,1680,130,12.923076923076923,0,247,0
0_371,667.7843099401798,3.407062805817244,661.7659457900968,5.884546298999339,0.0300231954030578,0.1646812569815665,661.7350823841989,6.049227555980906,0.0308634058978617,664.3422220430803,0.3114590820642664,661.7363046718965,2.607139658881352,0.0012222876975533,0.0175616729443854,0.7812267027329654,2329,2133,196,10.88265306122449,0,347,0
0_372,668.8311497285031,7.777106392191897,664.1385169983787,4.600202046101913,0.0534907214663013,0.1476381279062479,664.0833095544949,4.747840174008161,0.0552074438838158,667.3207270544954,0.2610800966566883,664.084576149761,3.237417500000447,0.0012665952660408,0.0175630543489269,0.2422881566453725,2642,2556,86,29.72093023255814,0,269,0
0_373,677.2361126001924,1.754497701036768,667.1174471151738,9.869431821862236,0.025568476222441,0.2755159111693501,667.0911648671608,10.144947733031586,0.0262822480130351,670.7031005911995,0.1922887329676604,667.0922003991918,3.611935724038631,0.0010355320309743,0.0169249015777019,0.2118645363952964,3874,3488,386,9.036269430051814,0,616,0
0_374,674.2472188430838,3.1954844494932884,667.067362448439,7.050858951639384,0.0334163931357316,0.1631872353609651,667.0331726560835,7.214046187000349,0.0341897923554518,670.5599728850648,0.2085074542553062,667.0342692979457,3.526800228981301,0.0010966418622454,0.0174750993271044,3.6553546939976513,3427,3216,211,15.24170616113744,0,426,0
0_375,673.696168468101,7.569619870428101,667.7854672070001,5.82401173049584,0.065438334050515,0.1538565903902053,667.7183001472149,5.977868320886046,0.0671670597852364,672.2759533741046,0.1707584336738899,667.7194577934498,4.55765322688967,0.0011576462349224,0.0159574729662514,2.8246822839137167,4026,3937,89,44.235955056179776,0,359,0
0_376,675.9411833144259,9.01254911085901,671.6269175352497,4.286488300655037,0.0571531773420671,0.0860783674288541,671.568616646342,4.372566668083891,0.0583008889077852,674.7620599393267,0.2014215104296497,671.5695699129966,3.193443292984739,0.0009532666546223,0.015721645001322,0.6927614938467741,3425,3350,75,44.66666666666666,0,290,0
0_377,683.184197158087,1.9408641964718385,674.3920846217767,8.610464024357498,0.0244615455237428,0.2066972656175494,674.367035868112,8.817161289975047,0.0250487536647018,677.3949419790879,0.2087503673279161,674.3679689670677,3.027906110975892,0.0009330989556166,0.0164467476676112,0.3805764801800251,3597,3245,352,9.21875,0,559,0
0_378,679.6290917159058,11.141460519932885,675.8619586716131,3.743365575559437,0.0613666487796629,0.0865530194714665,675.7991731208749,3.829918595030904,0.0627855507382115,678.6027308239136,0.2612019749129767,675.8002522423926,2.8035577030386776,0.0010791215177208,0.0168255883933151,1.5813639122061431,2659,2598,61,42.59016393442623,0,234,0
0_379,710.1021692608483,0.3517098411395979,673.4875949521004,35.35191171313636,0.017509614518641,1.2808065868448466,673.4694509608671,36.63271829998121,0.0181439912332744,674.7876542888116,0.6151209246023807,673.4706526047395,1.3182033279445022,0.0012016438723286,0.0174910921109641,5.115170085104182,3116,1097,2019,0.5433382862803368,0,2096,0
0_38,80.12781228893436,0.6259985335072997,74.73671731187824,5.230441747698933,0.0408628261538979,0.2031027961056679,74.69426774512976,5.433544543804601,0.0424495667484734,77.94589907606132,0.0289654028524939,74.69547608081572,3.251631330931559,0.0012083356859649,0.0170461969755706,0.3787190834991634,2819,2691,128,21.0234375,0,318,0
0_380,676.2816430327948,8.560527126997403,672.2732433057479,3.9539151433855295,0.050049558777032,0.1058743237517774,672.2218535656575,4.059789467137307,0.0513897400903456,674.9917414407246,0.2793839989406972,672.223000042427,2.76988787506707,0.0011464767694814,0.0163278682540536,2.5497555241454397,2495,2416,79,30.582278481012654,0,247,0
0_381,676.6828980483115,11.27804830080519,674.4420423435669,2.2171585152391344,0.0369526419206522,0.0616777946706861,674.4040617384017,2.278836309909821,0.0379806051651636,675.726439766353,0.611517140060048,674.4052584605989,1.3223780279513448,0.001196722197241,0.0159409713659745,0.5718628633767366,1165,1105,60,18.416666666666668,0,139,0
0_382,678.9077734702732,5.431262187762186,674.9633242238667,3.878828532528132,0.031030628260225,0.0974307884462177,674.9315141492989,3.97625932097435,0.0318100745677948,676.8599958352279,0.3894476385703267,674.9326237475071,1.9284816859290004,0.0011095982082445,0.0163822210803627,0.7791087999939919,1863,1738,125,13.904,0,245,0
0_383,682.2432948437054,2.928082810488006,675.5840809637642,6.5181368759367615,0.0279748363774109,0.1697805121075362,675.5553774556611,6.687917388044298,0.0287035081031944,678.2713514496572,0.2880133127174765,675.5565307354886,2.7159739939961582,0.0011532798275992,0.0170469673564297,1.2888403956312686,2588,2355,233,10.107296137339056,0,398,0
0_384,684.0142227048054,3.908652701170317,677.4100745005347,6.448361332528293,0.0368477790430188,0.1937417464796453,677.3721196257975,6.6421030790079385,0.0379548747371882,680.9228617257904,0.2337531279525542,677.3733385554576,3.550742099992931,0.0012189296601417,0.0176649198800857,0.8833208689466119,3088,2913,175,16.645714285714284,0,383,0
0_385,741.8771689396817,0.2196852735977736,680.5424345352712,59.169143605278805,0.017521215162949,2.1837586706969887,680.5242666637059,61.352902275975794,0.0181678715652874,680.6663447197061,7.823751088732254,680.5258997448094,0.1420780560001731,0.0016330811034502,0.0181257992952252,0.3812572630122304,3464,87,3377,0.0257625111045306,0,3384,0
0_386,686.0057180852164,5.96526711378449,680.3210087852451,5.551910680485889,0.0482774841781381,0.1826644905377179,680.2711429141928,5.734575171023607,0.0498658710523791,683.9986296142451,0.2471986373741399,680.2724900362383,3.727486700052396,0.0013471220455556,0.0174529432258366,0.3778262445703149,2882,2767,115,24.06086956521739,0,326,0
0_387,687.3425423281733,18.087961640215088,682.8297114453193,4.476320941001177,0.1177979195000309,0.1584783440921455,682.70774304308,4.634799285093322,0.1219684022392979,686.6914570280351,0.2210143086668925,682.7090252168762,3.983713984955102,0.001282173796252,0.0171338236878479,1.2742337740492076,3145,3107,38,81.76315789473684,0,268,0
0_388,693.1159575085621,1.8989478287905808,682.5940790061667,10.266319966176525,0.0281269040169219,0.2844647958409041,682.5651727465447,10.550784762017429,0.0289062596219655,686.2703480385244,0.2440506216353216,682.5664903764493,3.705175291979685,0.0013176299046869,0.0187550944384595,4.1094193265307695,3177,2812,365,7.704109589041096,0,568,0
0_389,693.6833944323007,4.954881388802148,686.0825716625068,7.393325526500121,0.0528094680464294,0.2621794214937836,686.0278894843068,7.655504947993904,0.0546821781999564,690.9580849283375,0.1993531693388163,686.0293119296167,4.930195444030687,0.0014224453098761,0.0194664964568801,0.2254990553483367,3606,3466,140,24.757142857142856,0,407,0
0_39,84.80742165190168,0.4394166924968999,76.93680496697816,7.5831209407188,0.0392907820762632,0.3284885394386947,76.89581217174418,7.9116094801574945,0.0409927952339766,81.36270914971828,0.0212546262146599,76.89697907273111,4.466896977974102,0.0011669009869315,0.0178482513066497,1.0340172732248902,4021,3828,193,19.83419689119171,0,456,0
0_390,698.5112728236709,3.5821090914034404,689.5864401119821,8.660875358153135,0.0444147454264263,0.3099616458639502,689.5404358196538,8.970837004017085,0.0460042923282927,695.013095980743,0.1794045162572904,689.5418484836086,5.472660161089152,0.00141266395485,0.0179393684252714,1.3990749975200742,4069,3874,195,19.866666666666667,0,488,0
0_391,698.1808058340102,4.03572720135266,691.9436542452878,6.080136617412791,0.0351452983665479,0.193277480546385,691.9073917360511,6.273414097959176,0.0362625092367582,695.2235175240785,0.2793184080048527,691.9087240485412,3.3161257880274206,0.0013323124901677,0.0170941520805303,3.0878609747160226,2662,2489,173,14.38728323699422,0,356,0
0_392,701.7149988897145,4.1768749933911575,695.2298992159111,6.3308975151740015,0.0376839137807976,0.1930350908078253,695.1910662837327,6.523932605981827,0.0388329321784632,698.790127460612,0.2356796382666482,695.192280132359,3.5990611768793315,0.0012138486262662,0.0174099489827529,0.0149857343640178,3133,2965,168,17.648809523809526,0,378,0
0_393,718.7519857522566,0.6787082018434907,698.147989417072,20.01594828092493,0.0189008010207034,0.6075225309468806,698.1285149403848,20.62347081187181,0.0194744766873199,699.300783591345,0.735332054249574,698.129747609839,1.1722686509601772,0.0012326694542168,0.0183675185655445,0.6454895583447069,2010,951,1059,0.8980169971671388,0,1127,0
0_394,704.5406824899837,5.6363254599198696,697.7529625518173,6.623289465671405,0.0529863157253712,0.2191701494157314,697.6982228748966,6.842459615087137,0.054739676920697,702.2740933499299,0.19804683963619,697.6995133065027,4.575870475033298,0.0012904316060443,0.0181327131204307,1.5858084403444082,3671,3546,125,28.368,0,385,0
0_395,706.5703682084568,4.084221781551773,699.6226566574493,6.755324966041371,0.0390481211909905,0.2327802567742765,699.5822629856411,6.988105222815648,0.0403936718081829,703.3364503774792,0.2513711402349818,699.5836047252379,3.754187391838059,0.001341739596797,0.0186931666530496,2.6746036633849144,2971,2798,173,16.173410404624278,0,382,0
0_396,767.2810242564883,0.2064803617482476,700.0225451660433,65.04570773476735,0.017504227054566,2.230875926092267,700.0044405956287,67.27658366085961,0.0181045704146554,700.0220561975148,700.0220561975148,700.0220561975148,0.0176156018860638,0.0176156018860638,0.0180998299405203,3.314582261024043,3717,1,3716,0.0002691065662002,0,3716,0
0_397,709.2906577612739,3.166476150719973,699.65470639462,9.342627863632517,0.0417081601055023,0.3365340472664684,699.6114958503749,9.679161910898983,0.0432105442450847,704.9532909374684,0.1981318973967027,699.6129971980666,5.341795087093487,0.0015013476917069,0.0193632447491316,0.3929518621880561,3782,3558,224,15.883928571428571,0,511,0
0_398,715.6753415337298,2.2225942283656206,704.8860037588573,10.456556191900743,0.0324737769934805,0.3663932271301746,704.8523921146989,10.82294941903092,0.0336116441584811,709.6328985048458,0.2386122725302104,704.8539995479168,4.780506390146911,0.0016074332179377,0.0187653510213789,0.0830444125458598,3296,2974,322,9.236024844720497,0,568,0
0_399,714.3705429765396,17.4236717799156,709.3384949551191,4.948118174215779,0.1206858091272141,0.2097310477402061,709.2126937545836,5.157849221955985,0.1258012005355118,713.5857296686154,0.2405074923048922,709.2141676460275,4.373035914031789,0.0014738914438934,0.0191417879981511,0.4016207512468099,3008,2967,41,72.36585365853658,0,273,0
0_4,9.494773646816611,0.0502368976022042,3.394133129250751,5.9098449209705,0.0312690207458756,0.2232458121143281,3.361682913731784,6.133090733084828,0.0324502155189673,6.375478578731418,0.0020118266262958,3.362633937923958,3.013795664999634,0.000951024192174,0.0165042067094454,0.3291697527747601,3358,3169,189,16.767195767195766,0,392,0
0_40,90.28927334630862,0.3168044678817846,81.02938500192637,8.906130687566474,0.0312495813598823,0.3863628974650055,80.99677976127714,9.29249358503148,0.0326052406492332,85.06414532731287,0.026491480949023,80.99804645874399,4.067365566035733,0.0012666974668438,0.018333782522792,0.3493496575392782,3496,3211,285,11.266666666666667,0,512,0
0_400,717.2798269090708,5.560308735729231,712.6517428667952,4.509006780805066,0.0349535409364733,0.1552341680508107,712.615585960215,4.664240948855877,0.0361569065802781,714.9635900300927,0.4367523457728117,712.6170202937946,2.3480040698777884,0.0014343335796443,0.0179553246432409,0.9516836313996464,1766,1637,129,12.689922480620154,0,255,0
0_401,721.4756330563687,4.809837553709125,714.6808538819912,6.598194923251867,0.0439879661550124,0.2421867959201336,714.6352513371967,6.840381719172001,0.04560254479448,718.7175729363225,0.2357997286536491,714.6365906815533,4.082321599125862,0.0013393443566685,0.0183870674669742,0.3115066199097782,3198,3048,150,20.32,0,377,0
0_402,724.1773290464189,3.657461257810197,718.2252023414687,5.77993690688163,0.0291916005398062,0.202403639210388,718.1949885003269,5.9823405460920185,0.0302138411418788,720.8127548093908,0.3919590836375153,718.1964119730344,2.6177663090638816,0.0014234727074844,0.0169927991769097,0.5051809458527714,2037,1839,198,9.287878787878787,0,338,0
0_403,724.0719431138132,4.582733817176033,719.1576571313641,4.81004576664418,0.0304433276369884,0.1355414004065096,719.1263559467625,4.9455871670506895,0.0313011846015866,721.3618664748501,0.3920444926493751,719.1275708981365,2.235510528087616,0.0012149513739606,0.0171523837909055,1.6693768305703998,1998,1840,158,11.645569620253164,0,290,0
0_404,727.5224551993888,4.5187730136608,721.3803047705717,6.002735612913966,0.0372840721299004,0.1778032560832798,721.3419163303915,6.180538868997246,0.0383884401801071,724.7683619474992,0.259494580002685,721.343143127963,3.4264456171076745,0.0012267975714671,0.0171061692663948,0.0206738873384892,2954,2793,161,17.347826086956523,0,361,0
0_405,729.980363620678,3.543593998158631,722.7143833707166,7.104677744209766,0.0344887269136396,0.1967463118489831,722.6789395646192,7.30142405605875,0.0354438060973725,726.3974550196435,0.2334182053405024,722.680134460331,3.718515455024317,0.0011948957117687,0.0173927601991962,2.0900468619074672,3318,3112,206,15.106796116504857,0,424,0
0_406,737.0212325241882,1.9919492770924003,726.3847130102571,10.374411564553156,0.0280389501744679,0.2909332055132836,726.3558877541218,10.66534477006644,0.0288252561353147,730.3208835301921,0.2277981545633786,726.35712449641,3.964995776070282,0.0012367422882315,0.0181090513351247,0.0248755074571818,3576,3206,370,8.664864864864866,0,597,0
0_407,738.412718862528,2.637188281651885,729.210922817308,8.98350373073481,0.0320839418954814,0.2512736623175442,729.1779414694756,9.234777393052354,0.0329813478323298,733.2196699874476,0.22970541039707,729.1792076751517,4.041728517971933,0.0012662056760563,0.0185466031252872,1.126527496613562,3472,3192,280,11.4,0,508,0
0_408,748.5938416416757,1.3226039604976605,733.1597408781341,14.990769473137334,0.0264854584331048,0.4706482829060405,733.1324238856323,15.461417756043376,0.0273169925018434,737.9490561317652,0.2128494537443799,733.1338131651956,4.81663224613294,0.0013892795633495,0.0188070415369442,0.0694738738238811,4033,3467,566,6.125441696113074,0,824,0
0_409,745.4852704931982,2.3008804644851795,737.578949650677,7.729625416919589,0.0238568685707394,0.2011731991078704,737.5544718771707,7.9307986160274595,0.0244777735062575,739.3615198442712,0.5357692172784574,737.5557813322193,1.807047967100516,0.0013094550486235,0.0189004649658239,0.3765293934848159,1704,1380,324,4.25925925925926,0,424,0
0_41,90.50430719275028,0.2919493780411299,83.50074716346309,6.762295689433813,0.0218138570626897,0.2639295826666057,83.47808192064986,7.026225272100419,0.0226652428132271,84.76889861677773,0.0848537523691468,83.47937402945479,1.2908166961278766,0.0012921088049328,0.0185013179870082,1.569061676505953,1309,999,310,3.2225806451612904,0,382,0
0_410,742.0822499378119,11.07585447668376,738.7081998616715,3.312236518831924,0.0494363659527152,0.1129355281591415,738.6570778908208,3.425172046991065,0.0511219708506129,740.801125123864,0.4948571310112652,738.6585101201014,2.1440472330432385,0.00143222928059,0.0191212658798183,0.6871866784058511,1564,1497,67,22.34328358208955,0,182,0
0_411,746.3230987763964,3.588091821040367,738.2626905834175,7.835510450415313,0.0376707233193043,0.2638369125779718,738.2237514134031,8.099347362993285,0.0389391700143907,742.4066459324677,0.2682104934727123,738.2252625747178,4.182894519064575,0.0015111613146909,0.0188291002111957,2.559171066386625,2976,2768,208,13.307692307692308,0,425,0
0_412,748.5688208818901,4.620795190628951,742.1742521369898,6.226423009065911,0.0384347099325056,0.2078635541256517,742.1345343186986,6.434286563191563,0.0397178182913059,745.6950050748419,0.3003201792488288,742.1359682577868,3.5604707561433315,0.0014339390882574,0.0177396037472113,0.2539089336059987,2645,2483,162,15.32716049382716,0,349,0
0_413,746.9131679662969,7.251584155012591,741.1618871314482,5.623769850470126,0.0545997072861177,0.1838960906025022,741.1055020252243,5.807665941072628,0.056385106224006,745.1045102842618,0.2323369224459812,741.1067489875751,3.9990082590375096,0.0012469623508068,0.0175597833207293,4.571663678623736,3310,3207,103,31.135922330097088,0,329,0
0_414,749.6321318023838,3.502953886927027,742.558169685153,6.900839223526418,0.0322469122594692,0.2063339834567159,742.5249585954007,7.107173206983134,0.0332110897522576,745.8925037041772,0.2654421721367179,742.5261570100301,3.36754510877654,0.0011984146294578,0.017474897655171,2.5625742299016565,3024,2810,214,13.130841121495328,0,408,0
0_415,752.5005479278043,4.300003131016025,745.8210778547557,6.515301811741665,0.0372302960670952,0.2025560203474015,745.7826900957152,6.7178578320890665,0.0383877590405089,749.6685400567949,0.2356707136299261,745.7839116769668,3.885849961079657,0.0012215812515182,0.0161829021200537,0.0931908355560153,3356,3181,175,18.177142857142854,0,397,0
0_416,754.7773187153507,9.20460144774818,749.7063824379811,5.022949326084927,0.0612554795864015,0.1105911028571426,749.6437782864086,5.133540428942069,0.0626041515724642,753.4712289334275,0.20260049178097,749.6448074476474,3.82745064701885,0.0010291612387789,0.0159279241697953,0.0105111203156411,3801,3719,82,45.35365853658536,0,325,0
0_417,760.0722906165756,3.4865701404430074,753.2882482784996,6.67266866681166,0.0306085718661085,0.1426365391816944,753.2569854105823,6.815305205993354,0.0312628679174007,756.5010040176567,0.2211344647815424,753.2579336767639,3.244018607074395,0.0009482661815476,0.0163820486188943,0.1997454958036542,3639,3421,218,15.692660550458717,0,437,0
0_418,762.2871353770606,3.970245496755524,755.3736487391701,6.785834447713569,0.0353428877485081,0.1638484552968293,755.3374524740502,6.949682903010398,0.0361962651198458,759.1551931460854,0.2158530546335187,755.3385379846195,3.817740672035143,0.0010855105692451,0.0163121991196627,1.1466374525334686,3709,3517,192,18.31770833333333,0,425,0
0_419,758.1358196709771,5.0207670176885895,751.9243010133397,6.109957079635933,0.0404632919181187,0.1429717023856938,751.8828908889554,6.252928782021627,0.0414101243842491,755.686964279972,0.2104391434920557,751.883950224347,3.8040733910165727,0.001059335391539,0.0162175853708943,7.257764292182401,3742,3591,151,23.781456953642383,0,388,0
0_42,90.87834415468387,0.3770885649571945,83.14759833767094,7.39840387343429,0.0306987712590634,0.3645533844828605,83.11538689676672,7.762957257917151,0.0322114409042205,86.39553807768971,0.0374493012907194,83.1168087221594,3.280151180922985,0.0014218253926844,0.018600855091262,1.636310572037473,2548,2307,241,9.572614107883815,0,418,0
0_420,760.4708947730251,7.107204624046963,755.3033596315795,5.102165373507887,0.0476837885374568,0.1141200994607061,755.2546093000565,5.216285472968593,0.0487503315230709,758.7602211229969,0.2203776419178033,755.2556274853085,3.505611822940409,0.0010181852520884,0.0159876042058708,0.4178765697870403,3550,3443,107,32.177570093457945,0,331,0
0_421,760.5396726066247,8.357578819853018,757.1393352597696,3.3577373321168125,0.036898212440844,0.0803815408144146,757.1015537336934,3.438118872931227,0.0377815260761673,759.1407108316198,0.3879104296533571,757.102595714837,2.039157097926364,0.0010419811435494,0.0153732063187347,1.6442930724006146,2048,1957,91,21.505494505494507,0,220,0
0_422,765.431673213141,4.450184146588029,759.0653710334269,6.264918956439942,0.0364239474211624,0.1386130605824291,759.0281411961187,6.403532017022371,0.0372298373082696,762.615786055103,0.1981849755860454,759.0290735362587,3.5876448589842767,0.0009323401400686,0.0163714369653377,0.0986829255707562,4020,3848,172,22.37209302325581,0,418,0
0_423,804.5191674530506,0.3215504266399083,760.781667520889,42.79566515493207,0.0171045823960559,0.9593227820005268,760.764179516118,43.754987936932594,0.0174880047709562,762.3872863750439,0.510641183104517,760.7652666606987,1.623106858925894,0.0010871445806603,0.0168392810063975,1.8369519470725209,3995,1493,2502,0.596722621902478,0,2602,0
0_424,764.5142642068677,3.94079517632406,760.0551144489574,4.365119033493102,0.0225006135747067,0.1171351273078471,760.0320100460667,4.482254160800949,0.0231044028907265,761.3041312820278,0.7341409173404319,760.0332367782132,1.2721212359610945,0.0012267321465391,0.0165470769321641,2.339001167099923,1231,1037,194,5.345360824742268,0,268,0
0_425,761.2926015076227,8.274919581604594,758.7086491684338,2.547133160289377,0.0276862300031454,0.0652142595499754,758.6802540877834,2.6123474198393524,0.0283950806504277,759.7466400007252,0.8339699670699507,758.6814246540984,1.0663859129417688,0.0011705663149744,0.0168039294227998,2.6082403182517737,1003,911,92,9.902173913043478,0,157,0
0_426,767.8555498074275,1.78987307647419,757.1076759451969,10.49565986962989,0.0244654076215148,0.2773258474189788,757.0825640903786,10.772985717048869,0.0251118548182957,760.2801665384322,0.2852833645547588,757.0837639412034,3.197602448053658,0.0011998508247856,0.0176582360582638,2.6479964163154364,3094,2665,429,6.212121212121212,0,621,0
0_427,764.8999118173961,5.975780561073407,758.3794895360716,6.392541359644383,0.0499417293722217,0.179222829407081,758.3281476283446,6.571764189051464,0.0513419077269645,762.538674833253,0.2243420637932489,758.3293863830386,4.210527204908431,0.0012387546940007,0.0184471639386174,1.9358749750535933,3527,3399,128,26.5546875,0,371,0
0_428,771.4032700555399,2.678483576581736,762.4524832161915,8.737112412462011,0.0303371958766042,0.2448618374764919,762.4212958056014,8.981974249938503,0.0311874105900642,766.3762380024418,0.2580391373745595,762.4226274359708,3.954942196840421,0.0013316303693065,0.0174549724065905,0.0997559768147766,3258,2970,288,10.3125,0,507,0
0_429,768.9905578724574,5.572395346901866,765.4165484256506,3.5117510792333637,0.0254474715886475,0.0883460277691483,765.3904607654549,3.600097107002512,0.0260876601956703,766.5300860595889,0.8295780152160054,765.3916941261629,1.1396252941340208,0.0012333607079372,0.0178295058903513,0.9695158749818802,1062,924,138,6.695652173913044,0,204,0
0_43,89.7693225138355,0.7607569704562331,85.14118933869266,4.408890788909048,0.037363481261941,0.2587990800384432,85.10163264488801,4.667689868947491,0.0395566938046397,87.59219247777946,0.0519834970194536,85.10311072194017,2.4905598328914493,0.001478077052161,0.0184502545428478,1.2753916799556464,1803,1685,118,14.279661016949152,0,250,0
0_430,775.9510897179134,2.1554196936608707,766.0275822539103,9.779540028423073,0.0271653889678418,0.1716095176525414,765.9999401718378,9.951149546075612,0.0276420820724322,769.9369343677536,0.2584548285893768,766.0012617543138,3.936994195915759,0.0013215824759703,0.0167059870837773,0.5133389777038246,3339,2979,360,8.275,0,582,0
0_431,773.64309423347,4.6887460256573945,769.3958424503393,4.236541831865907,0.0256760111022176,0.0366078279912471,769.3699445736129,4.273149659857154,0.0258978767264069,770.8661507305223,0.5971077852289096,769.371103524935,1.4962061569094658,0.0011589513221607,0.0168299606239253,0.5511394352652133,1456,1291,165,7.824242424242424,0,257,0
0_432,773.8525615385734,5.998857066190491,768.2656738100061,5.570236174855381,0.0431801253864758,0.0602991140913218,768.2220262496267,5.630535288946703,0.0436475603794318,771.7068585634697,0.2863476284094507,768.2233193228415,3.4848323138430715,0.001293073214784,0.0166333563961521,2.6277813999913637,2824,2695,129,20.89147286821705,0,334,0
0_433,775.386099643074,6.515849576832554,769.2068951210915,6.153725216630846,0.0517119766103432,0.0778454453684389,769.1545289810747,6.231570661999285,0.0523661400168007,773.3607826191001,0.2105528948050912,769.155674163116,4.206253638025373,0.0011451820413899,0.0170194707896967,2.535425861598924,3792,3673,119,30.865546218487395,0,376,0
0_434,778.8725543895271,3.656678659105761,772.0012013113395,6.781870265258476,0.0318397665035609,0.1218948557507246,771.9687892685179,6.903765121009201,0.0324120428216394,775.3056058043148,0.2755172728515689,771.9699750597531,3.33681653579697,0.0011857912351801,0.0167462374892593,1.3757582525722682,3027,2814,213,13.211267605633802,0,409,0
0_435,778.7070609228685,11.798591832164677,775.0493312047047,3.662021466298029,0.0554851737317883,0.051981016760692,774.9930584398098,3.714002483058721,0.0562727648948291,777.5979678209405,0.3580101140980389,774.9942577535212,2.6049093811307102,0.0011993137113861,0.0168044409383031,0.2959576705470681,2238,2172,66,32.90909090909091,0,221,0
0_436,782.9874589566607,3.764362783445484,776.3163822275371,6.639954352052882,0.0319228574617927,0.063349800882861,776.284154803725,6.703304152935743,0.032227423812191,779.5171213606372,0.271230731162365,776.2852797051017,3.232966556912288,0.0011249013767962,0.0166843153654973,1.2969883831683546,3082,2874,208,13.817307692307692,0,407,0
0_437,782.9444462929387,10.87422842073526,779.2314834354879,3.725323884515092,0.051740609507154,0.0399342244490981,779.1791881839745,3.76525810896419,0.0522952515133915,781.732439592015,0.3646140110037383,779.1803790661611,2.5532514080405235,0.001190882186586,0.0168334264017175,0.3381536877714097,2216,2144,72,29.77777777777778,0,225,0
0_438,786.2406758896541,4.5978986894131815,780.0056524222257,6.208874591393396,0.0363092081368034,0.0628254846669733,779.9689758135937,6.27170007606037,0.0366766086319319,783.6118084206246,0.2269365214076526,779.9700307897324,3.642832607030869,0.0010549761387288,0.0153734939709327,1.7465183762833476,3624,3453,171,20.19298245614035,0,404,0
0_439,787.8097671910655,6.971767851248367,783.4094438643579,4.398671779548749,0.0389262989340597,0.0409401482902467,783.3701552632265,4.439611927838996,0.0392886011313185,786.0950714841019,0.298668340229522,783.371190565742,2.724916220875457,0.0010353025155301,0.0151742982917127,0.2275981064885854,2745,2632,113,23.292035398230087,0,289,0
0_44,93.85070892726073,0.6800776009221791,87.53426400265333,6.045647478662431,0.0438090397004524,0.3169028833508491,87.48815856524743,6.36255036201328,0.0461054374058933,91.41395977512002,0.029583805752466,87.48942905107587,3.925801209872589,0.0012704858284377,0.0176576025517441,0.0859157035592943,3228,3090,138,22.39130434782609,0,359,0
0_440,817.5354522725102,0.4104093635906175,784.7051762026532,31.92836324684322,0.0160282948026321,0.9184021630790083,784.6886868625879,32.84676540992223,0.016489340065222,784.7175362256821,37.36750172503248,784.6900606417829,0.0288493630941957,0.0013737791949617,0.0164748574532269,1.3926633035298437,2013,21,1992,0.0105421686746987,0,1993,0
0_441,790.7989076387603,4.321305506222734,784.1798074252209,6.594073375221342,0.0360331878427395,0.0613955208100378,784.1434387427289,6.65546889603138,0.0363686824919747,787.9015499646775,0.2192879348635339,784.1444846963115,3.758111221948639,0.0010459535825072,0.0158325555960805,0.5591412328649312,3776,3593,183,19.633879781420767,0,430,0
0_442,795.1357742273249,4.207067588504365,787.8141322852575,7.217177759157494,0.038186125709828,0.143409086856991,787.7751873813104,7.360586846014485,0.0389449039471665,791.9216308093164,0.2128821588197087,787.7763020166404,4.146443428006023,0.0011146353301091,0.0170060498307326,0.1111651153769344,3909,3720,189,19.682539682539684,0,449,0
0_443,797.2031705048867,2.941709116254194,790.3075925954342,6.73785015521571,0.0248629157019029,0.1832669316790998,790.2820534179918,6.92111708689481,0.0255391774424162,792.571909249993,0.4184645772175254,790.283262423183,2.2898558320011944,0.0012090051911305,0.0170895249258067,1.623620953410864,2165,1894,271,6.988929889298893,0,406,0
0_444,797.6236291413661,5.997170143920046,792.4443882966004,5.067865113727748,0.0381042489753966,0.1506124041043222,792.405151623534,5.218477517832071,0.0392366730664065,795.3362306945492,0.3371497374711951,792.4063941326782,2.93107907101512,0.0012425091441352,0.0171984845625334,0.1493421425111591,2492,2359,133,17.736842105263158,0,305,0
0_445,796.4420228363015,5.64852498465462,790.3533653637546,5.958259993232787,0.0422571630725729,0.1738878898322582,790.3098749532364,6.132147883065045,0.0434904105181918,794.0801660183351,0.2520889415931223,790.3110718710349,3.770291065098718,0.001196917798444,0.0167507575742292,5.0270858181174845,3291,3150,141,22.34042553191489,0,366,0
0_446,800.4849429558963,3.3215142861240508,793.3189109994709,7.008416498545557,0.0290805663840064,0.1874739243648946,793.2890525329858,7.195890422910452,0.0298584664851056,796.3843203890137,0.3014323695643504,793.290224095384,3.095267856027931,0.0011715623981937,0.0170150313978527,0.7751289473380893,2883,2642,241,10.962655601659751,0,426,0
0_447,801.7140735450666,8.098121955000673,796.0087142034618,5.588383450405672,0.0564483176808653,0.1751938436646014,795.9504962509964,5.763577294070274,0.0582179524653563,800.048822931014,0.239034604998809,795.951720728642,4.098326680017635,0.001224477645658,0.0168207132732589,0.4177885360550135,3446,3347,99,33.80808080808081,0,338,0
0_448,806.5693189217709,4.689356505359133,799.8361261819224,6.589269772870466,0.038309707981805,0.1832983631175011,799.7967507857829,6.772568135987967,0.0393753961394649,803.6194438287057,0.2395288953289734,799.7978901875841,3.822693042922765,0.0011394018011692,0.0171504365875883,0.2346384122502058,3527,3355,172,19.50581395348837,0,403,0
0_449,807.1745789854322,8.496574515636128,802.7916182334707,4.297098798677325,0.0452326189334455,0.1324891953263431,802.7449909914285,4.429587994003668,0.0466272420421438,805.5855786674656,0.3508647990711958,802.7462281811829,2.840587676037103,0.0012371897543715,0.0167263191364901,0.8582026881631464,2391,2296,95,24.16842105263158,0,259,0
0_45,96.0489652613178,0.5520055474788379,90.09761873023162,5.738095971522853,0.032977563054729,0.2476514065638184,90.06321788323112,5.985747378086671,0.0344008470004981,92.99608772038482,0.0396065109541673,90.06446697600674,2.932869837153703,0.0012490927756191,0.0175452732237526,1.3341970609035343,2522,2348,174,13.494252873563218,0,340,0
0_450,808.9918701278511,10.932322569295286,804.0000351489981,4.929686586372554,0.0666173863023318,0.1305296935606748,803.9316538479179,5.060216279933229,0.0683813010801787,807.8248298058752,0.2124177832779056,803.9326775597133,3.893175957957282,0.0010237117954134,0.0157708151618371,1.6366045547183603,3877,3803,74,51.391891891891895,0,326,0
0_451,811.2500044044573,4.800295884050043,805.7534401337603,5.398477637208998,0.0319436546580414,0.1308042779564857,805.7207224892918,5.529281915165484,0.0327176444684348,808.488492090255,0.273600166528005,805.7216591287506,2.76776960096322,0.0009366394588708,0.0163403095514926,2.089643406448886,3124,2955,169,17.485207100591715,0,358,0
0_452,855.1298221906181,0.2859009769945229,807.4560714799344,47.00306403147988,0.0157148325080173,0.6866310774348676,807.4401270817034,47.68969510891475,0.0159443982309979,807.5009920366574,16.82293733409703,807.4413951015982,0.0608649549540132,0.0012680198948752,0.0159240488645806,1.0341654557269069,3039,48,2991,0.0160481444332999,0,2994,0
0_453,811.7892747637816,3.1960207667865417,803.5327420244433,8.08064263802953,0.0318135536930296,0.2085246180649846,803.5001075076871,8.289167256094515,0.0326345167562776,807.4783760248683,0.2300508193803043,803.501240917521,3.978268517181277,0.0011334098339547,0.0169720422791859,3.985481415875256,3764,3510,254,13.818897637795276,0,499,0
0_454,814.9367742119357,2.2512065585965075,805.6628534011356,9.13633944117464,0.0252385067435763,0.1632709009572863,805.6371638698038,9.299610342131928,0.0256895313318561,809.0366241098382,0.2884266039607266,805.6383757985881,3.3994602400343865,0.0012119287843259,0.0162987571881147,1.82541617192328,3167,2805,362,7.748618784530387,0,563,0
0_455,813.0105686851311,6.609842021830334,808.8436081999236,4.139552009291947,0.0336548943844873,0.061563889728859,808.8094527861103,4.201115899020806,0.0341554138131772,811.0248750690371,0.4478326201375135,808.8106761004576,2.2154222829267383,0.0012233143472814,0.0161438505373501,0.2099263367708772,1934,1811,123,14.723577235772357,0,256,0
0_456,812.7024838868529,9.030027598742809,807.262978366364,5.4413095091003925,0.0604589945455599,0.059314050944522,807.201860326808,5.5006235600449145,0.0611180395560546,811.3034512926824,0.2352968246208475,807.2030498833526,4.101590965874493,0.0011895565446271,0.0155448066018935,3.8071901123039424,3538,3448,90,38.31111111111111,0,343,0
0_457,814.7138616689481,11.47484312209786,810.8678442478364,3.8631611028686166,0.0544107197587129,0.037799424258992,810.8129011418205,3.9009605271276087,0.0549431060158818,813.6290946919471,0.3073778219463344,810.8139650608043,2.816193550126627,0.001063918983803,0.0152784081267743,0.4751111809164285,2718,2647,71,37.28169014084507,0,253,0
0_458,815.2842483096756,4.159613511784059,809.642794723948,5.6161252357997,0.0286537001826515,0.054258881136775,809.6138641927391,5.670384116936475,0.0289305312088595,812.1751947337762,0.3350557734050232,809.6149208472527,2.561330541037023,0.0010566545136291,0.0158625182443849,3.9999772710725674,2620,2424,196,12.36734693877551,0,363,0
0_459,817.8045474416576,5.017205812525507,811.8319395039048,5.943015600088984,0.0364602184054538,0.0664602878969162,811.7950715536717,6.0094758879859,0.0368679502330423,815.2118867996614,0.269937710860815,811.7962029494486,3.41681524598971,0.0011313957768177,0.015905893509179,0.3649766780436039,3183,3020,163,18.52760736196319,0,377,0
0_46,97.37278398312628,1.003843133846663,91.44803085848304,5.737520825583488,0.0591496992328194,0.248948477441445,91.38631468010136,5.986469303024933,0.0617161783817003,95.67209290713072,0.0273975065598885,91.38754199345388,4.285778227029368,0.0012273133525284,0.0175328976906759,1.5933388092089444,3589,3492,97,36.0,0,341,0
0_460,818.309955812525,7.11573874619587,814.610237915324,3.695806285832077,0.0321374459637571,0.036365277133882,814.577784249559,3.7321715629659593,0.0324536657649213,816.4959548003972,0.4865887692493427,814.578927378612,1.9181705508381128,0.0011431290529428,0.0157739218445899,0.6186487162485719,1793,1678,115,14.591304347826089,0,235,0
0_461,821.0022307136096,5.662084349749032,815.1718352886784,5.812888600630686,0.0400888869009012,0.0579956814181059,815.1313464315608,5.870884282048792,0.0404888571175778,818.6832167247776,0.2526020415688916,815.1324423495779,3.55187029321678,0.0010959180170369,0.0159931999229793,1.3484507438261062,3386,3241,145,22.351724137931036,0,371,0
0_462,823.4743167930283,6.145330722336031,818.6158893576184,4.846260068472475,0.0361661199139736,0.0486968965269625,818.5793598280288,4.894956964999437,0.036529529589548,821.3603900149465,0.3363474160585366,818.5804986610292,2.781030186917633,0.0011388330003757,0.0157755729707597,0.0866862826514989,2576,2442,134,18.22388059701493,0,307,0
0_463,824.0367610403337,6.810221165622592,818.2939955115911,5.732521989149973,0.0473762147863634,0.0580999189987778,818.2461391321849,5.790621908148751,0.047856379406188,822.0878487883601,0.233813381339124,818.2472317686058,3.841709656175226,0.0010926364209827,0.0161067128262274,3.098850880749524,3637,3516,121,29.05785123966942,0,364,0
0_464,824.8573509580456,9.064366494044457,821.5806243574032,3.2792589995078743,0.0360358131814052,0.0338756744749844,821.5442162840627,3.3131346739828587,0.0364080733404709,823.4427521759644,0.5089262992434885,821.5453896684211,1.8985358919017017,0.0011733843584064,0.0155450415613313,0.5277916023042053,1709,1618,91,17.78021978021978,0,207,0
0_465,828.5282618158963,5.560592361180512,823.1574770183281,5.3533817059360445,0.0359287362814499,0.0536921781022101,823.121187931858,5.407073884038255,0.0362890864700554,826.1293060097378,0.2956797802468639,823.1222645668179,3.008118077879772,0.001076634959871,0.0161003745379763,0.3050411811564117,2943,2794,149,18.751677852348998,0,341,0
0_466,829.1368358521722,10.909695208581214,826.0828235374096,3.062255291035399,0.0402928327767815,0.032477187924087,826.0421033732127,3.094732478959486,0.0407201641968353,827.9259257202502,0.5123303995793628,826.0432691048632,1.8838223470374944,0.0011657316503944,0.0159330280516051,0.0714199915528297,1692,1616,76,21.26315789473684,0,192,0
0_467,831.7456056629308,8.487200057785008,827.9191230849164,3.825998608954251,0.0390408021321862,0.0399322430603206,827.8796748109162,3.865930852014571,0.0394482740001486,830.1984040599782,0.3962760878567915,827.8807816029205,2.3187292490620166,0.0011067920043255,0.0157877714586995,0.0299675723072141,2193,2095,98,21.377551020408163,0,244,0
0_468,834.925365540199,6.788011101952837,830.1873649743999,4.724153926363215,0.0384077554988879,0.0526827096473425,830.1485289041884,4.776836636010557,0.0388360702114679,832.9873714402784,0.3226132344850032,830.1496283784471,2.838842536089942,0.001099474258749,0.0157560495928505,0.034297676756978,2705,2582,123,20.991869918699187,0,302,0
0_469,840.4840385785792,2.4575556683584185,832.5462538426863,7.881834238069132,0.0230462989417226,0.0792284589260816,832.522975881584,7.961062696995214,0.0232779611023251,835.1743312694598,0.3233350101701354,832.5240023451488,2.6513553878758103,0.0010264635647989,0.0155254599681853,0.4486030077096075,2925,2583,342,7.552631578947368,0,516,0
0_47,100.90139359841125,0.7761645661416249,94.38537689578504,6.31521845376119,0.0485786034904707,0.251310006249696,94.33486513840036,6.566528460010886,0.0505117573846991,98.59370998549277,0.0275555366085781,94.3360554248305,4.258844847092405,0.0011902864301543,0.0177514124070652,1.3200466486159712,3708,3578,130,27.523076923076925,0,375,0
0_470,839.1836759864818,7.111726067682049,834.7687581531226,4.417459883028641,0.0374361007036325,0.0351922907866537,834.7310238126665,4.452652173815295,0.0377343404560618,837.3046448605601,0.3334546574514377,834.7320487513555,2.573621047893539,0.0010249386889261,0.0159239925925572,0.4295730479061603,2629,2511,118,21.279661016949152,0,286,0
0_471,840.2233091630042,13.12848920567194,836.1529257387701,4.096450830344111,0.0640070442241267,0.0385418545920401,836.088316478068,4.134992684936151,0.0646092607021273,839.275876146974,0.2822993192556253,836.0893886474823,3.187559668906033,0.0010721694143646,0.0148036408754705,1.2006623775232583,3037,2973,64,46.453125,0,268,0
0_472,841.1518703186885,5.160440922200543,836.5960891117553,4.545338009716943,0.0278855092620671,0.0385653034318238,836.5679670055397,4.583903313148767,0.0281221062156366,838.6790084727108,0.3591773055557648,836.5688710918212,2.1110414671711624,0.0009040862814437,0.0151709315704147,2.694134109420702,2498,2335,163,14.325153374233128,0,313,0
0_473,839.982268603053,7.368265514061868,837.3096390072554,2.674825312336907,0.0234633799327798,0.0214558728039264,837.2859874179121,2.6962811851408333,0.0236515893433406,838.2446448740084,0.8842243089388274,837.2869986599544,0.9586574560962616,0.0010112420422956,0.0152423134126716,1.3794991436880082,1062,948,114,8.31578947368421,0,177,0
0_474,840.7606377974153,9.239127887883685,836.9884996307389,3.779959812061861,0.0415380199127677,0.0340910009108483,836.9465869844425,3.8140508129727095,0.0419126462964034,839.4077084932942,0.3421963752520563,836.9475902952901,2.461121508851648,0.0010033108474731,0.0148673549903413,1.282893160590902,2544,2453,91,26.95604395604396,0,257,0
0_475,842.9139968261588,4.3449175094131895,838.7639829031103,4.132505914196372,0.0213015768773008,0.039010671665892,838.7424802402966,4.171516585862264,0.021502662813723,840.001830134308,0.6779675788008942,838.743496664747,1.2593498940113932,0.0010164244503723,0.0150111685146952,0.6515763851348311,1433,1239,194,6.38659793814433,0,277,0
0_476,840.6756564655807,11.360481844129469,838.8724742075145,1.813296141335741,0.0245040019099424,0.014587243553251,838.8477730806917,1.827883384888992,0.0247011268228242,839.5686713967007,1.2097531288136898,838.8488118390721,0.7208983160089701,0.0010387583804163,0.0149592576875678,1.138848384609446,768,694,74,9.37837837837838,0,121,0
0_477,844.8771358353551,2.9541158595641788,838.6336354521751,6.174021998886019,0.0215874895065944,0.0913854031823575,838.6117284332868,6.2654074020683765,0.0219070188883509,840.3780593231786,0.5008212510865189,838.6127810738648,1.766330889891833,0.0010526405780046,0.015731036755862,0.9419115353375672,1964,1678,286,5.867132867132868,0,402,0
0_478,844.719931869302,4.8827741726549245,840.3253994613395,4.3610797501169145,0.0252085534688839,0.059002264868468,840.2998498543166,4.420082014985383,0.0255496070230368,841.9246934233233,0.5376275181502703,840.3008874300311,1.6248435690067708,0.0010375757145637,0.0161574476646162,0.0631665550172329,1739,1566,173,9.052023121387284,0,280,0
0_479,872.7741145691834,0.4756262204736694,841.6104507473625,30.61824348848313,0.0166856912743777,0.5624125164467841,841.5934585642535,31.180656004929915,0.0169921831089536,842.0805293263402,1.9313773608402296,841.594575699029,0.4870707620866596,0.0011171347754281,0.0167267494511407,0.3161410850007087,2271,436,1835,0.2376021798365122,0,1866,0
0_48,104.28513583005406,0.6028042533529137,98.28219938343472,5.823033053660765,0.0336591505991951,0.2148041862528771,98.24729859014042,6.037837239913642,0.0349007932942985,101.46295774308965,0.0389792384721819,98.24853395669936,3.215659152949229,0.0012353665589509,0.0163131681327422,0.3294695534277707,2776,2603,173,15.046242774566474,0,355,0
0_480,846.4023780534044,5.877794292037531,841.7924116319014,4.56712587364018,0.031716151900279,0.0750780752860009,841.7601741044782,4.642203948926181,0.0322375274230984,844.1927152294666,0.4396837058486805,841.7614410529808,2.4325411249883477,0.001266948502598,0.0153448807217905,0.3050179868005216,2064,1920,144,13.333333333333334,0,291,0
0_481,896.8439460287336,0.3048415860056878,844.1045071138965,51.38519447320141,0.0174660756197149,1.3721769268158823,844.0865746287163,52.75737140001729,0.0179324851801554,844.9230684058275,1.1250640058666146,844.0876884686326,0.8364937771111727,0.0011138399162598,0.0176481569078538,0.090421995613724,3693,751,2942,0.2552685248130523,0,2996,0
0_482,847.4971069504973,18.423850151097767,844.4376402189955,3.0931535651907325,0.0672424688084941,0.0343013158999383,844.3696520694066,3.127454881090671,0.0679881495889276,846.7963868854567,0.4041987526899555,844.3708104153808,2.426734816050157,0.0011583459742482,0.015233044892185,0.5381482914090157,2141,2095,46,45.54347826086956,0,202,0
0_483,856.0744054580573,2.675232517056429,846.7404511888046,9.276835630415007,0.0289901113450469,0.0863786835689097,846.7111911440734,9.363214313983915,0.0292600447311997,850.6692055340391,0.2421489341115966,846.7123178205294,3.958014389965683,0.0011266764560107,0.0168912497625569,0.0697819783817976,3833,3513,320,10.978125,0,574,0
0_484,856.4666974039283,4.758148318910712,848.925542181632,7.502281526103616,0.0416793418116867,0.0810030549764633,848.8834128228482,7.583284581080079,0.0421293587837782,853.406607621815,0.2452317837993721,848.8847125914685,4.52319479896687,0.0012997686203927,0.0170004987895178,1.7697693561203778,3660,3480,180,19.33333333333333,0,448,0
0_485,859.0311962810811,3.801022992394164,851.6106377151729,7.375048177316785,0.0326329565367999,0.0784906488843262,851.57765745488,7.453538826201111,0.0329802602929252,855.2489999029785,0.3050103423334445,851.5789667781496,3.671342448098585,0.0013093232696499,0.0167353822039934,1.8114887359552083,3030,2804,226,12.4070796460177,0,442,0
0_486,861.3897220408544,4.681465880656817,855.1402960706466,6.214394678128883,0.0337738841202656,0.069181160768494,855.106146201957,6.283575838897377,0.0341498686896596,858.2809779958334,0.3491785915361405,855.1074378340945,3.174831793876365,0.0012916321374598,0.0168953480707663,0.126746729016304,2642,2458,184,13.358695652173912,0,373,0
0_487,890.0578509268817,0.5374745476611604,858.1817859372545,31.122030680300668,0.0187934967876211,0.7732947715558112,858.1625254750252,31.89532545185648,0.0192604622293819,859.430673204828,0.9351802755221198,858.1639053963852,1.2681477298028767,0.0013799213599596,0.0184946725374719,0.1013794420287013,2575,919,1656,0.5549516908212561,0,1730,0
0_488,862.4947394768242,7.632696809529418,855.7919832534977,6.625158798880875,0.0586297238839015,0.1374434621538967,855.7321372157894,6.762602261034772,0.0598460377082723,860.3265696207527,0.255289783270253,855.7335005488472,4.5944324049633,0.0013633330578526,0.0191873438590395,3.68203869019635,3483,3370,113,29.82300884955752,0,380,0
0_489,866.934813142987,8.335911664836413,860.0255376743645,6.712390787899494,0.0645422191144182,0.2639650250785053,859.958457330009,6.976355812978,0.0670803443555576,865.0398285279516,0.2472955484642514,859.9599099804371,5.081371197942644,0.0014526504282283,0.0182210059138014,0.3690685157198459,3602,3498,104,33.63461538461539,0,376,0
0_49,108.93160314275885,0.4126197088740865,101.09843080997588,7.551664861151949,0.028604791140727,0.31129139685072,101.06864688475616,7.862956258002669,0.029783925219707,104.46900828485376,0.032862223430278,101.06971651715632,3.400361400097609,0.0010696324001565,0.0169037684011555,0.3775719893164933,3443,3179,264,12.041666666666666,0,475,0
0_490,872.8199207305443,4.320890696685862,864.2361317073885,8.367045284016058,0.0414210162575052,0.2594491571653634,864.1934262893628,8.626494441181421,0.0427054180256506,869.01530638244,0.2371766665890939,864.1947423046721,4.821880093077198,0.0013160153092459,0.0188347244955654,0.8288672405760735,3866,3664,202,18.138613861386137,0,471,0
0_491,878.1464308425784,3.028091140836477,868.3084189142285,9.574494864791632,0.0330154995337642,0.2975586273241788,868.2743773504626,9.87205349211581,0.0340415637659165,872.6160324006341,0.2899056586048618,868.2758197607783,4.341655050171539,0.0014424103156716,0.0190703394549802,0.7232042718678713,3300,3010,290,10.379310344827584,0,520,0
0_492,880.8208658038639,3.214674692714832,871.1360162065074,9.423895122017711,0.0343937778175828,0.2964301148895174,871.1005405669566,9.720325236907229,0.0354756395507563,875.4832078139298,0.2905686053149451,871.1019951528335,4.382667246973142,0.0014545858768579,0.0194805036128981,1.497922727605328,3287,3013,274,10.996350364963504,0,505,0
0_493,883.9328985556494,4.149919711528871,874.2902893155383,9.34986093500629,0.043896060727729,0.3382323109544813,874.2448053096887,9.688093245960772,0.045484005849581,879.9543698136695,0.234466925076917,874.2463266431563,5.7095645039808005,0.0015213334676207,0.0186785386947416,1.21946604619734,3966,3753,213,17.619718309859156,0,505,0
0_494,886.4793044577818,3.357876153249173,877.2788761090981,8.926518253283575,0.0338125691412256,0.3088927126955241,877.2438934918027,9.2354109659791,0.0349826172953753,882.0636410396546,0.2354052951800519,877.2451797868515,4.819747547851875,0.0012862950487995,0.0167259977959364,2.69234646204859,4011,3747,264,14.193181818181818,0,531,0
0_495,886.2752217759844,5.908501478506563,881.8569944038024,4.348947566701099,0.0289929837780073,0.0989323381800204,881.8273418711033,4.44787990488112,0.0296525326992074,883.6971380340401,0.5137774058337442,881.8284289618957,1.8697961629368365,0.0010870907924051,0.0171872249462952,0.2217795776668936,1870,1720,150,11.466666666666669,0,265,0
0_496,889.4617140206974,3.4880851530223427,882.4931755455787,6.795822266954929,0.0266502833998232,0.2001513990107923,882.4657403547317,6.995973665965721,0.0274351908469243,885.3112081708387,0.3719794992314448,882.4669359294443,2.845467816106975,0.0011955747126499,0.0162764935288578,1.2148306092713028,2635,2380,255,9.333333333333334,0,422,0
0_497,889.292737246491,4.913219542798293,884.8164669488665,4.399647399317473,0.0243074441951241,0.1014910666272044,884.7915987805463,4.501138465944678,0.0248681683201363,886.2895359373651,0.6241475605192712,884.792653665868,1.4979371568188071,0.0010548853217033,0.0165922724261097,0.505598284304142,1601,1420,181,7.845303867403315,0,276,0
0_498,891.982927496545,5.43892028961308,885.4726060609285,6.3855969903524965,0.0389365670143444,0.1646650675684213,885.4326654386241,6.550262057920918,0.0399406223043958,889.3507347465493,0.2493273716699044,885.4337638600729,3.91806930792518,0.0010984214488155,0.0160499557926569,0.8409665478393435,3731,3567,164,21.75,0,408,0
0_499,890.5953651745804,3.710814021560752,884.4859597044783,5.992930151289329,0.0249705422970388,0.142037684796378,884.4603973384947,6.134967836085707,0.0255623659836904,887.2609310974367,0.3380041642275949,884.4614642084981,2.800533758942038,0.0010668700034064,0.0138934753214319,4.875903953099623,2865,2625,240,10.9375,0,414,0
0_5,10.646144550060852,0.2475847569781593,6.361494493600371,4.204071861691773,0.0977691130625993,0.1825936723034829,6.2594790160655975,4.386665533995256,0.1020154775347733,9.97267884016037,0.0028772876053549,6.260550337422809,3.713199824094772,0.0010713213572114,0.0156619932534996,0.1016910586040467,3509,3466,43,80.6046511627907,0,271,0
0_50,109.41922661126593,0.7443484803487477,104.29479208686324,4.951346904505044,0.0336826320034356,0.2081864865031093,104.25969322025776,5.159533391008154,0.0350988666054976,106.90429103234784,0.0446924293613494,104.26079882134977,2.644597812090069,0.0011056010920108,0.0171084052987624,0.1949834204278886,2539,2392,147,16.272108843537413,0,306,0
0_51,112.15484025725164,0.718941283700331,106.50710760506514,5.45738643524237,0.0349832463797587,0.226783201796934,106.47067062021232,5.684169637039304,0.036436984852816,109.63504025829025,0.0391973687015696,106.4718019643804,3.1643696380779147,0.001131344168065,0.0161525640959063,0.4168982501141727,2953,2797,156,17.92948717948718,0,346,0
0_52,113.65422969730572,2.3194740754552186,109.67872060144472,3.908871696796268,0.0797728917713524,0.1494605052284896,109.59589749528097,4.058332202024758,0.0828231061637705,112.87791496841236,0.0358456382878413,109.5969397364601,3.2820174731314182,0.0010422411791462,0.0158431577325171,0.0248703018296509,3198,3149,49,64.26530612244898,0,256,0
0_53,116.1334290097002,2.233335173263465,112.73329781659412,3.347603300586343,0.0643769865497373,0.1191971316002309,112.66662857751362,3.4668004321865737,0.066669239080511,115.3062198185362,0.0405151861625215,112.6675560515969,2.639591241022572,0.0009274740832827,0.0159078690608461,0.1968898777849972,2898,2846,52,54.73076923076923,0,233,0
0_54,119.37178494012916,0.9112349995429706,113.78765709956448,5.457584818592295,0.0416609528136816,0.1694978515151888,113.74470227002166,5.627082670107484,0.0429548295428052,117.22807050612757,0.0310209236586736,113.74562403986452,3.483368236105889,0.0009217698428435,0.0163642323206228,1.5471256994642315,3910,3779,131,28.84732824427481,0,370,0
0_55,118.82642928045244,0.6457958113068066,112.54688403650906,6.101100981235504,0.0331581575067147,0.2127587175928056,112.51256958162412,6.31385969882831,0.0343144548849364,115.72664128243925,0.0367153049753931,112.5135892744226,3.2140717008151114,0.0010196927984819,0.0168466739022456,4.70088973059319,3336,3152,184,17.130434782608695,0,389,0
0_56,166.32503010239452,0.0562288810352922,115.06651674839966,48.855095342500135,0.0165162594126099,2.4207526457030326,115.04918211419135,51.27584798820317,0.0173346342083175,115.14339207229204,1.5150446325301583,115.0504217189032,0.0942099581006914,0.0012396047118512,0.0173027850000346,0.6629859912209213,3034,76,2958,0.0256930358350236,0,2963,0
0_57,120.19304365548304,1.0100255769368325,114.83894254379328,5.182035357691348,0.0435465156108516,0.2174394922330975,114.7935688055586,5.399474849924445,0.0453737382346592,118.1959820506163,0.0417653646821965,114.79477107172292,3.402413245057687,0.0012022661643313,0.0167820302929979,0.3341643547173589,2949,2830,119,23.781512605042018,0,320,0
0_58,126.5631892515812,0.4190834081178186,117.74154775068996,8.474716951837763,0.0280619766617144,0.376232328126207,117.71223997161724,8.85094927996397,0.0293077790727283,121.23259915341625,0.0395796928349383,117.71338928901254,3.5203591817989945,0.0011493173952983,0.0176509605899502,0.4679485340602696,3365,3063,302,10.142384105960264,0,514,0
0_59,132.1155019379221,0.2752406290373377,120.81519254614346,10.81369126914069,0.0225285234773764,0.5102095827460289,120.79160108603536,11.32390085188672,0.0235914601080973,123.41273882612586,0.0577504627169517,120.79282763621792,2.6211377400904894,0.0012265501825411,0.0181307564829088,0.4251084974966943,2617,2137,480,4.452083333333333,0,633,0
0_6,15.232687530573456,0.0659423702622227,8.279398031016706,6.697420547250658,0.0289931625422106,0.286100645782426,8.249166337540373,6.983521193033084,0.0302316934763337,11.345891390694304,0.0033478581855102,8.250080095301705,3.096725053153932,0.0009137577613319,0.0168259573154941,1.7090123714879155,3620,3389,231,14.670995670995673,0,445,0
0_60,128.50750645063818,0.7301562866513532,123.27320689661693,5.021246077725664,0.0285298072598049,0.2429637594614178,123.2432966134511,5.264209837187082,0.0299102831658356,125.28349429159424,0.0854011549363287,123.24468734124804,2.0401976781431586,0.0013907277969619,0.0183182509036586,0.1525101214647293,1643,1467,176,8.335227272727273,0,288,0
0_61,128.53318859892897,0.9811693786177784,124.02580315080642,4.316359780728817,0.0329493113032734,0.2256978631485253,123.99113095505164,4.542057643877342,0.0346721957547888,126.16809201496652,0.0851336653272378,123.99259988963996,2.176961059914902,0.0014689345883366,0.0180541723966598,1.2745001586154103,1613,1482,131,11.312977099236642,0,248,0
0_62,131.61592372576706,0.6179151348627562,124.56528936595298,6.769137072376907,0.0317799862552906,0.3147549966815859,124.53203165670855,7.083892069058493,0.033257709244406,127.88710270170122,0.0533975376625057,124.53343252144552,3.3550710449926555,0.0014008647369489,0.0175062019909194,1.6186457101721317,2608,2395,213,11.244131455399062,0,398,0
0_63,132.5185844739899,1.3522304538162235,126.16178479629131,6.140518072992563,0.0626583476835975,0.2818156220018863,126.09625077899544,6.42233369499445,0.0655340172958617,130.81641741702333,0.0344616484238733,126.0974942370139,4.720166638027877,0.0012434580184478,0.0173690516016997,1.7738930948544294,3894,3796,98,38.734693877551024,0,369,0
0_64,129.43458423390985,0.5727193992650879,124.57469909545756,4.696012344677001,0.0207788156844115,0.1854722832795232,124.55309960595332,4.8814846279565245,0.0215994895042324,125.55386776081286,0.1589289465326745,124.55436640108606,1.0007681548595428,0.0012667951327335,0.0171713118278627,6.246920936042443,1016,790,226,3.495575221238938,0,283,0
0_65,127.41805752320217,1.3001842604408382,123.10306189720976,4.1747099563945085,0.042599081187699,0.1847701605875045,123.05857740622014,4.359480116982013,0.0444844909896123,125.72895469330253,0.0590554038014572,123.05983169334418,2.670377287082374,0.0012542871240405,0.0172357431622412,2.478423805674538,2227,2129,98,21.72448979591837,0,253,0
0_66,129.5792559341062,1.1569576422688053,123.8289945556857,5.571755824610591,0.0497478198625945,0.2303097103722393,123.77719039912336,5.80206553498283,0.0518041565623467,127.64830976817755,0.0389171676122492,123.7783706184432,3.871119369054213,0.0011802193198336,0.0172405907672197,1.93513628304936,3392,3280,112,29.285714285714285,0,341,0
0_67,133.64823132148013,0.7550747532287013,126.44520010635792,6.972343338420615,0.0393917702735628,0.2716141904238611,126.40427379263564,7.243957528844476,0.0409263137222851,130.48719569458626,0.037228871810153,126.40543867762908,4.082921901950613,0.0011648849934238,0.0178589583440331,1.2276370376348495,3682,3505,177,19.80225988700565,0,418,0
0_68,133.8920165738091,0.7650972375646233,129.8142734768827,3.950707926880568,0.0225754738678889,0.1504704752005636,129.79083817172796,4.101178402081132,0.0234353051547493,130.77008246583864,0.1691721636039309,129.79210498194027,0.9792442941106856,0.0012668102123036,0.0178396234741168,0.6970872927922755,948,773,175,4.417142857142857,0,230,0
0_69,135.28531601419672,1.878962722419399,130.7644414181155,4.374500495847315,0.0607569513312127,0.2100483903195709,130.70076712802984,4.5845488861668855,0.0636742900856511,134.0548836060334,0.0531752810813301,130.70209759866768,3.354116478003561,0.0013304706378435,0.0170893390022683,0.0522983015980571,2593,2521,72,35.013888888888886,0,259,0
0_7,15.164604358375072,0.1004278434329475,9.70903027125184,5.242244629887864,0.034716851853562,0.2496999511495232,9.672659777337683,5.491944581037387,0.0363704939141548,12.653884018305687,0.0047660580106612,9.673782648991534,2.981224240968004,0.0011228716538485,0.016627287020327,1.6587772872298956,2806,2655,151,17.582781456953644,0,328,0
0_70,138.73136428184807,0.627743729782118,132.93957159529984,5.591811370803043,0.0253023138950363,0.2263076461385935,132.91324526490644,5.818119016941637,0.026326330393401,134.87080806982704,0.0816903743608885,132.91443094801056,1.9575628049205989,0.0011856831041311,0.0174685801448915,1.1254150432068857,1872,1651,221,7.470588235294118,0,336,0
0_71,139.04069239553064,1.3904069239553063,134.17280316782416,4.70158257195726,0.0470158257195726,0.2154772540088743,134.1236325695645,4.917059825966135,0.0491705982596613,137.2716007286217,0.054408085901158,134.12488027791133,3.1479681590572,0.001247708346832,0.0176909166690893,0.7310389264021069,2623,2523,100,25.23,0,280,0
0_72,141.98872758145444,1.2346845876648211,135.5368374646702,6.20225540199317,0.0539326556695058,0.3062302421312779,135.48024193733,6.508485644124448,0.0565955273402125,139.91677272645757,0.0381348522012694,135.48145113078573,4.436530789127573,0.0012091934557447,0.0180169987391032,1.7740722061134877,3784,3669,115,31.904347826086955,0,369,0
0_73,141.06529819732532,0.8201470825425891,137.53475789285298,3.440675613703206,0.0200039279866465,0.1105111252982169,137.5141114583239,3.551186739001423,0.020646434529078,138.02722029038705,0.3548257591012521,137.51543050416467,0.5131088320631534,0.0013190458407793,0.0176632436449899,2.385884213028476,561,389,172,2.261627906976744,0,200,0
0_74,145.47129031457007,0.709616050314976,137.65749211302708,7.51835266361013,0.0366748910420006,0.3337484702933579,137.61918918066658,7.852101133903488,0.0383029323605048,142.06779937259853,0.0384174687324495,137.6203921580035,4.448610191931948,0.0012029773369204,0.0166023948388855,0.3906691938173026,3903,3698,205,18.039024390243902,0,465,0
0_75,146.79909924324602,1.668171582309614,142.0492666046299,4.609283691039309,0.0523782237618103,0.1951447250321507,141.99467082717456,4.80442841607146,0.0545957774553574,145.36052190931514,0.0481645201820129,141.99578608598242,3.36585108214058,0.0011152588078663,0.0163474697037599,0.0585302603431046,3106,3018,88,34.29545454545455,0,289,0
0_76,154.93705204036087,0.3412710397364777,144.2790816675652,10.24295889143832,0.0225615834613178,0.4385390097741037,144.25555413914844,10.681497901212424,0.0235275284167674,147.05579037521966,0.0520920263461635,144.2565460754701,2.800236236071214,0.0009919363216688,0.0173596071919409,1.0880261589773,3277,2823,454,6.21806167400881,0,636,0
0_77,152.5833751631435,0.552838315808491,144.068486599282,8.24228984885849,0.0298633690176032,0.3035619461443275,144.03752336814068,8.545851795002818,0.0309632311413145,147.58803362795152,0.0457921295773973,144.03862498472765,3.550510259810835,0.001101616586972,0.0180990635333042,3.0040228231810038,3499,3223,276,11.67753623188406,0,491,0
0_78,156.81987899169326,0.3760668560951877,146.62950730633787,9.771398193202913,0.0234326095760261,0.4434695779345929,146.60501122055575,10.214867771137506,0.0244960857821043,149.4172075286042,0.0679787113414941,146.60629065472685,2.812196308048442,0.0012794341710866,0.0177522097436188,0.9659665843937546,2615,2198,417,5.270983213429257,0,574,0
0_79,152.17521251155995,0.9167181476599996,146.92422472580662,5.057644901797175,0.0304677403722721,0.2251670523546636,146.8924005574081,5.282811954151839,0.031824168398505,149.27415338344872,0.0865859358372672,146.89378208456938,2.3817528260406107,0.0013815271612764,0.0174762598078989,2.506991630187258,1890,1724,166,10.385542168674698,0,294,0
0_8,14.131241137627512,0.0831249478683971,8.991859304096879,4.976003540214151,0.0292706090600832,0.193788836710155,8.961448760703206,5.169792376924306,0.0304105433936723,11.421343803638592,0.0053596169890373,8.962603099062163,2.4598950429353863,0.001154338358956,0.015940572552876,3.6756423017941415,2301,2131,170,12.53529411764706,0,316,0
0_80,152.8994244961068,0.7350933870005135,148.39406687778515,4.345494740875438,0.0208918016388242,0.1816278900951147,148.37230186513625,4.527122630970553,0.0217650126488968,149.2350326939486,0.2156575616964575,148.37354858598712,0.8627308288123459,0.0012467208508848,0.0176172682796067,0.8858997004572302,900,692,208,3.326923076923077,0,258,0
0_81,152.7584806268569,3.055169612537138,147.77387143298515,4.8486062390729785,0.0969721247814595,0.2377296730410307,147.6721447147429,5.086335912114009,0.1017267182422801,151.96922379476018,0.0453098460926536,147.6734258951484,4.297079080017284,0.0012811804054911,0.0157851366419345,1.545875350246206,3404,3354,50,67.08,0,294,0
0_82,185.31234069122,0.1033532296102733,151.64881338052763,32.14184170472436,0.0179262920829472,1.5404710564762354,151.63002793001942,33.68231276120059,0.0187854505081988,153.1884287612047,0.0951480923982637,151.63099588084626,1.5584008311852813,0.0009679508268231,0.0179162922085974,0.339744699653238,3403,1610,1793,0.8979364194088121,0,1896,0
0_83,158.73109522392042,1.824495347401384,153.08204488677038,5.494822428561747,0.0631588784892154,0.2199145404156297,153.01635825494304,5.714736968977377,0.0656866318273261,157.21520117600448,0.0416684869271148,153.01747112081134,4.198842921061441,0.0011128658682908,0.0174240695162751,0.1581379421986639,3860,3773,87,43.367816091954026,0,339,0
0_84,160.60662111989222,1.5151568030178513,157.06437905873875,3.428817503619939,0.0323473349398107,0.147160196211189,157.0306434200611,3.575977699831128,0.0337356386776521,158.79514782386832,0.1120643245051999,157.0318886595839,1.7645044038072228,0.0012452395227997,0.0170893707172066,0.1676245089620351,1523,1417,106,13.367924528301886,0,206,0
0_85,165.20105747296475,0.6661332962619546,158.66705133114667,6.278538148617372,0.0253166860831345,0.2819214593619108,158.64059786498547,6.560459607979283,0.0264534661612067,160.79818503092974,0.0903868381286845,158.64181067396015,2.1575871659442782,0.0012128089746735,0.0177535179114314,0.1384497859980911,2027,1779,248,7.173387096774194,0,373,0
0_86,164.8394744556863,1.2120549592329874,160.76477181211266,3.931904685450718,0.0289110638636082,0.1729809406679123,160.73458882956766,4.10488562611863,0.0301829825449899,162.36737823765725,0.1228194994233413,160.7358239198915,1.632789408089593,0.0012350903238196,0.0181771780737429,0.0643213163129985,1458,1322,136,9.720588235294118,0,230,0
0_87,169.89256087783724,0.4772262946006664,160.35790788841285,9.17759723123163,0.0257797675034596,0.3839139356277883,160.33104971097782,9.561511166859418,0.0268581774349983,163.47885348182172,0.0703134853685254,160.3324036050728,3.1478037708438933,0.0013538940949866,0.0180160320112795,2.0195214017294347,2681,2325,356,6.530898876404494,0,530,0
0_88,167.3807171622757,1.4812452846219086,162.9741301331525,4.268149893498048,0.0377712379955579,0.1777816626708954,162.93478560610674,4.445931556168944,0.0393445270457428,165.26382502820343,0.089622464765837,162.9360486426697,2.329039422096685,0.0012630365629591,0.018733558708604,0.5277823517099023,1957,1844,113,16.31858407079646,0,245,0
0_89,175.18591801659204,0.5762694671598423,164.82662433550746,9.98176710284315,0.0328347602067208,0.4117156662978232,164.79243524745107,10.393482769140974,0.0341890880563847,169.54772923258133,0.0474923611295746,164.79376726257294,4.755293985130265,0.0013320151218852,0.0185466736316141,0.4542720736935735,3874,3570,304,11.74342105263158,0,564,0
0_9,16.520665641874075,0.1635709469492482,11.363298850834813,4.99037325149402,0.0494096361534061,0.218567207455635,11.31172518292442,5.208940458949655,0.0515736679103926,14.852652109926566,0.0043138693319565,11.312753625250007,3.540926927002147,0.0010284423255887,0.0165149854648268,0.0932872907724231,3544,3443,101,34.08910891089109,0,327,0
0_90,178.07237941212952,0.6475359251350165,168.46608867558734,9.232077694730831,0.033571191617203,0.4092724970541894,168.4310292203445,9.641350191785024,0.0350594552428546,172.64374865731224,0.0533180199682866,168.43233024549488,4.212719436967745,0.0013010251503915,0.0197404754720628,1.099952158285305,3513,3238,275,11.774545454545455,0,506,0
0_91,178.52404694678262,0.8582886872441472,172.43457989715367,5.850854627322406,0.0281291087852038,0.2680301375221461,172.40516218193807,6.118884764844552,0.0294177152155988,174.42708416795358,0.1281609729375118,172.40664779691676,2.021921986015513,0.0014856149787035,0.019696936436678,0.2203146533574909,1569,1361,208,6.543269230769231,0,311,0
0_92,178.9963085472118,1.754865770070704,172.21958704667358,6.538030156167224,0.0640983348643845,0.3057875968515873,172.152490794193,6.843817753018811,0.0670962524805765,177.33412709715776,0.0484651891492642,172.15390692873876,5.181636302964762,0.0014161345457679,0.0162958965691573,2.2568146376870573,3761,3659,102,35.872549019607845,0,371,0
0_93,181.1332502416335,1.040995691043871,175.82787598770156,5.211434872820973,0.029950775131155,0.1246062843129038,175.79720908449963,5.336041157133877,0.0306669032019188,178.3040729726199,0.0737403114030686,175.79824583548728,2.5068638881202787,0.0010367509876427,0.0162596394770896,1.5199482815805825,2592,2418,174,13.89655172413793,0,335,0
0_94,180.38326969346963,2.0042585521496625,177.93047280106435,2.424642722122371,0.0269404746902485,0.0557136859279125,177.90291328541934,2.480356408050284,0.0275595156450031,178.8901694593951,0.1927695791588309,177.9039771390551,0.9872561739757656,0.0010638536357497,0.0165900026008279,0.3873437601141631,1018,928,90,10.311111111111112,0,151,0
0_95,219.43069404177368,0.093494117614731,178.65526990752,39.27531142160296,0.0167342613641256,1.5174935413524508,178.63788907881826,40.792804962955415,0.0173808287017279,179.33925795787945,0.3129829981812905,178.6391131082756,0.7013688790611923,0.0012240294573493,0.0170819923663801,0.2359903696924448,2920,573,2347,0.2441414571793779,0,2388,0
0_96,186.7203793847002,0.5319668928339037,178.72092609159367,7.87851170101203,0.0224459022820855,0.1437971729319542,178.69807051075622,8.022308873943985,0.0228555808374472,180.98319811280817,0.0898625611285045,178.69920513220708,2.2851276020519435,0.0011346214508698,0.0163452457888662,0.6247289520688355,2365,2014,351,5.737891737891738,0,494,0
0_97,209.28443209198304,0.1288697241945708,180.62691462713207,27.587801813380796,0.0169875626929684,1.0873727786820382,180.6092574999202,28.67517459206283,0.0176571272118613,180.8929090849124,0.7235716363396496,180.61039210626015,0.2836515849921852,0.0011346063399687,0.0174824649058316,0.3586245528422296,1874,250,1624,0.1539408866995074,0,1641,0
0_98,182.8127890783362,2.17634272712305,180.81257592003595,1.976325504714623,0.0235276845799359,0.0479866073001176,180.78847696632147,2.0243121120147407,0.0240989537144611,181.4126623373013,0.3564099456528513,180.78970326371044,0.6241853709798306,0.0012262973889584,0.0166681754885108,0.0891043515875935,593,509,84,6.059523809523809,0,123,0
0_99,186.2977797840722,1.8817957553946687,180.87584894488688,5.36450333497487,0.0541869023734835,0.1127533291000872,180.82052311999723,5.477256664074957,0.055325824889646,184.6727816800121,0.0625373456417243,180.82182764372223,3.8522585600148886,0.0013045237250304,0.016414122263233,0.5924232923425734,3052,2953,99,29.828282828282827,0,332,0
