request_id,request_e2e_time,request_e2e_time_normalized,request_execution_time,request_execution_time_normalized,request_model_execution_time,request_model_execution_time_normalized,request_preemption_time,request_scheduling_delay,request_execution_plus_preemption_time,request_execution_plus_preemption_time_normalized,prefill_e2e_time,prefill_time_execution_plus_preemption,prefill_time_execution_plus_preemption_normalized,decode_time_execution_plus_preemption_normalized,request_inter_arrival_delay,request_num_tokens,request_num_prefill_tokens,request_num_decode_tokens,request_pd_ratio,request_num_restarts
0,5.008463597335108,0.092749325876576,5.008463597335108,0.092749325876576,3.0559978913188224,0.0565925535429411,0.0,0.0,5.008463597335108,0.092749325876576,4.061589035562476,4.061589035562476,0.0010767733392265,0.0175347141069005,,3826.0,3772.0,54.0,69.85185185185185,0
1,6.228995768246051,0.0399294600528593,5.0134403000303,0.032137437820707,3.0879983408100795,0.0197948611590389,0.0,1.2155554682157597,5.0134403000303,0.032137437820707,3.4807169281236128,2.265161459907853,0.0011241496078947,0.0176171720520669,2.828480710548229,2171.0,2015.0,156.0,12.916666666666666,0
2,7.525823381567932,0.0565851382072776,6.793564872061328,0.0510794351282806,4.206041116337311,0.0316243692957692,0.0,0.7322585095066092,6.793564872061328,0.0510794351282806,5.1537182292926005,4.421459719785991,0.0011460496940865,0.0178353770847769,2.748458418617004,3991.0,3858.0,133.0,29.00751879699248,0
3,6.672757146757958,0.0844652803387083,4.342086787311659,0.054963123890021,2.6936382327511925,0.0340966864905214,0.0,2.330670359446289,4.342086787311659,0.054963123890021,5.291570663196021,2.960900303749732,0.0011801117193103,0.0174833732096447,2.8056011763226536,2588.0,2509.0,79.0,31.75949367088608,0
4,11.883449301977288,0.0628753931321549,6.938456619815068,0.0367114106868522,4.29012943379989,0.0226990975333327,0.0,4.944992682162187,6.938456619815068,0.0367114106868522,8.502452917052421,3.557460234890234,0.0011225813300379,0.0178888697615072,0.3291697527665693,3358.0,3169.0,189.0,16.767195767195766,0
5,13.244093306474642,0.3080021699180149,4.860754237827218,0.1130407962285399,3.023139455694245,0.0703055687370754,0.0,8.383339068647452,4.860754237827218,0.1130407962285399,12.496915158742798,4.113576090095346,0.0011868367253593,0.0173762359937638,0.1016910584686794,3509.0,3466.0,43.0,80.6046511627907,0
6,18.640168233231933,0.08069336897503,7.86970413420712,0.0340679832649658,4.86331230314396,0.0210533000136102,0.0,10.770464099024844,7.86970413420712,0.0340679832649658,14.500331203804956,3.729867104780112,0.0011005804381174,0.0179213724217618,1.7090123714190018,3620.0,3389.0,231.0,14.670995670995673,0
7,18.713286710166912,0.123929051060708,5.889227716159514,0.0390015080540365,3.67328047888151,0.0243263607872947,0.0,12.82405899400742,5.889227716159514,0.0390015080540365,16.022214869617116,3.198155875609693,0.0012045784842221,0.0178216678182105,1.658777287361847,2806.0,2655.0,151.0,17.582781456953644,0
8,17.9752149601888,0.1057365585893458,5.646825148541638,0.0332166185208331,3.511949151651861,0.0206585244214815,0.0,12.328389811647176,5.646825148541638,0.0332166185208331,14.966244369869523,2.6378545582223474,0.001237848220658,0.0176998270018781,3.67564230182294,2301.0,2131.0,170.0,12.53529411764706,0
9,20.66070581024053,0.2045614436657478,5.805746893022471,0.0574826425051729,3.596555592443475,0.0356094613113215,0.0,14.854958917218088,5.805746893022471,0.0574826425051729,18.874311490539675,4.019352573321587,0.0011673983657628,0.0176870724722856,0.0932872908041293,3544.0,3443.0,101.0,34.08910891089109,0
10,28.992811319984558,0.0672687037586648,11.3671696904241,0.0263739435972716,7.077149886547488,0.016420301360899,0.0,17.625641629560484,11.3671696904241,0.0263739435972716,21.228946664119803,3.60330503455932,0.0011352567846752,0.0180136070901734,1.2312480547566622,3605.0,3174.0,431.0,7.364269141531323,0
11,26.50719619236101,0.2409745108396455,5.378538561469088,0.0488958051042644,3.3652694251616424,0.0305933584105603,0.0,21.12865763089197,5.378538561469088,0.0488958051042644,24.527058902346223,3.3984012714542544,0.001207676358015,0.0180012480910435,0.0828662432915408,2924.0,2814.0,110.0,25.581818181818186,0
12,30.48233657785337,0.1141660545987017,7.254719332399348,0.0271712334546792,4.538832779393999,0.0169993737055955,0.0,23.22761724545397,7.254719332399348,0.0271712334546792,25.694785965483664,2.46716872002969,0.0012849837083487,0.0179309011699239,1.2812042682634832,2187.0,1920.0,267.0,7.191011235955056,0
13,28.712852258008454,0.292988288347025,5.072957238516339,0.0517648697807789,3.167783089393168,0.0323243172387057,0.0,23.639895019492077,5.072957238516339,0.0517648697807789,26.97047517732979,3.330580157837716,0.0012535115385162,0.0177793579661088,2.03685570927507,2755.0,2657.0,98.0,27.112244897959183,0
14,32.50331699540821,0.2443858420707384,5.988012199948921,0.0450226481199167,3.704505595680733,0.027853425531434,0.0,26.515304795459304,5.988012199948921,0.0450226481199167,30.14175875600446,3.626453960545156,0.0011634436832034,0.0177560769879981,0.4551703818704844,3250.0,3117.0,133.0,23.43609022556391,0
15,36.14173980646527,0.1996781204777086,7.448905359474488,0.0411541732567651,4.624923819284837,0.0255520652999162,0.0,28.692834446990844,7.448905359474488,0.0411541732567651,32.89733270660122,4.204498259610375,0.0011437699291649,0.0179249011042212,1.4489243090136164,3857.0,3676.0,181.0,20.30939226519337,0
16,50.384510368205326,0.0627453429242905,17.66808737198778,0.0220025994669835,11.081049090444976,0.0137995630017994,0.0,32.71642299621742,17.66808737198778,0.0220025994669835,35.834472715083166,3.1180497188657483,0.0012034155611214,0.0181195985717586,0.1809097103837977,3394.0,2591.0,803.0,3.2266500622665006,0
17,41.52170407622308,0.3880533091235802,5.813174430865081,0.054328732998739,3.631006877082165,0.0339346437110482,0.0,35.70852964535795,5.813174430865081,0.054328732998739,39.59737653520048,3.888846889842533,0.0012047233239908,0.0179843695422672,0.107737961635518,3335.0,3228.0,107.0,30.16822429906542,0
18,45.3796795815644,0.2549420201211483,6.171271767228489,0.0346700661080252,3.874253289562263,0.0217654679188891,0.0,39.20840781433576,6.171271767228489,0.0346700661080252,42.16184087835573,2.9534330640199755,0.0012724830090564,0.0180777455236442,0.370799061332228,2499.0,2321.0,178.0,13.039325842696629,0
19,51.39040487270141,0.1616050467695013,10.307014595713223,0.0324119955840038,6.496666297466915,0.020429768231028,0.0,41.08339027698814,10.307014595713223,0.0324119955840038,45.580059508225645,4.4966692312375045,0.0012756508457411,0.0182715263033829,1.06023444161195,3843.0,3525.0,318.0,11.08490566037736,0
20,53.15137432749619,0.2812242027909851,8.057179913080384,0.0426305815506898,5.077811828813302,0.0268667292529804,0.0,45.09419441441566,8.057179913080384,0.0426305815506898,49.734828289430816,4.640633875015155,0.0012854941482036,0.018076963164367,0.4858650938099877,3799.0,3610.0,189.0,19.1005291005291,0
21,53.44020649401407,1.9085788033576452,5.191323345339077,0.1854044051906813,3.238857639322789,0.115673487118671,0.0,48.2488831486748,5.191323345339077,0.1854044051906813,52.95834285578123,4.709459707106433,0.0011983358033349,0.0172094156511727,1.4675128821336756,3958.0,3930.0,28.0,140.35714285714286,0
22,55.21495936129615,0.5309130707816938,2.537151888473189,0.0243956912353191,1.5575410671155336,0.0149763564145724,0.0,52.67780747282292,2.537151888473189,0.0243956912353191,53.41456465028796,0.7367571774650372,0.0011902377665024,0.017311487605848,0.2630310261321433,723.0,619.0,104.0,5.951923076923077,0
23,57.87277958030721,0.3832634409291868,6.637521782223543,0.0439570978955201,4.0905336466936495,0.0270896267992956,0.0,51.23525779808391,6.637521782223543,0.0439570978955201,55.18465683455287,3.949399036468961,0.0011248644364764,0.0178021373891016,2.162317957817013,3662.0,3511.0,151.0,23.251655629139076,0
24,61.29841726570824,0.1971010201469718,7.574829546765472,0.0243563651021397,4.717068323080727,0.0151674222607097,0.0,53.72358771894302,7.574829546765472,0.0243563651021397,55.74411405244389,2.020526333500868,0.0012026942461314,0.0178594958625863,1.4436304273108966,1991.0,1680.0,311.0,5.401929260450161,0
25,61.37406049758038,0.3068703024879019,6.419491178492375,0.0320974558924618,4.000865840243823,0.0200043292012191,0.0,54.95456931908816,6.419491178492375,0.0320974558924618,57.79044753949271,2.8358782204045525,0.0012160712780465,0.0179180647904383,0.7715248870152926,2532.0,2332.0,200.0,11.66,0
26,63.3600529768957,0.4196029998469914,6.078315799040992,0.0402537470135165,3.788053258073776,0.0250864454177071,0.0,57.28173717785485,6.078315799040992,0.0402537470135165,60.68620440513877,3.4044672272839165,0.0012765156457757,0.0177076064354763,0.4906902427197828,2818.0,2667.0,151.0,17.662251655629138,0
27,66.7557593212592,0.3532050757738582,6.620905765206498,0.035031247434955,4.107697313171682,0.0217338482178395,0.0,60.13485355605302,6.620905765206498,0.035031247434955,63.399398643368826,3.2645450873158097,0.0011764126440777,0.0177585221052401,0.5333172815273741,2964.0,2775.0,189.0,14.682539682539682,0
28,66.75366551302682,0.8558162245259848,3.462320602696461,0.0443887256755956,2.151668883086912,0.0275854985011142,0.0,63.29134491033045,3.462320602696461,0.0443887256755956,65.37025020503818,2.078905294707724,0.0011927167496888,0.017736093692162,0.0906789965360594,1821.0,1743.0,78.0,22.346153846153847,0
29,76.11326432914338,0.1698956793061236,10.972352569759838,0.0244918584146424,6.824207436562613,0.0152326058851844,0.0,65.14091175938366,10.972352569759838,0.0244918584146424,68.07342794055916,2.932516181175501,0.0011687987968017,0.0179460633673754,0.2113320639700617,2957.0,2509.0,448.0,5.600446428571429,0
30,71.5732993684904,0.4836033741114215,4.323539011027073,0.0292131014258586,2.688602329864641,0.0181662319585448,0.0,67.24976035746337,4.323539011027073,0.0292131014258586,68.93424075913371,1.684480401670342,0.0012014838813625,0.0178314770902478,0.8062593548285264,1550.0,1402.0,148.0,9.472972972972974,0
31,74.54347891338762,0.6655667760123894,6.084411956897559,0.0543251067580139,3.807661289328388,0.0339969757975748,0.0,68.45906695648998,6.084411956897559,0.0543251067580139,72.52765972054783,4.068592764057854,0.0012604066803153,0.0179983856503552,0.457270866070381,3340.0,3228.0,112.0,28.821428571428573,0
32,81.17945641725197,0.2218017934897594,10.157283736301878,0.027752141356016,6.340179501356521,0.0173228948124495,0.0,71.02217268095036,10.157283736301878,0.027752141356016,74.59172398711526,3.5695513061648967,0.0012141330973349,0.0179992689347997,1.4873021853707158,3306.0,2940.0,366.0,8.032786885245901,0
33,79.33131833881399,0.5666522738486713,5.590577197149538,0.0399326942653538,3.496236820453863,0.024973120146099,0.0,73.74074114166442,5.590577197149538,0.0399326942653538,76.80425727939115,3.063516137726751,0.0012013788775399,0.0180504361387344,0.8335183851954397,2690.0,2550.0,140.0,18.214285714285715,0
34,82.7112404432915,0.48653670848995,6.204985695159371,0.0364999158538786,3.880943470697057,0.0228290792393944,0.0,76.5062547481323,6.204985695159371,0.0364999158538786,79.68703797908734,3.1807832309550435,0.0012872453383063,0.0177894262600244,0.2799175932917848,2641.0,2471.0,170.0,14.53529411764706,0
35,84.80473182442677,0.5730049447596404,5.678420312604997,0.0383677048148986,3.530032442317177,0.0238515705561971,0.0,79.12631151182202,5.678420312604997,0.0383677048148986,82.18607775174138,3.0597662399193557,0.0012036845947755,0.0176936085992255,0.5424568661852618,2690.0,2542.0,148.0,17.175675675675677,0
36,89.19034241009075,0.3844411310779774,7.776331464973675,0.0335186701076451,4.830743064201683,0.0208221683801796,0.0,81.41401094511738,7.776331464973675,0.0335186701076451,85.04039793710294,3.626386991985541,0.0011671667177294,0.0178876916939129,0.7547726319888426,3339.0,3107.0,232.0,13.392241379310343,0
37,124.73276645732744,0.0585325042033446,40.11430436035467,0.0188241691038736,25.17017238212624,0.0118114370634097,0.0,84.61846209697237,40.11430436035467,0.0188241691038736,86.0791078996395,1.4606458026671305,0.0011962701086544,0.018138741697648,0.404509836985639,3352.0,1221.0,2131.0,0.5729704364148287,0
38,91.38517177053885,0.7139466544573346,5.702716843672269,0.0445524753411896,3.5610849100834603,0.027820975860027,0.0,85.6824549268666,5.702716843672269,0.0445524753411896,89.1058339102695,3.4233789834028983,0.001272158670904,0.0178073270333541,0.3787190834191918,2819.0,2691.0,128.0,21.0234375,0
39,96.31015123991074,0.4990163276679313,8.238334602809038,0.0426856715171452,5.157627468056655,0.0267234583837132,0.0,88.07181663710179,8.238334602809038,0.0426856715171452,92.81217675132476,4.740360114222952,0.0012383385878325,0.0181242201481138,1.0340172731676986,4021.0,3828.0,193.0,19.83419689119171,0
40,101.78822437056196,0.3571516644581121,9.343451042637223,0.0327840387460955,5.884411452739834,0.0206470577289117,0.0,92.44477332792508,9.343451042637223,0.0327840387460955,96.59287405105192,4.148100723126845,0.0012918407733188,0.0182292993667018,0.3493496575632946,3496.0,3211.0,285.0,11.266666666666667,0
41,101.96722800775146,0.3289265419604886,6.961498360417594,0.0224564463239277,4.387486478091603,0.0141531821873922,0.0,95.00572964733416,6.961498360417594,0.0224564463239277,96.30206465529824,1.2963350079640747,0.0012976326406046,0.0182747204917845,1.569061676508099,1309.0,999.0,310.0,3.2225806451612904,0
42,102.32183057975448,0.4245719111193132,7.674250000808459,0.0318433609992052,4.843512523919786,0.0200975623399161,0.0,94.64758057894616,7.674250000808459,0.0318433609992052,97.92990843502984,3.282327856083697,0.00142276890164,0.0182237433391064,1.6363105720540077,2548.0,2307.0,241.0,9.572614107883815,0
43,101.2087668826312,0.8577014142595866,4.57290142327495,0.0387534018921605,2.883917248520373,0.024439976682376,0.0,96.63586545935613,4.57290142327495,0.0387534018921605,99.07371592406182,2.43785046470569,0.0014467955280152,0.018093652191266,1.27539167995905,1803.0,1685.0,118.0,14.279661016949152,0
44,105.48651925178332,0.7643950670419082,6.516909199551389,0.0472239797068941,4.091527924603803,0.0296487530768391,0.0,98.969610052232,6.516909199551389,0.0472239797068941,102.99950885748106,4.029898805249047,0.0013041743706307,0.0180218144514657,0.0859157035063944,3228.0,3090.0,138.0,22.39130434782609,0
45,107.81400716609052,0.6196207308396008,6.166837168466343,0.0354415929222203,3.8698186908001095,0.0222403373034489,0.0,101.64716999762416,6.166837168466343,0.0354415929222203,104.6744062314769,3.027236233852733,0.0012892828934636,0.0180436835322622,1.3341970608503004,2522.0,2348.0,174.0,13.494252873563218,0
46,109.2594513908972,1.1263860968133732,6.196484788172251,0.0638812864760025,3.8927103738069966,0.0401310347815154,0.0,103.0629666027246,6.196484788172251,0.0638812864760025,107.51205216029392,4.449085557569333,0.00127407948384,0.0180144250577656,1.5933388092531473,3589.0,3492.0,97.0,36.0,0
47,112.99619496451146,0.8692014997270112,6.822452553134559,0.0524804042548812,4.288976291002697,0.0329921253154053,0.0,106.17374241137615,6.822452553134559,0.0524804042548812,110.63875347886156,4.465011067485392,0.0012479069501077,0.01813416527423,1.3200466487734417,3708.0,3578.0,130.0,27.523076923076925,0
48,116.70239571263856,0.6745803220383731,6.411436823984571,0.0370603284623385,4.013079295833061,0.023196990149324,0.0,110.29095888865425,6.411436823984571,0.0370603284623385,113.62840855726188,3.3374496686076327,0.0012821550782203,0.01776871188079,0.3294695532193259,2776.0,2603.0,173.0,15.046242774566474,0
49,121.72610938548829,0.4610837476723041,8.493432417206352,0.032172092489418,5.291118421871671,0.0200421152343623,0.0,113.23267696828285,8.493432417206352,0.032172092489418,116.9857931629988,3.7531161947159433,0.0011805964752173,0.0179557432670056,0.3775719894541467,3443.0,3179.0,264.0,12.041666666666666,0
50,122.30060389140505,0.8319768972204425,5.527216938697664,0.0376001152292358,3.4531443720990445,0.0234907780414901,0.0,116.77338695270768,5.527216938697664,0.0376001152292358,119.6617700408926,2.8883830881849235,0.0012075180134552,0.0179512506837581,0.1949834203548164,2539.0,2392.0,147.0,16.272108843537413,0
51,125.41479671318788,0.8039410045717171,6.18819899382652,0.0396679422681187,3.850644895966184,0.0246836211279883,0.0,119.22659771936118,6.18819899382652,0.0396679422681187,122.64660815248617,3.420010433124986,0.0012227423786646,0.0177447984660365,0.4168982502252589,2953.0,2797.0,156.0,17.92948717948718,0
52,127.14871129561035,2.594871659094089,4.544348181284599,0.092741799618053,2.8148283863359125,0.0574454772721614,0.0,122.60436311432528,4.544348181284599,0.092741799618053,126.2940168628866,3.689653748561312,0.0011716906156117,0.0174427435249747,0.0248703016585736,3198.0,3149.0,49.0,64.26530612244898,0
53,130.14215390097013,2.5027337288648104,4.062449705802852,0.078124032803901,2.488316454931591,0.0478522395179152,0.0,126.0797041951671,4.062449705802852,0.078124032803901,129.23886663208384,3.159162436916745,0.0011100359932947,0.017370909017044,0.1968898777831924,2898.0,2846.0,52.0,54.73076923076923,0
54,134.17922901408784,1.024268923771663,6.504893627556962,0.0496556765462363,4.005197048920199,0.0305740232741999,0.0,127.67433538653096,6.504893627556962,0.0496556765462363,131.8442297670925,4.169894380561516,0.0011034385764915,0.0178244217327889,1.5471256994672444,3910.0,3779.0,131.0,28.84732824427481,0
55,134.05289765843025,0.7285483568392949,6.927110478941956,0.0376473395594671,4.299051103023841,0.0233644081686078,0.0,127.12578717948831,6.927110478941956,0.0376473395594671,130.7795817421981,3.653794562709805,0.0011591987825855,0.0177897604143051,4.700889730805692,3336.0,3152.0,184.0,17.130434782608695,0
56,183.47109156733455,0.0620253859254004,53.37191860611814,0.018043244964881,33.35407816692687,0.0112758884945662,0.0,130.09917296121637,53.37191860611814,0.018043244964881,130.20515031665846,0.1059773554420928,0.0013944388873959,0.0180074175965774,0.6629859910454527,3034.0,76.0,2958.0,0.0256930358350236,0
57,135.56332608392609,1.1391876141506394,5.710107906340649,0.0479841000532827,3.54820816265478,0.0298168753164267,0.0,129.85321817758535,5.710107906340649,0.0479841000532827,133.4639079652481,3.6106897876627215,0.0012758621157818,0.0176421690645209,0.3341643548245017,2949.0,2830.0,119.0,23.781512605042018,0
58,142.20670559610215,0.470883131112921,9.22856158197036,0.0305581509336766,5.756010118674968,0.0190596361545528,0.0,132.978144014132,9.22856158197036,0.0305581509336766,136.76458865283308,3.786444638701085,0.0012361882594518,0.0180202547790365,0.4679485340085136,3365.0,3063.0,302.0,10.142384105960264,0
59,147.75313420111613,0.3078190295856586,11.431499116203424,0.0238156231587571,7.161747122423856,0.0149203065050497,0.0,136.3216350849124,11.431499116203424,0.0238156231587571,139.06259875301944,2.7409636681070424,0.0012826222124974,0.0181052821835347,0.4251084975704842,2617.0,2137.0,480.0,4.452083333333333,0
60,144.14595570823704,0.8190111119786195,5.254008888267804,0.0298523232287943,3.30154318225151,0.0187587680809744,0.0,138.89194681996906,5.254008888267804,0.0298523232287943,140.9656170072069,2.0736701872378376,0.0014135447765765,0.018070106255853,0.1525101214395334,1643.0,1467.0,176.0,8.335227272727273,0
61,144.17307173989644,1.100557799541194,4.500306273212258,0.0343534830016202,2.8248339718557207,0.0215636181057688,0.0,139.67276546668404,4.500306273212258,0.0343534830016202,141.81344812961402,2.140682662929976,0.0014444552381443,0.0180123939716215,1.2745001586724882,1613.0,1482.0,131.0,11.312977099236642,0
62,147.36454190753267,0.691852309425036,7.187897545122179,0.0337459978644233,4.505790675611899,0.0211539468338586,0.0,140.17664436241054,7.187897545122179,0.0337459978644233,143.52946091252863,3.352816550118092,0.001399923402972,0.0180050750939156,1.618645710020516,2608.0,2395.0,213.0,11.244131455399062,0
63,148.4206383438917,1.514496309631548,6.683331984735556,0.0681972651503628,4.183635406098788,0.0426901572050896,0.0,141.7373063591563,6.683331984735556,0.0681972651503628,146.67156005973288,4.934253700576591,0.0012998560855048,0.0178477375934574,1.7738930948738911,3894.0,3796.0,98.0,38.734693877551024,0
64,145.4532448271483,0.6435984284387093,5.046611919070656,0.0223301412348259,3.14143776994749,0.0139001671236614,0.0,140.40663290807777,5.046611919070656,0.0223301412348259,141.43181848745093,1.025185579373158,0.0012977032650293,0.017793921857068,6.246920936187969,1016.0,790.0,226.0,3.495575221238938,0
65,143.45913246089583,1.4638686985805698,4.523751279483596,0.0461607273416693,2.8144992946319647,0.028719380557469,0.0,138.93538118141237,4.523751279483596,0.0461607273416693,141.7201111860134,2.784730004601073,0.0013079990627529,0.0177451150498203,2.4784238056197267,2227.0,2129.0,98.0,21.72448979591837,0
66,145.90834380235685,1.3027530696639005,6.141316269658256,0.0548331809790915,3.830785918593987,0.034203445701732,0.0,139.76702753269865,6.141316269658256,0.0548331809790915,143.90474992453915,4.1377223918404695,0.0012615007292196,0.0178892310519438,1.9351362829359855,3392.0,3280.0,112.0,29.285714285714285,0
67,150.21911541040407,0.8486955672904185,7.560140633092248,0.042712658944024,4.73615909290261,0.0267579609768509,0.0,142.6589747773114,7.560140633092248,0.042712658944024,147.01638832875352,4.357413551442136,0.00124319930141,0.0180945032861613,1.2276370376195302,3682.0,3505.0,177.0,19.80225988700565,0
68,150.4750870324881,0.8598576401856463,4.173847386331375,0.0238505564933221,2.619981945557163,0.0149713254031837,0.0,146.3012396461565,4.173847386331375,0.0238505564933221,147.3096164857758,1.008376839619331,0.0013044978520301,0.0180884031240701,0.6970872928950484,948.0,773.0,175.0,4.417142857142857,0
69,151.95235182137512,2.110449330852432,4.713062934696269,0.065459207426337,2.956519392951501,0.0410627693465486,0.0,147.2392888866788,4.713062934696269,0.065459207426337,150.67614503194056,3.436856145261771,0.0013632908152565,0.0177250942977021,0.0522983014962932,2593.0,2521.0,72.0,35.013888888888886,0
70,155.58540730968292,0.7040063679171172,6.0526831514706485,0.0273877065677404,3.782688420600489,0.0171162371972872,0.0,149.53272415821235,6.0526831514706485,0.0273877065677404,151.6125709351524,2.079846776940059,0.0012597497134706,0.0179766351788709,1.1254150433178864,1872.0,1651.0,221.0,7.470588235294118,0
71,155.92131126664748,1.5592131126664748,5.057689956692847,0.0505768995669284,3.166027680967716,0.0316602768096771,0.0,150.8636213099548,5.057689956692847,0.0505768995669284,154.12441389970263,3.2607925897478367,0.0012924267101656,0.0179689736694484,0.7310389264622899,2623.0,2523.0,100.0,25.23,0
72,159.02902529162586,1.3828610894923987,6.696938881308113,0.0582342511418096,4.203998239370352,0.0365565064293074,0.0,152.33208641031783,6.696938881308113,0.0582342511418096,156.9468601619638,4.61477375164597,0.0012577742577394,0.0181057837361918,1.774072206011283,3784.0,3669.0,115.0,31.904347826086955,0
73,158.1713777077936,0.9196010331848464,3.628707637968928,0.0210971374300519,2.277520298165257,0.0132413970823561,0.0,154.54267006982457,3.628707637968928,0.0210971374300519,155.0681491282017,0.5254790583771296,0.0013508459084244,0.0180420266255343,2.385884213124996,561.0,389.0,172.0,2.261627906976744,0
74,163.04262969885974,0.7953299009700475,8.383309410531682,0.040894192246496,5.241798845488159,0.0255697504657958,0.0,154.65932028832822,8.383309410531682,0.040894192246496,159.35718429559347,4.697864007265224,0.0012703796666482,0.0179777824549575,0.3906691937614965,3903.0,3698.0,205.0,18.039024390243902,0
75,164.47716010578546,1.869058637565744,5.196084015459738,0.0590464092665879,3.2436183094434528,0.0368592989709483,0.0,159.281076090326,5.196084015459738,0.0590464092665879,162.92992948446533,3.6488533941393655,0.001209030283015,0.0175821661513647,0.058530260239678,3106.0,3018.0,88.0,34.29545454545455,0
76,173.25849065842797,0.381626631406229,11.434890881204486,0.0251869843198336,7.138115140628821,0.0157227205740722,0.0,161.8235997772239,11.434890881204486,0.0251869843198336,165.02786537148705,3.2042655942631484,0.0011350568878013,0.0181291305879755,1.0880261589679634,3277.0,2823.0,454.0,6.21806167400881,0
77,170.9295078258894,0.6193098109633673,8.92304001419217,0.0323298551238846,5.605875094974163,0.0203111416484571,0.0,162.00646781169763,8.92304001419217,0.0323298551238846,165.88772689057862,3.881259078880987,0.0012042380015144,0.0182673222293868,3.004022823287116,3499.0,3223.0,276.0,11.67753623188406,0
78,175.32942978902386,0.4204542680791939,10.425891324283034,0.0250021374683046,6.547983659046528,0.0157025987027494,0.0,164.90353846474142,10.425891324283034,0.0250021374683046,167.78813249928567,2.88459403454425,0.0013123721722221,0.0180846457787486,0.965966584245237,2615.0,2198.0,417.0,5.270983213429257,0
79,170.59743343796805,1.027695382156434,5.3348268743832845,0.0321375112914655,3.3485814848718984,0.0201721776197102,0.0,165.26260656358585,5.3348268743832845,0.0321375112914655,167.6356450070166,2.3730384434307723,0.001376472414983,0.0178420989816352,2.506991630405153,1890.0,1724.0,166.0,10.385542168674698,0
80,171.35419237327275,0.8238182325638113,4.622354634752388,0.0222228588209249,2.8860789031046767,0.0138753793418494,0.0,166.73183773852114,4.622354634752388,0.0222228588209249,167.62293230715753,0.8910945686363902,0.0012877089142144,0.0179387503178616,0.8858997003998041,900.0,692.0,208.0,3.326923076923077,0
81,171.36764059124238,3.427352811824848,5.290583634253996,0.1058116726850799,3.3043382447426057,0.0660867648948521,0.0,166.0770569569882,5.290583634253996,0.1058116726850799,170.49556819763444,4.41851124064624,0.001317385581588,0.0174414478721587,1.545875350169311,3404.0,3354.0,50.0,67.08,0
82,204.5413859592245,0.1140777389621999,34.40305738365281,0.0191874274309273,21.58704546561489,0.012039623795658,0.0,170.13832857557077,34.40305738365281,0.0191874274309273,171.96728837441674,1.828959798845972,0.0011359998750596,0.018167371770668,0.3397446996279996,3403.0,1610.0,1793.0,0.8979364194088121,0
83,177.84139664935051,2.0441539844752934,6.049412206836375,0.0695334736417974,3.765905602568174,0.043286271293887,0.0,171.79198444251423,6.049412206836375,0.0695334736417974,176.28595271435225,4.493968271838014,0.0011910862103996,0.0178786659195203,0.1581379421631794,3860.0,3773.0,87.0,43.367816091954026,0
84,179.80936636822372,1.6963147770587144,3.709232021439428,0.0349927549192398,2.3107531247426385,0.0217995577805909,0.0,176.10013434678393,3.709232021439428,0.0349927549192398,177.93987324812258,1.8397389013386487,0.0012983337341839,0.0176367275481239,0.1676245091062185,1523.0,1417.0,106.0,13.367924528301886,0
85,184.48012644103545,0.7438714775848204,6.696482548625639,0.0270019457605872,4.176518159891798,0.0168407990318217,0.0,177.78364389240917,6.696482548625639,0.0270019457605872,180.0274353114794,2.2437914190702486,0.0012612655531592,0.0179543997159518,0.1384497859706925,2027.0,1779.0,248.0,7.173387096774194,0
86,184.107529378708,1.3537318336669704,4.162257672738736,0.0306048358289612,2.6016362952655085,0.0191296786416581,0.0,179.9452717059689,4.162257672738736,0.0306048358289612,181.6600438434578,1.7147721374888647,0.0012971044912926,0.0179962171709571,0.0643213163688614,1458.0,1322.0,136.0,9.720588235294118,0
87,189.26692994489343,0.5316486796204871,9.644385633643513,0.0270909708810211,6.063739183163811,0.0170329752336062,0.0,179.6225443112496,9.644385633643513,0.0270909708810211,182.79286234959463,3.1703180383450444,0.001363577650901,0.0181855831328617,2.019521401758226,2681.0,2325.0,356.0,6.530898876404494,0
88,186.68224526983187,1.6520552678746183,4.43527281844054,0.0392502019331021,2.786824263880078,0.0246621616272573,0.0,182.2469724513913,4.43527281844054,0.0392502019331021,184.6302770879023,2.383304636511013,0.0012924645534224,0.0181590104595536,0.5277823514904725,1957.0,1844.0,113.0,16.31858407079646,0
89,194.5504698715409,0.6399686508932267,10.374464857362172,0.0341265291360597,6.564116559115837,0.021592488681302,0.0,184.17600501417863,10.374464857362172,0.0341265291360597,188.9575776477613,4.781572633582641,0.0013393760878382,0.0183976717887488,0.4542720737236436,3874.0,3570.0,304.0,11.74342105263158,0
90,197.18658733410285,0.717042135760374,9.347159854326064,0.0339896721975493,5.928655884622795,0.0215587486713556,0.0,187.83942747977648,9.347159854326064,0.0339896721975493,192.10484132503427,4.265413845257797,0.0013172989021796,0.018479076396613,1.0999521583427594,3513.0,3238.0,275.0,11.774545454545455,0
91,197.60905110900643,0.9500435149471465,5.743214133424968,0.0276116064106969,3.648873756729293,0.0175426622919677,0.0,191.86583697558197,5.743214133424968,0.0276116064106969,193.77780982923105,1.911972853649104,0.0014048294295731,0.0184194292296893,0.220314653491954,1569.0,1361.0,208.0,6.543269230769231,0
92,198.3332244589733,1.944443377048758,6.81222926721491,0.0667865614432834,4.3057767518791135,0.0422134975674422,0.0,191.5209951917585,6.81222926721491,0.0667865614432834,196.50543994264265,4.984444750884165,0.0013622423478776,0.0179194560424575,2.2568146374725444,3761.0,3659.0,102.0,35.872549019607845,0
93,200.8993914045081,1.1545942034741845,5.932340340713455,0.0340939100041003,3.675857483241337,0.0211256177197778,0.0,194.9670510637937,5.932340340713455,0.0340939100041003,197.82988422913076,2.8628331653370083,0.0011839673967481,0.0176408458355019,1.519948281694667,2592.0,2418.0,174.0,13.89655172413793,0
94,200.12117619207783,2.223568624356421,2.696047142126688,0.0299560793569632,1.6691447638759065,0.0185460529319545,0.0,197.4251290499502,2.696047142126688,0.0299560793569632,198.53935633827635,1.1142272883261626,0.001200675957248,0.01757577615335,0.3873437600008174,1018.0,928.0,90.0,10.311111111111112,0
95,241.60850828498863,0.1029435484810347,43.32290901280086,0.0184588449138478,27.189732175545096,0.0115848880168492,0.0,198.28559927218825,43.32290901280086,0.0184588449138478,199.0299139208124,0.7443146486241403,0.0012989784443702,0.0181417104235945,0.2359903698499437,2920.0,573.0,2347.0,0.2441414571793779,0
96,207.218926572244,0.5903673121716352,8.831492969601731,0.0251609486313439,5.500816176985721,0.0156718409600732,0.0,198.3874336026413,8.831492969601731,0.0251609486313439,200.9185908582947,2.531157255653397,0.0012567811597087,0.0179496743987158,0.6247289520806305,2365.0,2014.0,351.0,5.737891737891738,0
97,230.4111656985008,0.1418787966123773,29.86889790640884,0.0183921785137985,18.775649846620663,0.011561360742993,0.0,200.54226779209307,29.86889790640884,0.0183921785137985,200.87716496332425,0.3348971712311481,0.0013395886849245,0.0181859610438279,0.3586245527138487,1874.0,250.0,1624.0,0.1539408866995074,0
98,202.9620918731871,2.4162153794427037,2.191690131140039,0.0260915491802385,1.3607099171607866,0.0161989275852474,0.0,200.77040174204652,2.191690131140039,0.0260915491802385,201.4780087317793,0.707606989732767,0.0013901905495732,0.0176676564453307,0.0891043516380563,593.0,509.0,84.0,6.059523809523809,0
99,206.88095892558172,2.089706655813957,6.013074783111293,0.0607381291223362,3.763347862338189,0.0380136147710928,0.0,200.8678841424706,6.013074783111293,0.0607381291223362,205.099006728963,4.231122586492404,0.0014328217360285,0.0179995171375632,0.5924232922966013,3052.0,2953.0,99.0,29.828282828282827,0
100,212.88875680845825,0.6801557725509848,10.45734640698371,0.0334100524184783,6.579438741747192,0.0210205710598951,0.0,202.4314104014753,10.45734640698371,0.0334100524184783,207.1519702091728,4.720559807697441,0.0013487313736278,0.0183283916910079,2.6492688996483764,3813.0,3500.0,313.0,11.182108626198085,0
101,211.62824289501245,1.627909560730865,5.681213904618305,0.0437016454201408,3.593629464621644,0.0276433035740126,0.0,205.94702899039396,5.681213904618305,0.0437016454201408,209.22701935227445,3.2799903618804933,0.0014107485427442,0.018470950328754,1.186882279247456,2455.0,2325.0,130.0,17.884615384615383,0
102,216.6722074557568,0.6467827088231546,11.090086934191246,0.0331047371169887,7.023013041382238,0.0209642180339768,0.0,205.5821205215652,11.090086934191246,0.0331047371169887,210.49550381967,4.9133832981048045,0.0014114861528597,0.0184379213017516,3.6263661477790095,3816.0,3481.0,335.0,10.391044776119402,0
103,213.09609261119255,1.8858061293025887,5.026318967572155,0.0444806988280721,3.188704185439177,0.0282186211100812,0.0,208.06977364362092,5.026318967572155,0.0444806988280721,211.00341613557808,2.93364249195713,0.0014199624840063,0.0185192608461459,2.4075674413331,2179.0,2066.0,113.0,18.283185840707965,0
104,214.51158615664417,1.1057298255497123,4.841880591056805,0.0249581473765814,3.0718251759140154,0.0158341503913093,0.0,209.66970556558664,4.841880591056805,0.0249581473765814,210.9581996422592,1.2884940766725776,0.0015809743272056,0.0183164253318812,1.31516717510776,1009.0,815.0,194.0,4.201030927835052,0
105,213.05947565582267,4.842260810359606,4.297188484441745,0.0976633746464032,2.716299296871452,0.0617340749288966,0.0,208.7622871713799,4.297188484441745,0.0976633746464032,212.27971043690215,3.517423265522268,0.0015161307178975,0.0177219367936474,2.1771769354115804,2364.0,2320.0,44.0,52.72727272727273,0
106,216.90341625062055,1.9026615460580756,5.497252673213429,0.0482215146773107,3.443447916711854,0.0302056834799285,0.0,211.40616357740825,5.497252673213429,0.0482215146773107,214.8558161342943,3.4496525568860648,0.0013211997536905,0.017961404529178,0.8552125689022176,2725.0,2611.0,114.0,22.903508771929825,0
107,220.28460514655063,1.251617074696311,6.703266238688651,0.0380867399925491,4.203569660051872,0.0238839185230219,0.0,213.5813389078626,6.703266238688651,0.0380867399925491,217.10458214417451,3.523243236311941,0.0012793185317036,0.0180683125135006,1.2562932423540758,2930.0,2754.0,176.0,15.647727272727272,0
108,223.53414786701688,1.0594035443934449,6.894972591858984,0.0326775952220805,4.3344725829310535,0.0205425240897206,0.0,216.63917527515767,6.894972591858984,0.0326775952220805,219.70918169665148,3.070006421493815,0.0012997486966527,0.0181278017552861,0.4473163366528752,2573.0,2362.0,211.0,11.19431279620853,0
109,227.96570814070185,0.8570139403785783,8.53266477882662,0.0320776871384459,5.343862656889974,0.0200897092364284,0.0,219.4330433618761,8.53266477882662,0.0320776871384459,223.2028710975686,3.769827735692502,0.001309877601005,0.0179054024177941,0.2577107432300067,3144.0,2878.0,266.0,10.819548872180452,0
110,224.5626635388203,2.581180040676095,3.901708670301458,0.044847226095419,2.4356704066144856,0.0279962115702814,0.0,220.66095486851933,3.901708670301458,0.044847226095419,223.0152100340763,2.3542551655569355,0.0012300183728092,0.0177868218936091,2.523432216380158,2001.0,1914.0,87.0,22.0,0
111,228.3496867906261,1.532548233494135,5.517570526439196,0.0370306746740885,3.423230149743515,0.0229746989915672,0.0,222.83211626418864,5.517570526439196,0.0370306746740885,225.72626195166023,2.894145687471621,0.0012284149777044,0.0176068781138646,0.1650623082003051,2505.0,2356.0,149.0,15.812080536912752,0
112,253.7991255768883,0.1614498254305905,28.311284104136885,0.0180097227125552,17.684195676581087,0.0112494883438811,0.0,225.4878414727546,28.311284104136885,0.0180097227125552,225.52278063005224,0.0349391572976287,0.0031762870270571,0.0179874967855191,0.2210576411888212,1583.0,11.0,1572.0,0.0069974554707379,0
113,232.10450044724664,1.6819166699075845,6.964286416277001,0.0504658435962101,4.322715166960828,0.0313240229489915,0.0,225.14021403097064,6.964286416277001,0.0504658435962101,229.6493334076111,4.509119376640456,0.0012357137233873,0.0177910655046055,0.3649902795008017,3787.0,3649.0,138.0,26.44202898550725,0
114,235.0360099876901,1.3507816665959202,6.542827285599095,0.0376024556643626,4.070154453758398,0.0233916922629792,0.0,228.49318270209125,6.542827285599095,0.0376024556643626,231.9428143822214,3.449631680130153,0.001261291290724,0.017776986238326,1.13823456491032,2909.0,2735.0,174.0,15.718390804597702,0
115,242.0372350427084,0.6066096116358607,10.59912515165172,0.0265642234377236,6.619878435929929,0.016591174024887,0.0,231.43810989105737,10.59912515165172,0.0265642234377236,234.85169240234157,3.413582511284176,0.0012699339699717,0.0180088787979119,0.4868695012005588,3087.0,2688.0,399.0,6.7368421052631575,0
116,236.81224762870625,3.3830321089815176,2.7836153776580224,0.0397659339665431,1.7296892526111651,0.0247098464658737,0.0,234.02863225104767,2.7836153776580224,0.0397659339665431,235.57456265884943,1.5459304078017908,0.0012936656132232,0.0176812138550969,0.8052740415469941,1265.0,1195.0,70.0,17.071428571428573,0
117,244.27599740583292,0.6514026597488879,11.260229047140852,0.0300272774590422,7.091816103846571,0.0189115096102575,0.0,233.01576835869463,11.260229047140852,0.0300272774590422,237.407346211826,4.391577853131366,0.0013191883007303,0.0183164031840184,2.540916354029079,3704.0,3329.0,375.0,8.877333333333333,0
118,242.8444167096792,1.8972220055443685,7.269230758537623,0.0567908653010751,4.593879825726379,0.0358896861384873,0.0,235.57518595114297,7.269230758537623,0.0567908653010751,240.49854869263356,4.923362741490564,0.0013382339607204,0.018327093883169,1.813788512981489,3807.0,3679.0,128.0,28.7421875,0
119,244.38396657287612,2.68553809420743,5.281950081016244,0.0580434074836949,3.315972501601923,0.0364392582593617,0.0,239.10201649186024,5.281950081016244,0.0580434074836949,242.77051369001836,3.668497198158093,0.0013258031073936,0.0177302514599759,1.3779376357502144,2858.0,2767.0,91.0,30.406593406593405,0
120,248.57304270054453,1.8012539326126416,6.021609108096216,0.0436348486093928,3.73134656712902,0.0270387432400653,0.0,242.5514335924489,6.021609108096216,0.0436348486093928,246.12804433509103,3.576610742642174,0.0011977932828674,0.0177173794598079,0.201117565245454,3124.0,2986.0,138.0,21.63768115942029,0
121,251.45886760655267,1.9342989815888667,6.7476068256370345,0.0519046678895156,4.1803508800100735,0.0321565452308467,0.0,244.71126078091623,6.7476068256370345,0.0519046678895156,249.1408516241764,4.429590843260144,0.0011484549762147,0.0178308921721251,1.3993187490505363,3987.0,3857.0,130.0,29.66923076923077,0
122,254.69586371862383,1.8192561694187417,6.107139178089084,0.0436224227006363,3.7898528903258017,0.0270703777880414,0.0,248.58872454053525,6.107139178089084,0.0436224227006363,252.20775153481603,3.619026994280773,0.0011584593451602,0.0177722298843414,0.5346803901175008,3264.0,3124.0,140.0,22.314285714285717,0
123,256.72771351338287,2.005685261823304,4.682992213351534,0.0365858766668088,2.9061808615097147,0.0227045379805446,0.0,252.04472130003137,4.682992213351534,0.0365858766668088,254.4785282444778,2.4338069444464168,0.0011989196770672,0.0175717599133209,0.1456042316397372,2158.0,2030.0,128.0,15.859375,0
124,259.60967225012064,2.403793261575191,5.619119165244556,0.0520288811596718,3.470731294956735,0.032136400879229,0.0,253.9905530848768,5.619119165244556,0.0520288811596718,257.6974510425647,3.706897957687943,0.0011508531380589,0.0177057519218137,0.4699126094788255,3329.0,3221.0,108.0,29.824074074074076,0
125,263.4261203098922,1.505292116056527,5.8291197413340194,0.0333092556647658,3.6131725040560103,0.0206467000231772,0.0,257.5970005685583,5.8291197413340194,0.0333092556647658,260.319026571976,2.7220260034177386,0.0011597895199905,0.0177548213595212,0.0830087484603723,2522.0,2347.0,175.0,13.411428571428573,0
126,268.26959771809965,0.9187314990345878,9.044504748688086,0.0309743313311235,5.639512652382847,0.0193133994944618,0.0,259.225092969411,9.044504748688086,0.0309743313311235,263.0109154480815,3.785822478670525,0.0011801192265182,0.0180091858562265,1.076570764848185,3500.0,3208.0,292.0,10.986301369863014,0
127,268.0214626977845,1.9707460492484157,6.171138294644522,0.0453760168723861,3.860607943580265,0.0283868231145607,0.0,261.8503244031399,6.171138294644522,0.0453760168723861,265.57829014540147,3.727965742261574,0.0012029576451311,0.0179645040616399,1.1431493193955475,3235.0,3099.0,136.0,22.78676470588235,0
128,270.3936875675025,1.3254592527818752,5.179908089469226,0.0253917063209275,3.227442383452937,0.0158207959973183,0.0,265.21377947803364,5.179908089469226,0.0253917063209275,266.7802129759923,1.5664334979587125,0.0013218848084039,0.0177131107426971,0.3462354227117714,1389.0,1185.0,204.0,5.8088235294117645,0
129,275.0801713983002,1.1091942395092749,8.372206276202137,0.0337588962750086,5.217183837760609,0.0210370316038734,0.0,266.7079651220995,8.372206276202137,0.0337588962750086,270.61852319306445,3.910558070964953,0.0012010313485764,0.0179905169565959,0.0539310788542479,3504.0,3256.0,248.0,13.129032258064516,0
130,273.8007370722012,2.793885072165318,6.410609071731198,0.0654143782829714,4.00549560688067,0.0408724041518435,0.0,267.39012800047067,6.410609071731198,0.0654143782829714,272.0617309491897,4.671602948719055,0.0012030911534172,0.0177449604388923,3.210953467047688,3981.0,3883.0,98.0,39.62244897959184,0
131,275.36508550044016,3.9907983405860894,4.271153197166648,0.0619007709734296,2.6362165160042177,0.0382060364638292,0.0,271.0939323032734,4.271153197166648,0.0619007709734296,274.1615003921504,3.067568088877067,0.0011506256897513,0.0174432624389819,0.9503519523927082,2735.0,2666.0,69.0,38.63768115942029,0
132,276.1952532996232,2.969841433329281,3.801744549511026,0.0408789736506561,2.3357062858240534,0.0251151213529468,0.0,272.39350875011183,3.801744549511026,0.0408789736506561,274.5738155645414,2.1803068144295707,0.0011379471891594,0.0174348143557179,1.750673870341899,2009.0,1916.0,93.0,20.602150537634408,0
133,281.73166179133045,1.0097909024778868,7.590077173626105,0.0272045776832476,4.69853626644626,0.0168406317793772,0.0,274.1415846177036,7.590077173626105,0.0272045776832476,276.7606216448322,2.619037027128684,0.0011401989669693,0.0178173481953339,0.4150528071892552,2576.0,2297.0,279.0,8.232974910394265,0
134,278.9738043150466,3.670707951513771,4.20276434676085,0.0552995308784322,2.6151192224915456,0.0344094634538361,0.0,274.771039968285,4.20276434676085,0.0552995308784322,277.6250637965667,2.854023828281697,0.0012006831418938,0.0177465857694727,1.972236309762394,2453.0,2377.0,76.0,31.276315789473685,0
135,280.2092171095482,3.7866110420209216,4.533201587542103,0.0612594809127311,2.803681792593422,0.037887591791803,0.0,275.6760155220068,4.533201587542103,0.0612594809127311,278.9171389294363,3.2411234074295407,0.0011907139630527,0.0174605159474581,1.9309075407248315,2796.0,2722.0,74.0,36.78378378378378,0
136,285.17792203423835,2.227952515892487,6.387735681835075,0.0499041850143365,3.9353306600914175,0.0307447707819642,0.0,278.790186352404,6.387735681835075,0.0499041850143365,282.9028572189867,4.112670866582675,0.0011166632817221,0.017773943869153,0.1095672698367309,3811.0,3683.0,128.0,28.7734375,0
137,279.2618295609836,3.4476769081602905,2.7666557835161165,0.0341562442409397,1.719485595168277,0.0212282172242997,0.0,276.4951737774672,2.7666557835161165,0.0341562442409397,277.8359293018791,1.3407555244119749,0.0012122563511862,0.0176037069025237,6.390105496491827,1187.0,1106.0,81.0,13.65432098765432,0
138,283.2271477169247,2.671954223744573,6.201668005609511,0.0585063019397123,3.823578287555076,0.0360714932788214,0.0,277.0254797113147,6.201668005609511,0.0585063019397123,281.3446036122799,4.31912390096528,0.0011351179766005,0.0177598500438189,0.7924660919007636,3911.0,3805.0,106.0,35.89622641509434,0
139,285.75449936630537,2.5743648591559043,6.071774993127763,0.0547006756137636,3.7544887053644898,0.0338242225708512,0.0,279.6827243731774,6.071774993127763,0.0547006756137636,283.78526091131016,4.102536538132767,0.0011370666679968,0.0177408869819388,1.644421674435506,3719.0,3608.0,111.0,32.5045045045045,0
140,287.80592361456934,2.715150222778956,4.324873621860481,0.0408006945458535,2.6764250673000105,0.0252492930877359,0.0,283.48104999270936,4.324873621860481,0.0408006945458535,285.94906258551566,2.4680125928063035,0.0011758039984784,0.0175175568778648,0.2867046490131599,2205.0,2099.0,106.0,19.80188679245283,0
141,293.2423262117794,1.0860826896732572,8.46793797032778,0.0313627332234362,5.258868038294068,0.0194772890307187,0.0,284.77438824145213,8.46793797032778,0.0313627332234362,288.379589455519,3.6052012140668808,0.0011319313073993,0.0180101361342977,1.1574368781096211,3455.0,3185.0,270.0,11.796296296296296,0
142,294.57484003973366,2.7025214682544374,6.53200704144529,0.0599266701050026,4.0863579564006764,0.037489522535786,0.0,288.0428329982876,6.53200704144529,0.0599266701050026,292.63256069299496,4.589727694707335,0.0012090958099861,0.0178190765755844,0.3367564572313597,3905.0,3796.0,109.0,34.825688073394495,0
143,296.3636600043273,2.9935723232760334,5.648164867442837,0.0570521703782104,3.493021060456003,0.0352830410147071,0.0,290.7154951368843,5.648164867442837,0.0570521703782104,294.6174111935791,3.9019160566948017,0.0011486358718559,0.0176388768762447,1.8987587499325684,3496.0,3397.0,99.0,34.313131313131315,0
144,295.5681224970724,4.618251914016756,1.5129278768716592,0.0236394980761196,0.9386732574551032,0.0146667696477359,0.0,294.05519462020084,1.5129278768716592,0.0236394980761196,294.4454535104445,0.3902588902436719,0.0012195590320114,0.0175417029160609,0.5447947671556506,384.0,320.0,64.0,5.0,0
145,300.4929192863044,1.3296146871075416,6.981836628448435,0.0308930824267629,4.319997569035221,0.0191150334913062,0.0,293.5110826578563,6.981836628448435,0.0308930824267629,296.46820070646584,2.957118048609516,0.0011596541367096,0.0178084892913211,0.9165849266030648,2776.0,2550.0,226.0,11.283185840707963,0
146,299.9604458515418,2.940788684819037,4.130798817847324,0.0404980276259541,2.5701774403740925,0.0251978180428832,0.0,295.8296470336945,4.130798817847324,0.0404980276259541,298.14251355835654,2.312866524662013,0.0011952798577064,0.0178228656194633,0.621259498136169,2037.0,1935.0,102.0,18.97058823529412,0
147,304.33312208477605,1.593367131333906,7.094999573913203,0.0371465946278178,4.3993808310048985,0.0230334074921722,0.0,297.23812251086224,7.094999573913203,0.0371465946278178,300.92435163600953,3.686229125147236,0.0011784619965304,0.0178469657003482,0.886482413165453,3319.0,3128.0,191.0,16.376963350785342,0
148,305.5194115406651,1.9838922827315917,5.168134070158499,0.0335593121438863,3.2156683641422026,0.0208809634035207,0.0,300.35127747050586,5.168134070158499,0.0335593121438863,302.7854694389435,2.4341919684376307,0.0012008840495498,0.0177528707903999,0.5556481623587217,2181.0,2027.0,154.0,13.162337662337665,0
149,306.3706847069754,2.785188042790685,4.32444715470847,0.0393131559518951,2.682754536847017,0.0243886776077001,0.0,302.0462375522661,4.32444715470847,0.0393131559518951,304.4425594042648,2.396321851998664,0.0012320420832898,0.0175284118428237,0.7211693365551923,2055.0,1945.0,110.0,17.681818181818183,0
150,308.6907652618985,3.0263800515872403,4.299830858626159,0.0421552044963348,2.6513823040656903,0.0259939441575067,0.0,304.39093440327224,4.299830858626159,0.0421552044963348,306.9042724628631,2.5133380595909216,0.0011777591656939,0.0175146352846606,0.033790013490119,2236.0,2134.0,102.0,20.92156862745098,0
151,310.4260807736296,2.796631358320987,5.406736162745031,0.0487093347995047,3.3326635961464213,0.0300239963616794,0.0,305.0193446108846,5.406736162745031,0.0487093347995047,308.4661013718898,3.44675676100519,0.0011323116823275,0.0176574720877455,1.8676576241176408,3155.0,3044.0,111.0,27.423423423423426,0
152,312.6913543122328,1.9790592045078024,7.1951758436174105,0.0455390876178317,4.452265543815984,0.0281788958469366,0.0,305.49617846861554,7.1951758436174105,0.0455390876178317,309.87023640098164,4.374057932366043,0.0011364141159693,0.0178551766534884,2.952527515692026,4007.0,3849.0,158.0,24.360759493670887,0
153,372.98231513373753,0.1071788261878556,63.81300722948715,0.018337071042956,40.065889732437576,0.0115131867047234,0.0,309.1693079042449,63.81300722948715,0.018337071042956,309.8109257289933,0.6416178247483799,0.0012015315070194,0.0181526981048115,0.6834818032130556,4014.0,534.0,3480.0,0.1534482758620689,0
154,312.04430324723194,3.506115766822831,6.256038840804942,0.0702925712449993,3.898216932847541,0.0438001902567139,0.0,305.7882644064266,6.256038840804942,0.0702925712449993,310.4661989075845,4.6779345011578926,0.0012401735156834,0.0177315094342402,4.004810937286436,3861.0,3772.0,89.0,42.38202247191011,0
155,312.72733419013014,2.8173633710822537,2.476929211692643,0.0223146775828166,1.5378540105290968,0.0138545406353972,0.0,310.25040497843725,2.476929211692643,0.0223146775828166,310.7698317288058,0.5194267503684955,0.0013050923376092,0.0176351573092287,0.197748818973821,509.0,398.0,111.0,3.5855855855855854,0
156,315.13662108735195,1.8984133800442888,7.660833191675438,0.0461495975402134,4.776048221194607,0.0287713748264735,0.0,307.47578789567586,7.660833191675438,0.0461495975402134,312.1503298506077,4.67454195493184,0.0012508809084645,0.0179897062454472,3.276056010513656,3903.0,3737.0,166.0,22.512048192771083,0
157,317.65896259074475,5.042205755408647,5.955365928555828,0.0945296179135845,3.725906817879799,0.0591413780615841,0.0,311.70359666218894,5.955365928555828,0.0945296179135845,316.5416350703432,4.838038408154262,0.0012602340213999,0.0177353574666902,0.4286522756750912,3902.0,3839.0,63.0,60.93650793650794,0
158,321.13367568865533,1.9462647011433656,5.396737504505452,0.0327075000273057,3.356444621401913,0.020342088614557,0.0,315.73693818414995,5.396737504505452,0.0327075000273057,318.2009132238845,2.463975039734578,0.0012307567631041,0.0177743179683082,0.7866567766378694,2167.0,2002.0,165.0,12.133333333333333,0
159,320.7408041028756,1.4447783968598,5.424759417578549,0.0244358532323358,3.377710597775996,0.0152149126025945,0.0,315.3160446852962,5.424759417578549,0.0244358532323358,316.7753821987103,1.4593375134140842,0.0012937389303316,0.0178622608295733,2.8670521079428117,1350.0,1128.0,222.0,5.081081081081081,0
160,327.3813379453351,0.6444514526482974,10.773191657114369,0.02120707019117,6.7466533844994405,0.0132808137490146,0.0,316.6081462882199,10.773191657114369,0.02120707019117,318.20622666446343,1.5980803762434448,0.0013920560768671,0.0180612426788811,0.1493234505061877,1656.0,1148.0,508.0,2.25984251968504,0
161,323.7235910658018,3.2699352632909275,5.759839056750926,0.0581801924924336,3.604695249764085,0.0364110631289301,0.0,317.96375200905004,5.759839056750926,0.0581801924924336,321.9393055739475,3.975553564897439,0.0013481022600533,0.0180230857763065,0.2246881883309299,3048.0,2949.0,99.0,29.78787878787879,0
162,330.8249760256903,1.067177342018356,10.483353710181367,0.0338172700328431,6.612201981643874,0.0213296838117544,0.0,320.3416223155087,10.483353710181367,0.0338172700328431,325.1385188707307,4.79689655522202,0.001338419797774,0.018343410177289,1.579445474648594,3894.0,3584.0,310.0,11.561290322580644,0
163,331.96239655474096,1.5020922921029003,7.9979494410337395,0.0361898164752657,5.059116976960785,0.0228919320224469,0.0,323.9644471137077,7.9979494410337395,0.0361898164752657,327.9047644591656,3.940317345457856,0.0013280476391836,0.0183603262243228,1.155739907647984,3188.0,2967.0,221.0,13.425339366515836,0
164,334.6993866810493,2.461024902066539,7.152019507379904,0.0525883787307345,4.517204194762755,0.0332147367261967,0.0,327.5473671736668,7.152019507379904,0.0525883787307345,332.2429039861838,4.695536812516991,0.0013419653651091,0.0180623727563638,0.3387868702893684,3635.0,3499.0,136.0,25.727941176470587,0
165,337.9914792703621,4.224893490879526,6.288383033198163,0.078604787914977,3.950828935337821,0.0493853616917227,0.0,331.7030962371607,6.288383033198163,0.078604787914977,336.55222624654505,4.849130009384339,0.0012552756948962,0.0179906627977132,0.5215979919861411,3943.0,3863.0,80.0,48.2875,0
166,342.4139446804246,1.6000651620580588,6.76208596280564,0.0315985325364749,4.248877510770828,0.0198545678073403,0.0,335.6518587176206,6.76208596280564,0.0315985325364749,338.53170629459635,2.879847576975749,0.0012575753611247,0.0181413008683563,0.8821777067200571,2504.0,2290.0,214.0,10.700934579439252,0
167,344.0300209536083,2.0237060056094607,7.751446473214703,0.0455967439600864,4.88692931283096,0.0287466430166527,0.0,336.27857448039424,7.751446473214703,0.0455967439600864,340.9292426647245,4.650668184330243,0.0012922112209864,0.0182398722875518,2.235006331371295,3769.0,3599.0,170.0,21.17058823529412,0
168,348.3613302624931,1.376922254001949,7.853641009954833,0.0310420593278847,4.9621001027750085,0.0196130438844862,0.0,340.5076892525351,7.853641009954833,0.0310420593278847,343.73627648075114,3.2285872282160426,0.0013113676800227,0.0182808449871222,0.4215534121894393,2715.0,2462.0,253.0,9.731225296442688,0
169,352.2822178562096,1.3344023403644305,9.464282999880329,0.0358495568177285,5.998487473283932,0.0227215434594088,0.0,342.8179348563275,9.464282999880329,0.0358495568177285,347.40553992344,4.587605067112463,0.0013133710469832,0.0184722648968547,0.9000762990884823,3757.0,3493.0,264.0,13.231060606060606,0
170,354.75452851676107,1.6655142183885496,7.784314908970309,0.0365460793848371,4.9197977485865465,0.0230976420121434,0.0,346.9702136077897,7.784314908970309,0.0365460793848371,350.8892352833556,3.919021675565887,0.0013280317436685,0.0181469165887582,0.4166884946318419,3164.0,2951.0,213.0,13.854460093896714,0
171,355.9879973301622,1.9452896028970608,5.475639350021432,0.0299215265028493,3.435346466917909,0.0187723850651251,0.0,350.5123579801393,5.475639350021432,0.0299215265028493,352.72194829459534,2.2095903144560225,0.0013555768800343,0.0178472624894365,0.358021780413992,1813.0,1630.0,183.0,8.907103825136613,0
172,359.60262778828053,1.1237582118383769,9.408675240136988,0.029402110125428,5.8618084731523945,0.0183181514786012,0.0,350.19395254814174,9.408675240136988,0.029402110125428,353.8782804252372,3.684327877095484,0.0012256579764123,0.0178885855095103,2.5100496406683988,3326.0,3006.0,320.0,9.39375,0
173,356.1508342955986,4.141288770879053,2.9448222493247207,0.0342421191781944,1.8300926939866975,0.0212801476044964,0.0,353.20601204627377,2.9448222493247207,0.0342421191781944,354.626556493442,1.420544447168254,0.001197760916668,0.0177241604901927,0.6548035738391889,1272.0,1186.0,86.0,13.790697674418604,0
174,357.443001262761,2.859544010102088,4.410098770757444,0.0352807901660595,2.7548942794979605,0.0220391542359836,0.0,353.0329024920033,4.410098770757444,0.0352807901660595,355.20496899271944,2.172066500716141,0.0012598993623643,0.0179042581603325,1.5757944334825424,1849.0,1724.0,125.0,13.792,0
175,400.6068208409923,0.1587819345386414,45.77598195986675,0.018143472833875,28.63617055445744,0.0113500477821868,0.0,354.8308388811265,45.77598195986675,0.018143472833875,355.09944743722974,0.2686085561032314,0.0014287689154427,0.0180370088798107,0.3561206797326974,2711.0,188.0,2523.0,0.0745144669044788,0
176,357.72906543319607,3.5772906543319607,2.866418708296736,0.0286641870829673,1.785468836453808,0.017854688364538,0.0,354.86264672489983,2.866418708296736,0.0286641870829673,355.96063178081386,1.0979850559140232,0.0013898545011569,0.0176843365238221,0.2188648164836593,890.0,790.0,100.0,7.9,0
177,363.8141787054717,1.4910417160060316,9.197556126056089,0.0376949021559675,5.738516536158703,0.023518510394093,0.0,354.6166225794151,9.197556126056089,0.0376949021559675,359.40792314986345,4.791300570448357,0.0012509923160439,0.0180584244082305,1.3440092013987908,4074.0,3830.0,244.0,15.69672131147541,0
178,362.41435502276914,1.7507939856172423,4.691931677642389,0.022666336606968,2.942144072596652,0.0142132563893558,0.0,357.7224233451256,4.691931677642389,0.022666336606968,358.67116235640464,0.9487390112790308,0.0013050055175777,0.0180830563592488,1.6675923131157615,934.0,727.0,207.0,3.5120772946859904,0
179,367.88819259420177,0.7997569404221777,10.35364582542917,0.0225079257074547,6.475738160192676,0.0140776916525927,0.0,357.5345467687737,10.35364582542917,0.0225079257074547,359.61316899178,2.0786222230062776,0.0013922452933732,0.0179891817443952,1.1186899351203865,1953.0,1493.0,460.0,3.2456521739130437,0
180,363.97950232000255,2.442815451812097,5.763217578849278,0.0386793126097267,3.608073771862443,0.0242152602138418,0.0,358.216284741154,5.763217578849278,0.0386793126097267,361.3077539023633,3.091469161209261,0.001397590036713,0.0179311974338205,1.3968842506258738,2361.0,2212.0,149.0,14.845637583892618,0
181,362.4737832123575,4.4749849779303394,2.3826492929406013,0.029415423369637,1.4908656486701832,0.0184057487490146,0.0,360.091133919418,2.3826492929406013,0.029415423369637,361.023297491544,0.9321635721260008,0.0013892154577138,0.0179072311211543,1.198649912201546,752.0,671.0,81.0,8.283950617283951,0
182,368.1261664614877,1.0113356221469445,8.405531430422428,0.0230921193143473,5.2572649286798825,0.0144430355183513,0.0,359.7206350310686,8.405531430422428,0.0230921193143473,361.58520940900905,1.864574377940471,0.0014928537853806,0.0179696622320843,1.2846540599907428,1613.0,1249.0,364.0,3.431318681318681,0
183,364.9202558969429,4.396629589119795,6.005428001499346,0.0723545542349318,3.755701080726237,0.0452494106111594,0.0,358.91482789544585,6.005428001499346,0.0723545542349318,363.4299699298545,4.515142034408655,0.0013398047579847,0.0179552526155231,2.652567766464444,3453.0,3370.0,83.0,40.60240963855421,0
184,366.5394263648564,3.4908516796652997,6.449408711548198,0.0614229401099828,4.030783373299633,0.0383884130790441,0.0,360.0900176533086,6.449408711548198,0.0614229401099828,364.66117345337176,4.5711558000631385,0.0012708245204512,0.0178881229665204,3.321728293815795,3702.0,3597.0,105.0,34.25714285714286,0
185,369.4567521497939,3.358697746816308,5.59292934936501,0.0508448122669546,3.491833035970309,0.0317439366906391,0.0,363.86382280042704,5.59292934936501,0.0508448122669546,367.4932904780491,3.629467677622074,0.0012451004039869,0.017849651561316,0.7792439300733349,3025.0,2915.0,110.0,26.5,0
186,375.6022864905008,0.9989422513045236,8.233815423879875,0.0218984452762762,5.159864225826541,0.0137230431537939,0.0,367.3684710666218,8.233815423879875,0.0218984452762762,368.8078929847412,1.4394219181193648,0.0013121439545299,0.0180701954940416,0.106758750002541,1473.0,1097.0,376.0,2.917553191489361,0
187,377.12574639457006,1.2126229787606757,9.987384574135948,0.0321137767657104,6.271619389675874,0.0201659787449385,0.0,367.1383618204358,9.987384574135948,0.0321137767657104,371.4562174848584,4.317855664422609,0.00130252056242,0.0182299964942496,1.6514521236446171,3626.0,3315.0,311.0,10.659163987138264,0
188,373.6877788725219,17.794656136786756,3.2453614871934504,0.1545410231996881,2.049560691467208,0.0975981281651051,0.0,370.4424173853298,3.2453614871934504,0.1545410231996881,373.3207559407687,2.8783385554388587,0.0014040675880189,0.01747728246444,0.9955218659781052,2071.0,2050.0,21.0,97.61904761904762,0
189,377.6732509075828,1.678547781811479,7.241944054308547,0.0321864180191491,4.553081248099239,0.0202359166582188,0.0,370.4313068532748,7.241944054308547,0.0321864180191491,373.60269772941854,3.1713908761437324,0.0013083295693662,0.0180913474585076,2.8711371613083827,2649.0,2424.0,225.0,10.773333333333332,0
190,378.4993130278024,2.4108236498586137,6.1435636453527085,0.0391309786328198,3.860057041084517,0.0245863505801561,0.0,372.3557493824479,6.1435636453527085,0.0391309786328198,375.65409060824845,3.298341225800528,0.0013036921841108,0.018122435793337,1.2287922187950358,2687.0,2530.0,157.0,16.11464968152866,0
191,380.83468962818506,3.493896235120964,5.363960911455986,0.0492106505638163,3.3506917751485177,0.030740291515124,0.0,375.4707287167263,5.363960911455986,0.0492106505638163,378.917529775144,3.446801058417691,0.0012953029156022,0.017588622504964,0.1650230881450625,2770.0,2661.0,109.0,24.412844036697248,0
192,385.4243178538964,1.728360169748414,7.758467477277427,0.0347913339788225,4.8061231398064495,0.0215521217031679,0.0,377.6658503766189,7.758467477277427,0.0347913339788225,381.4367642987695,3.770913922150612,0.0011382173021885,0.017881406076802,1.2343616268283313,3536.0,3313.0,223.0,14.856502242152466,0
193,389.9320920536284,1.045394348669245,9.186284229303084,0.0246281078533594,5.740756512803755,0.0153907681308411,0.0,380.7458078243248,9.186284229303084,0.0246281078533594,383.2166967911392,2.470888966814414,0.0012041369233988,0.0180037406501051,0.6734643640439231,2425.0,2052.0,373.0,5.501340482573727,0
194,389.7074207533431,2.633158248333399,6.64424346275666,0.0448935369105179,4.158058757517919,0.0280949916048508,0.0,383.0631772905847,6.64424346275666,0.0448935369105179,387.0407554570336,3.977578166448893,0.0012360404494869,0.0180180087588478,0.1354542816817456,3366.0,3218.0,148.0,21.74324324324324,0
195,393.5334334021726,1.531258495728298,6.833007926607117,0.0265875794809615,4.25899604428116,0.0165719690438955,0.0,386.7004254755634,6.833007926607117,0.0265875794809615,388.9635276162312,2.2631021406677974,0.0012998863530544,0.0177817345756474,0.3221766001489925,1998.0,1741.0,257.0,6.77431906614786,0
196,433.3881746213069,0.1687648655067394,48.53236415793514,0.0188988957001305,30.514280981653183,0.0118825081704256,0.0,384.8558104633721,48.53236415793514,0.0188988957001305,386.6403394995889,1.7845290362167816,0.001243574241266,0.0182039856392982,4.089458344935537,4003.0,1435.0,2568.0,0.5588006230529595,0
197,396.3405224334728,1.3167459217058897,10.174215004020551,0.0338013787508988,6.384134515871264,0.0212097492221636,0.0,386.1663074294514,10.174215004020551,0.0338013787508988,390.8426141220085,4.676306692557091,0.0012486800247148,0.0182654761178214,0.4740320701375253,4046.0,3745.0,301.0,12.44186046511628,0
198,396.96394073569047,2.59453556036399,6.443111992699969,0.0421118430895422,4.065022274645525,0.0265687730368988,0.0,390.5208287429893,6.443111992699969,0.0421118430895422,394.1648360596232,3.6440073166339744,0.0013023614426854,0.0182948018043611,0.3036363210513855,2951.0,2798.0,153.0,18.287581699346404,0
199,398.35713326139967,3.494360818082453,4.7333009783059,0.0415201840202272,2.9767574365611464,0.0261119073382556,0.0,393.6238322830934,4.7333009783059,0.0415201840202272,396.3324400017402,2.7086077186468174,0.0013947516573876,0.0177604671899951,0.5224776185900168,2056.0,1942.0,114.0,17.035087719298247,0
200,396.869449118802,15.264209581492384,2.98737978607712,0.1148992225414276,1.8591383573410616,0.0715053214361946,0.0,393.8820693327248,2.98737978607712,0.1148992225414276,396.4245752295035,2.542505896778721,0.001276358381917,0.0171105342037881,2.432181617435191,2018.0,1992.0,26.0,76.61538461538461,0
201,402.1302467857155,2.4977033961845683,7.004517989947203,0.0435063229189267,4.383214550728098,0.02722493509769,0.0,395.12572879576805,7.004517989947203,0.0435063229189267,399.21324119432495,4.087512398556896,0.0012100391943626,0.018118047151494,1.2809837371443962,3539.0,3378.0,161.0,20.981366459627328,0
202,405.95232181235104,2.159320860703995,6.989950333049165,0.037180586877921,4.395670640626117,0.023381226811841,0.0,398.9623714793011,6.989950333049165,0.037180586877921,402.5501085070817,3.5877370277805767,0.0012868497230202,0.0180968792833476,0.2325942228188466,2976.0,2788.0,188.0,14.829787234042554,0
203,406.213329019512,3.198530149759937,3.672784539292829,0.0289195633015183,2.308085326091132,0.0181739002054419,0.0,402.5405444802193,3.672784539292829,0.0289195633015183,403.911460244263,1.3709157640437295,0.0012896667582725,0.0181249509862124,0.0095640268623924,1190.0,1063.0,127.0,8.37007874015748,0
204,409.0602163246808,2.727068108831205,5.682199236778186,0.0378813282451879,3.5675910499854564,0.0237839403332363,0.0,403.3780170879029,5.682199236778186,0.0378813282451879,406.3618909698863,2.9838738819834134,0.001358158344098,0.0179888356986301,0.5153217830212213,2347.0,2197.0,150.0,14.646666666666668,0
205,413.48575631107815,2.600539347868416,7.319109575507639,0.0460321356950165,4.60322302250227,0.0289510881918381,0.0,406.16664673556977,7.319109575507639,0.0460321356950165,410.59216206701535,4.425515331445581,0.0012626291958475,0.0181987059375018,0.1772081774099945,3664.0,3505.0,159.0,22.044025157232703,0
206,419.3633267092175,1.1520970513989492,11.22170242559669,0.0308288528175733,7.114092912593602,0.019544211298334,0.0,408.1416242836217,11.22170242559669,0.0308288528175733,412.6235752307928,4.481950947171072,0.0012820225821427,0.0185158007649031,2.432308331762755,3860.0,3496.0,364.0,9.604395604395604,0
207,417.4172720235674,2.514561879660045,4.937396011078175,0.0297433494643263,3.1335609124402835,0.0188768729665077,0.0,412.4798760124888,4.937396011078175,0.0297433494643263,414.3397275943527,1.859851581863836,0.0013079125048268,0.018539424272378,0.1253978778785267,1588.0,1422.0,166.0,8.566265060240964,0
208,419.89027710666267,1.4732992179181146,6.373910920728031,0.0223645997218527,4.063380569663788,0.0142574756830308,0.0,413.51636618593534,6.373910920728031,0.0223645997218527,414.58689137419606,1.0705251882607172,0.0014427563184106,0.0186083709911109,0.804991282600497,1027.0,742.0,285.0,2.6035087719298247,0
209,421.1391794382963,3.142829697300719,7.749379202186748,0.0578311880760205,4.932153598696141,0.0368071164081801,0.0,413.3898002361116,7.749379202186748,0.0578311880760205,418.6931859685782,5.303385732466609,0.0014490124952094,0.0182536826098368,1.1970911380844882,3794.0,3660.0,134.0,27.31343283582089,0
210,424.99683988988784,0.9837889812265922,9.698725420283765,0.0224507532876938,6.091055223007979,0.014099664868074,0.0,415.29811446960593,9.698725420283765,0.0224507532876938,417.18805666091976,1.8899421913138208,0.0013290732709661,0.0180758871040927,3.376476933949192,1854.0,1422.0,432.0,3.2916666666666665,0
211,425.67112663171145,1.4002339691832613,8.843345125871991,0.0290899510719473,5.546448016751058,0.0182448947919442,0.0,416.82778150584033,8.843345125871991,0.0290899510719473,420.1802219777542,3.352440471913837,0.0012844599509248,0.0180621863617015,0.3417390075158266,2914.0,2610.0,304.0,8.585526315789474,0
212,423.3040527678545,2.879619406584044,5.183809149326502,0.0352640078185476,3.251611253407262,0.0221198044449473,0.0,418.1202436185282,5.183809149326502,0.0352640078185476,420.6396819072809,2.519438288752667,0.0012940104205201,0.0181249718406369,2.042093999662228,2094.0,1947.0,147.0,13.244897959183673,0
213,424.8686666458713,10.621716666146783,5.127419293897924,0.1281854823474481,3.195221397978687,0.0798805349494671,0.0,419.7412473519724,5.127419293897924,0.1281854823474481,424.1747369990576,4.433489647085253,0.001257370858504,0.0173482411703417,0.8984345553084836,3566.0,3526.0,40.0,88.15,0
214,425.1735790389233,5.59438919788057,3.0515984246969,0.0401526108512749,1.869309502368697,0.024596177662746,0.0,422.121980614226,3.0515984246969,0.0401526108512749,423.8569924482606,1.7350118340345944,0.001121533182957,0.0173235077718779,2.035317696532644,1623.0,1547.0,76.0,20.355263157894736,0
215,430.2484345275765,1.7705696894138951,6.8299380262828775,0.0281067408489007,4.222146460461809,0.0173750883146576,0.0,423.4184965012923,6.8299380262828775,0.0281067408489007,425.9194653136007,2.500968812308429,0.0011347408404303,0.0178146881233573,0.4213294917373957,2447.0,2204.0,243.0,9.069958847736626,0
216,430.9828675299384,3.561841880412714,5.472188073204062,0.0452246948198682,3.4048714433044625,0.0281394334157393,0.0,425.5106794567346,5.472188073204062,0.0452246948198682,428.830673879915,3.3199944231804466,0.0011929552365003,0.0177867243803584,0.3914929286402753,2904.0,2783.0,121.0,23.0,0
217,433.0637730487245,3.579039446683673,4.548634505086568,0.0375920207031947,2.819114710137876,0.0232984686788254,0.0,428.51513854363714,4.548634505086568,0.0375920207031947,430.94317966486994,2.428041121232809,0.0012225786108926,0.0175255651558222,0.2973800300062521,2107.0,1986.0,121.0,16.41322314049587,0
218,436.4081814282284,2.6773508063081497,6.710286324033848,0.0411674007609438,4.149786315105903,0.0254588117491159,0.0,429.69789510419344,6.710286324033848,0.0411674007609438,433.5007102634348,3.802815159241391,0.0011395909976749,0.0178372464097767,1.228113908130041,3500.0,3337.0,163.0,20.47239263803681,0
219,439.3671192526184,2.2190258548112043,6.648167699696577,0.0335766045439221,4.134959247661755,0.0208836325639482,0.0,432.7189515529219,6.648167699696577,0.0335766045439221,435.8519122293199,3.1329606763979427,0.0011985312457528,0.0177535708247401,0.7642666001120801,2812.0,2614.0,198.0,13.202020202020202,0
220,440.04148572309725,2.838977327245789,5.225787279370843,0.0337147566411022,3.246297826558485,0.0209438569455386,0.0,434.8156984437272,5.225787279370843,0.0337147566411022,437.28861963675854,2.4729211930313117,0.0011883331057334,0.0177604263634755,1.018916838194173,2236.0,2081.0,155.0,13.425806451612903,0
221,442.7206427853273,2.784406558398285,6.941233001375445,0.04365555346777,4.306417688758314,0.027084387979612,0.0,435.77940978395225,6.941233001375445,0.04365555346777,439.8896586313324,4.110248847380149,0.0011760368662031,0.0178049317861314,1.5092098528062934,3654.0,3495.0,159.0,21.9811320754717,0
222,443.3658770743863,3.1444388444991933,4.8513952925216834,0.0344070588122105,3.0137805103886977,0.0213743298609127,0.0,438.514481781864,4.8513952925216834,0.0344070588122105,440.8773633459848,2.362881564120812,0.0012037094060727,0.0176490335347622,1.3577381611694364,2104.0,1963.0,141.0,13.921985815602836,0
223,443.35066990395705,8.210197590814019,3.72109688793006,0.0689092016283344,2.302350181136212,0.0426361144654854,0.0,439.6295730160274,3.72109688793006,0.0689092016283344,442.4128237112813,2.783250695253855,0.0011965824141246,0.017367522086589,1.229762690170162,2380.0,2326.0,54.0,43.07407407407408,0
224,446.6766616784008,2.7743892029714337,5.926786263357448,0.0368123370394872,3.650035595788281,0.0226710285452688,0.0,440.7498754150438,5.926786263357448,0.0368123370394872,443.82036298334447,3.0704875683006776,0.0011080792379287,0.0177409856835798,1.6455854585205714,2932.0,2771.0,161.0,17.211180124223603,0
225,451.0169742415459,2.361345414877204,7.254499904639448,0.0379816748934002,4.504833668138994,0.0235855165871151,0.0,443.7624743369063,7.254499904639448,0.0379816748934002,447.61034636110776,3.847872024201479,0.0011670828098882,0.017835748065121,0.0405139099358677,3488.0,3297.0,191.0,17.26178010471204,0
226,452.1711080118425,1.85316027873706,6.331279125896911,0.0259478652700693,3.946433471143445,0.0161739076686206,0.0,445.8398288859474,6.331279125896911,0.0259478652700693,447.8063041429312,1.9664752569836992,0.0011954256881359,0.0178885404463581,1.770517475160318,1889.0,1645.0,244.0,6.741803278688525,0
227,453.5158270448427,2.782305687391673,7.257433752719288,0.0445241334522655,4.528035326315875,0.0277793578301587,0.0,446.2583932921237,7.257433752719288,0.0445241334522655,450.6053922379491,4.346998945825362,0.0012310957082484,0.0178554282631508,1.5298956195568962,3694.0,3531.0,163.0,21.66257668711657,0
228,457.0562094119426,2.9678974637139133,6.984992413943881,0.0453570935970381,4.343421164627729,0.0282040335365436,0.0,450.0712169979983,6.984992413943881,0.0453570935970381,454.3058930195243,4.23467602152607,0.0011691540644743,0.0178591973533656,0.5160742860287826,3776.0,3622.0,154.0,23.51948051948052,0
229,461.7742856056048,1.6670551826917142,7.76793104005617,0.0280430723467731,4.83585451268222,0.0174579585295387,0.0,454.006354565549,7.76793104005617,0.0280430723467731,456.8436285784223,2.8372740128733085,0.0012017255454778,0.0178002058743051,0.2820321843877877,2638.0,2361.0,277.0,8.52346570397112,0
230,493.0172703672709,0.240731089046519,37.027021586160565,0.0180796003838674,23.190863226571025,0.0113236636848491,0.0,455.9902487811058,37.027021586160565,0.0180796003838674,456.0076116188226,0.0173628377168597,0.0173628377168597,0.0180711224357657,0.8360169595996467,2049.0,1.0,2048.0,0.00048828125,0
231,459.4879999738662,2.470365591257345,5.880922658804849,0.0316178637570153,3.658219484827831,0.0196678466926227,0.0,453.60707731506034,5.880922658804849,0.0316178637570153,456.1588080367966,2.5517307217362486,0.001274590770098,0.0178988813820945,2.3831714660454395,2188.0,2002.0,186.0,10.763440860215054,0
232,468.6957240641146,1.0369374426197224,12.938259172815128,0.0286244671964936,8.134788179813116,0.0179973189818874,0.0,455.75746489129887,12.938259172815128,0.0286244671964936,460.425648125996,4.668183234697153,0.0013050554192611,0.0182966281816782,0.3834447806614776,4029.0,3577.0,452.0,7.913716814159292,0
233,467.1382241411881,2.0669832926601246,8.416706302780081,0.0372420632866375,5.315731357930665,0.0235209352120825,0.0,458.72151783840735,8.416706302780081,0.0372420632866375,462.95343174698274,4.231913908575393,0.0012985314233124,0.0185167805053335,1.6862226330023304,3485.0,3259.0,226.0,14.420353982300885,0
234,467.23034150669264,2.511991083369315,7.788321874764169,0.0418726982514202,4.917048777681398,0.0264357461165666,0.0,459.4420196319278,7.788321874764169,0.0418726982514202,463.8963534214977,4.454333789569887,0.0014181260075039,0.017924667124704,3.4930092807705364,3327.0,3141.0,186.0,16.887096774193548,0
235,469.8907963002173,5.163635124178212,6.481583943216734,0.0712261971782058,4.049446731570141,0.0444994146326389,0.0,463.40921235700114,6.481583943216734,0.0712261971782058,468.2706308235564,4.861418466555278,0.0012636907893307,0.0178040162270425,0.4692054949347266,3938.0,3847.0,91.0,42.27472527472528,0
236,466.8833052143204,3.735066441714563,3.692731990599064,0.0295418559247925,2.2942530939022743,0.0183540247512181,0.0,463.19057322372026,3.692731990599064,0.0295418559247925,464.68419487909017,1.4936216553699069,0.0012965465758419,0.0175928826818417,5.062084894976294,1277.0,1152.0,125.0,9.216,0
237,476.2791091331948,1.2027250230636233,11.684075400834375,0.0295052409111979,7.333252166666578,0.0185183135521883,0.0,464.5950337323584,11.684075400834375,0.0295052409111979,469.0366622846512,4.441628552292741,0.0012382571932792,0.018289007193292,0.0710540973242359,3983.0,3587.0,396.0,9.058080808080808,0
238,475.190377180309,3.959919809835908,6.215522331348843,0.051796019427907,3.9252597903816446,0.0327104982531803,0.0,468.97485484895896,6.215522331348843,0.051796019427907,472.9828212953219,4.007966446362957,0.0013046765775921,0.0183962990415589,0.0437470301499161,3192.0,3072.0,120.0,25.6,0
239,474.1573035494383,13.945803045571711,3.3595513412979443,0.0988103335675866,2.1299708620766133,0.0626462018257827,0.0,470.7977522081384,3.3595513412979443,0.0988103335675866,473.5544054946343,2.7566532864958617,0.0014093319460612,0.0177322957295286,2.1850690871834786,1990.0,1956.0,34.0,57.52941176470589,0
240,480.345631902657,2.946905717194215,7.568828664770064,0.0464345316857059,4.711067441085296,0.028902254239787,0.0,472.7768032378857,7.568828664770064,0.0464345316857059,477.4243295060154,4.647526268129695,0.0011932031497123,0.0179221005928934,0.7592801827645985,4058.0,3895.0,163.0,23.895705521472397,0
241,485.0270411675657,1.6497518407060057,8.333153768422964,0.0283440604368128,5.198399140078459,0.017681629728158,0.0,476.6938873991443,8.333153768422964,0.0283440604368128,479.7714461009193,3.0775587017750468,0.0011998279539084,0.0178761736960761,0.7129954133474712,2859.0,2565.0,294.0,8.724489795918368,0
242,482.2951747175904,8.174494486738821,4.845937251875633,0.0821345296928073,3.021834343140694,0.0512175312396727,0.0,477.44923746571465,4.845937251875633,0.0821345296928073,481.2447497970245,3.795512331309851,0.0012003517809329,0.0178038122129811,2.304914460569534,3221.0,3162.0,59.0,53.59322033898305,0
243,484.4310943239264,3.970746674786282,6.116259611597905,0.0501332755049008,3.77870551373757,0.0309729960142423,0.0,478.3148347123276,6.116259611597905,0.0501332755049008,482.2660539013544,3.951219189026802,0.0011489442247824,0.0177462329719018,2.911764360774157,3561.0,3439.0,122.0,28.188524590163933,0
244,488.4818377377716,2.337233673386467,7.202944939732194,0.0344638513862784,4.473546513328804,0.0214045287719081,0.0,481.278892798039,7.202944939732194,0.0344638513862784,484.7433185399124,3.464425741873356,0.0011563503811326,0.0178876516643981,0.9697392970928718,3205.0,2996.0,209.0,14.334928229665072,0
245,488.3112449278319,5.744838175621552,6.063691650709275,0.0713375488318738,3.773429109742067,0.0443932836440243,0.0,482.24755327712165,6.063691650709275,0.0713375488318738,486.8074765014924,4.5599232243707775,0.00117949385007,0.0176913932510521,2.478300457666421,3951.0,3866.0,85.0,45.48235294117647,0
246,489.6048375929806,5.100050391593547,4.003595840590083,0.04170412333948,2.4699982099129243,0.0257291480199262,0.0,485.6012417523896,4.003595840590083,0.04170412333948,487.9288286136801,2.327586861290456,0.0011591568034315,0.0174584268677134,1.1887880555791526,2104.0,2008.0,96.0,20.916666666666668,0
247,495.3425314649084,1.8621899679131892,8.020875255642494,0.0301536663745958,4.973947804385221,0.018699051896185,0.0,487.3216562092632,8.020875255642494,0.0301536663745958,490.5688611930464,3.247204983783263,0.0011334048809016,0.0179461288415864,0.5899564270553128,3131.0,2865.0,266.0,10.770676691729324,0
248,502.9347035780763,1.06104367843476,12.669474421280476,0.0267288489900432,7.947074668666672,0.0167659803136427,0.0,490.2652291567938,12.669474421280476,0.0267288489900432,494.33089161144426,4.0656624546504645,0.0012028587143936,0.0181515020393081,0.2862264901669391,3854.0,3380.0,474.0,7.1308016877637135,0
249,499.6494388034653,4.163745323362211,6.956556696603794,0.0579713058050316,4.375788877578781,0.0364649073131565,0.0,492.6928821068611,6.956556696603794,0.0579713058050316,497.4608689155879,4.767986808726846,0.0012263340557425,0.0182380823989783,1.6197238188155438,4008.0,3888.0,120.0,32.4,0
250,504.7319109987888,1.080796383295051,9.808032403609417,0.021002210714367,6.146314712741511,0.0131612734748212,0.0,494.9238785951805,9.808032403609417,0.021002210714367,496.317978678739,1.3941000835585555,0.0013251901934967,0.018016985696038,2.518686639643022,1519.0,1052.0,467.0,2.252676659528908,0
251,500.37526556535295,4.068091589962219,7.2167780567444275,0.0586729923312555,4.521159313836124,0.0367573927954156,0.0,493.15848750860846,7.2167780567444275,0.0586729923312555,498.1657233974792,5.007235888870696,0.0012666926103897,0.0179637574623885,3.1410434880733646,4076.0,3953.0,123.0,32.13821138211382,0
252,505.451635935742,2.6602717680828527,7.659272189867331,0.0403119588940385,4.774487219386524,0.0251288801020343,0.0,497.792363745875,7.659272189867331,0.0403119588940385,502.055040723476,4.262676977601018,0.0012256115519266,0.0178768169066631,0.35530664397794,3668.0,3478.0,190.0,18.305263157894736,0
253,506.5026276993802,3.2468117160216683,5.671848821455042,0.0363580052657374,3.5302168878662417,0.02262959543504,0.0,500.8307788779255,5.671848821455042,0.0363580052657374,503.7385571425797,2.907778264654212,0.0012005690605508,0.0177184010051318,1.2068231572515629,2578.0,2422.0,156.0,15.525641025641026,0
254,559.5952900830022,0.1806311459273732,56.47888773593967,0.0182307578230922,35.548995842380975,0.0114748211240739,0.0,503.1164023470655,56.47888773593967,0.0182307578230922,503.1346707534859,0.018268406420475,0.018268406420475,0.0182248609843499,0.6038863890937591,3099.0,1.0,3098.0,0.0003227888960619,0
255,508.7698571924416,2.7954387757826464,7.667488280412917,0.0421290564857852,4.769191436534042,0.0262043485523848,0.0,501.1023689120287,7.667488280412917,0.0421290564857852,505.5213489126768,4.418980000648162,0.0012539670830443,0.0178489465921142,2.014033435036765,3706.0,3524.0,182.0,19.36263736263736,0
256,511.40838946644624,1.959419116729679,6.164544894426939,0.0236189459556587,3.840502669964648,0.0147145696167227,0.0,505.2438445720186,6.164544894426939,0.0236189459556587,506.7427469953366,1.4989024233179862,0.001292157261481,0.0178760247935236,0.2596640752134931,1421.0,1160.0,261.0,4.444444444444445,0
257,515.301356007848,2.0287454960938898,8.645891822643536,0.0340389441836359,5.40304220711475,0.0212718197130502,0.0,506.655464185203,8.645891822643536,0.0340389441836359,510.7284130996,4.072948914396989,0.001327991168698,0.0180037122371969,0.069348805718107,3321.0,3067.0,254.0,12.0748031496063,0
258,557.8715660503492,0.2153944270464668,47.58579882864218,0.018372895300634,30.02711934789347,0.011593482373704,0.0,510.2857672217103,47.58579882864218,0.018372895300634,510.4645638229832,0.1787966012728929,0.0015413500109732,0.0183038618638479,0.4246048203415284,2706.0,116.0,2590.0,0.0447876447876447,0
259,516.8046540660347,4.655897784378691,6.441121304316172,0.0580281198587042,4.029251902766651,0.0362995666915914,0.0,510.3635327617178,6.441121304316172,0.0580281198587042,514.8295544445176,4.466021682799806,0.0014052931663938,0.0177936902839376,0.0831298403324467,3289.0,3178.0,111.0,28.63063063063063,0
260,518.9610412487896,7.4137291606969935,4.703692998971157,0.0671956142710165,2.9268816471293317,0.0418125949589904,0.0,514.2573482498193,4.703692998971157,0.0671956142710165,517.7285564826665,3.471208232847175,0.0013402348389371,0.0176069252303299,0.5542396460265309,2660.0,2590.0,70.0,37.0,0
261,525.6989381919182,2.766836516799569,8.562223459889086,0.0450643339994162,5.359909464554408,0.0282100498134442,0.0,517.1367147320311,8.562223459889086,0.0450643339994162,522.2391375503726,5.102422818341552,0.0013093207129436,0.0182094770607657,0.5739764802092964,4087.0,3897.0,190.0,20.510526315789477,0
262,528.4654143268068,2.68256555495841,6.377742770812849,0.032374328785852,4.013164926156436,0.0203713955642458,0.0,522.0876715559943,6.377742770812849,0.032374328785852,524.8988358113505,2.811164255356175,0.0014048796878341,0.0181044594693212,0.1333990496221417,2198.0,2001.0,197.0,10.157360406091373,0
263,528.1990194621264,2.824593686963243,6.950676701265662,0.0371693941244153,4.369908882240667,0.0233684966964741,0.0,521.2483427608627,6.950676701265662,0.0371693941244153,524.8150588042893,3.566716043426595,0.0014318410451331,0.0180960462985945,3.6320356198075383,2678.0,2491.0,187.0,13.320855614973262,0
264,530.7768734305789,2.764462882450932,6.335727650211004,0.0329985815115156,3.984661678952624,0.0207534462445449,0.0,524.4411457803691,6.335727650211004,0.0329985815115156,527.2908233865633,2.8496776061941773,0.0014065536062162,0.0181565106459148,0.3555062742391328,2218.0,2026.0,192.0,10.552083333333334,0
265,532.0911939157006,3.827994200832378,6.226699142699065,0.0447963967100652,3.9229247283338182,0.0282224800599555,0.0,525.8644947730036,6.226699142699065,0.0447963967100652,529.5684010110115,3.703906238007903,0.001419665096975,0.0181495892423687,1.407962149019852,2748.0,2609.0,139.0,18.769784172661872,0
266,563.1123015880886,0.3219624365855281,33.79814851624821,0.0193242701636639,21.46856404053972,0.0122747650317551,0.0,529.3141530718414,33.79814851624821,0.0193242701636639,530.7131694967538,1.3990164249124746,0.0014046349647715,0.0185243751236905,0.236141850270144,2745.0,996.0,1749.0,0.5694682675814752,0
267,536.8505223503446,4.227169467325548,6.735902213807197,0.053038600108718,4.263229381966495,0.0335687352910747,0.0,530.114620136538,6.735902213807197,0.053038600108718,534.5050633547053,4.390443218167206,0.0014376041971732,0.0184681810680261,0.5985493602158272,3181.0,3054.0,127.0,24.04724409448819,0
268,543.4096692938313,2.45886728187254,9.02924225502284,0.0408562997964834,5.766124829396985,0.0260910625764569,0.0,534.380427038808,9.02924225502284,0.0408562997964834,539.2573713222622,4.876944283454236,0.0014895981317819,0.0187886786043848,0.1061690749228887,3495.0,3274.0,221.0,14.81447963800905,0
269,547.2892620570065,4.886511268366129,8.18922675487577,0.0731180960256765,5.257150227501852,0.0469388413169808,0.0,539.1000353021304,8.18922675487577,0.0731180960256765,545.1872645324438,6.087229230313369,0.0015336934316738,0.0187678350407379,0.1386376128972983,4081.0,3969.0,112.0,35.4375,0
270,553.0066738326668,2.620884710107425,7.851421543441576,0.0372105286419032,4.986904383057802,0.0236346179291838,0.0,545.1552522892241,7.851421543441576,0.0372105286419032,549.1780723817647,4.022820092540542,0.0015078036328862,0.0181450305729955,0.0131191009542135,2879.0,2668.0,211.0,12.644549763033176,0
271,560.3190696939403,1.1796190940925058,13.059774230406052,0.0274942615376969,8.263059174103036,0.0173959140507432,0.0,547.2592954635346,13.059774230406052,0.0274942615376969,551.5599172108979,4.300621747363266,0.0013151748462884,0.0184403210169313,1.900431837309668,3745.0,3270.0,475.0,6.88421052631579,0
272,558.5282230140533,3.4477050803336624,7.4044059326402865,0.0457062094607425,4.695275316333943,0.0289831809650243,0.0,551.123817081414,7.4044059326402865,0.0457062094607425,555.5163354086385,4.392518327224593,0.0013108082146298,0.0185918987988568,0.4179467481627057,3513.0,3351.0,162.0,20.685185185185187,0
273,560.8773694348246,7.789963464372564,6.175895812384789,0.0857763307275665,3.905901081514652,0.0542486261321479,0.0,554.701473622441,6.175895812384789,0.0857763307275665,559.611357527475,4.909883905034008,0.0013668941829159,0.0175834987131888,0.8148617861975822,3664.0,3592.0,72.0,49.888888888888886,0
274,564.2974590306472,2.624639344328592,5.725897760675461,0.0266320826077928,3.543730206892544,0.0164824660785699,0.0,558.5715612699714,5.725897760675461,0.0266320826077928,560.4884705618314,1.916909291859952,0.0011478498753652,0.0177162254363528,1.0222899879159968,1885.0,1670.0,215.0,7.767441860465116,0
275,567.2548048458643,3.523321769228971,6.99504501485339,0.0434474845643067,4.346717828838222,0.0269982473840883,0.0,560.259759831011,6.99504501485339,0.0434474845643067,564.3827552362856,4.122995405274537,0.001186815027425,0.0178388174507997,0.2115447410809565,3635.0,3474.0,161.0,21.577639751552795,0
276,568.8454933172904,2.844227466586452,7.930937909473426,0.0396546895473671,4.938057951808319,0.0246902897590415,0.0,560.9145554078166,7.930937909473426,0.0396546895473671,565.2503777112613,4.335822303444843,0.0011627305721225,0.0179755780301451,3.450761140170073,3929.0,3729.0,200.0,18.645,0
277,570.4124018424804,5.138850467049373,5.822688000291601,0.0524566486512756,3.633764509809658,0.0327366172054924,0.0,564.5897138421894,5.822688000291601,0.0524566486512756,568.4462655583413,3.8565517161517846,0.0012025418509983,0.0177129394967487,0.6431110122733799,3318.0,3207.0,111.0,28.89189189189189,0
278,570.7371103916321,114.1474220783264,2.3969632992977057,0.4793926598595411,1.4849118449302348,0.2969823689860469,0.0,568.340147092335,2.3969632992977057,0.4793926598595411,570.6672460103887,2.327098918053707,0.0011770859474222,0.0139728762486811,0.0886767404601869,1982.0,1977.0,5.0,395.4,0
279,577.2691329982928,1.9051786567600424,6.7461681478620426,0.0222645813460793,4.158644392138027,0.0137248989839538,0.0,570.5229648504306,6.7461681478620426,0.0222645813460793,571.9010944488094,1.3781295983787911,0.0010791931075793,0.0177162988431793,0.1271105074116008,1580.0,1277.0,303.0,4.214521452145214,0
280,577.8862666481266,2.778299358885224,6.586183435250197,0.0316643434387028,4.086486856613425,0.019646571426026,0.0,571.300083212875,6.586183435250197,0.0316643434387028,574.1782399306119,2.878156717736715,0.0011888297057978,0.017827051526513,0.5839215352525002,2629.0,2421.0,208.0,11.639423076923077,0
281,577.6653038718553,5.299681686897754,3.654464499639946,0.0335271972444031,2.276253413040209,0.0208830588352312,0.0,574.0108393722147,3.654464499639946,0.0335271972444031,575.7259090037601,1.7150696315453615,0.0012799027101084,0.0177926134687631,0.1494013433957093,1449.0,1340.0,109.0,12.293577981651376,0
282,582.4487723502593,2.647494419773906,7.124755058216315,0.0323852502646196,4.422380378608976,0.0201017289936771,0.0,575.3240172920432,7.124755058216315,0.0323852502646196,578.5262072275707,3.202189935527485,0.001230192061286,0.0178298414667665,0.3839135812669383,2823.0,2603.0,220.0,11.831818181818182,0
283,583.6176299758715,7.295220374698394,5.983231192370193,0.0747903899046274,3.719992398199055,0.0464999049774881,0.0,577.6343987835016,5.983231192370193,0.0747903899046274,582.2037784826239,4.569379699122123,0.001180718268507,0.017673143665597,0.8745114966705501,3950.0,3870.0,80.0,48.375,0
284,587.3997902445824,7.077105906561234,5.262278580076969,0.0634009467479152,3.242253507070493,0.0390632952659095,0.0,582.1375116645022,5.262278580076969,0.0634009467479152,585.9376722606785,3.800160596176283,0.001125639987019,0.0176158793241434,0.0488201245980235,3459.0,3376.0,83.0,40.67469879518072,0
285,589.9578729273305,5.513624980629257,4.459924712052689,0.0416815393649784,2.750672727201055,0.0257072217495425,0.0,585.4979482152756,4.459924712052689,0.0416815393649784,588.0772183507569,2.579270135481238,0.0011478727794754,0.0175762109960153,0.4222291229670531,2354.0,2247.0,107.0,21.0,0
286,596.3772991933404,1.3223443441094025,10.164353454361654,0.0225373690784072,6.31346953592124,0.0139988238047034,0.0,586.2129457389779,10.164353454361654,0.0225373690784072,588.334176728709,2.1212309897312025,0.0011751972242278,0.0178339744226858,1.8469272449941627,2256.0,1805.0,451.0,4.0022172949002215,0
287,592.2263003174578,5.061763250576562,3.996983960149663,0.0341622560696552,2.4768982028705384,0.0211700701100046,0.0,588.229316357307,3.996983960149663,0.0341622560696552,590.1542876884953,1.924971331188431,0.0011911951306859,0.0177095096492512,0.0876725997420067,1733.0,1616.0,117.0,13.811965811965813,0
288,594.5938195863946,5.308873389164238,5.598936505869438,0.0499905045166914,3.49108425577572,0.0311703951408546,0.0,588.9948830805254,5.598936505869438,0.0499905045166914,592.5915203578923,3.596637277366767,0.0012453730184787,0.0178776716830577,1.141597616566969,3000.0,2888.0,112.0,25.785714285714285,0
289,597.1580439373167,5.971580439373168,4.643969749824468,0.0464396974982446,2.887426208079708,0.028874262080797,0.0,592.5140741874936,4.643969749824468,0.0464396974982446,595.3996685976999,2.885594410206181,0.0012524281294297,0.0175837533961691,0.0593762893569191,2404.0,2304.0,100.0,23.04,0
290,604.6626967739277,1.2518896413538876,12.431089753031376,0.0257372458654893,7.742469683912674,0.0160299579377074,0.0,592.231607020895,12.431089753031376,0.0257372458654893,595.9460760353011,3.7144690144060633,0.001131080698662,0.0180468338273842,3.150716210019993,3767.0,3284.0,483.0,6.799171842650104,0
291,600.7491229743382,17.164260656409663,5.119593029651796,0.1462740865614799,3.2076629438296185,0.0916475126808462,0.0,595.6295299446859,5.119593029651796,0.1462740865614799,600.1271033568067,4.497573412120801,0.001212283938577,0.0177719890723275,0.299053980214353,3745.0,3710.0,35.0,106.0,0
292,639.7841244361515,0.288711247489238,39.9637958982217,0.0180342039251902,24.985884236498077,0.0112752185182753,0.0,599.8203285379271,39.9637958982217,0.0180342039251902,599.8569123790352,0.0365838411080403,0.0020324356171133,0.0180176949716228,0.2883318894015474,2234.0,18.0,2216.0,0.0081227436823104,0
293,605.5661427988258,4.658201098452507,7.009850185688069,0.0539219245052928,4.381790809769937,0.0337060831520764,0.0,598.5562926131365,7.009850185688069,0.0539219245052928,603.257525198625,4.701232585488469,0.0012983243815212,0.0177585969246216,1.2824788542686747,3751.0,3621.0,130.0,27.853846153846156,0
294,603.189785642755,6.485911673578011,2.608255292425782,0.0280457558325352,1.6218885343691123,0.0174396616598829,0.0,600.5815303503298,2.608255292425782,0.0280457558325352,601.5435765640965,0.9620462137667118,0.0013071280078352,0.0177011728888016,2.6580787076857177,829.0,736.0,93.0,7.913978494623656,0
295,604.4910807643375,2.457280816115193,6.715627121740756,0.0272992972428486,4.168638986210827,0.0169456869358163,0.0,597.7754536425944,6.715627121740756,0.0272992972428486,600.1256346688822,2.350181026287828,0.0013056561257154,0.0177457158351848,3.750278740429224,2046.0,1800.0,246.0,7.317073170731708,0
296,603.1689242958867,3.6778592944871136,4.686487307643873,0.0285761421197797,2.909675955802057,0.0177419265597686,0.0,598.4824369882402,4.686487307643873,0.0285761421197797,600.2476156945033,1.7651787062631,0.0012662687993279,0.017812857325508,1.6255602262138495,1558.0,1394.0,164.0,8.5,0
297,605.0501639632596,6.1739812649312205,6.852841549512632,0.0699269545868635,4.272073730487631,0.0435925890866084,0.0,598.1973224137466,6.852841549512632,0.0699269545868635,603.3034819088284,5.10615949508167,0.0012923714237108,0.0178232862697058,2.0324842704033586,4049.0,3951.0,98.0,40.31632653061224,0
298,610.4831443608728,2.1420461205644656,8.488083737274088,0.0297827499553476,5.306037552036476,0.0186176756211806,0.0,601.9950606235996,8.488083737274088,0.0297827499553476,605.3416204661426,3.346559842542888,0.0012449999414222,0.0180404347183515,1.2904073619856715,2973.0,2688.0,285.0,9.43157894736842,0
299,613.8318162500191,2.5576325677084126,8.734555235258059,0.0363939801469085,5.484949683030249,0.022853957012626,0.0,605.0972610147608,8.734555235258059,0.0363939801469085,609.4667103234915,4.36944930873085,0.0012954193029145,0.018187941360531,0.2265136237399474,3613.0,3373.0,240.0,14.054166666666667,0
300,617.5086030473974,2.2373500110412947,9.43163069481682,0.0341725749812203,5.938811421424343,0.02151743268632,0.0,608.076972352582,9.43163069481682,0.0341725749812203,612.4966453655934,4.419673013011447,0.0013252392842613,0.0181592669630579,1.3713560117948305,3611.0,3335.0,276.0,12.083333333333334,0
301,617.0419258823729,51.42016049019774,4.759702838128267,0.3966419031773556,2.996403359684485,0.249700279973707,0.0,612.2822230442466,4.759702838128267,0.3966419031773556,616.8391148662147,4.556891821967952,0.0013102046641655,0.0169009180131827,0.196329757662113,3490.0,3478.0,12.0,289.8333333333333,0
302,623.2447607391488,2.1198801385685333,7.587906587119266,0.0258092060786369,4.743657236832548,0.0161348885606549,0.0,615.6568541520287,7.587906587119266,0.0258092060786369,617.9381897458605,2.281335593831841,0.0012128312566889,0.0180495612016606,1.163720825845246,2175.0,1881.0,294.0,6.3979591836734695,0
303,623.0877321994489,4.98470185759559,6.052198778779238,0.0484175902302339,3.7957159213071225,0.0303657273704569,0.0,617.0355334206695,6.052198778779238,0.0484175902302339,620.8189617746007,3.7834283539311855,0.0012886336355351,0.0181501633987854,0.9026563251910602,3061.0,2936.0,125.0,23.488,0
304,627.7481761971488,2.299443868854025,7.368229885712294,0.0269898530612171,4.584783965716752,0.0167940804605009,0.0,620.3799463114356,7.368229885712294,0.0269898530612171,622.9323372193302,2.552390907894619,0.0013533355821286,0.0176404358161855,0.4206639662305633,2159.0,1886.0,273.0,6.908424908424909,0
305,643.167884187591,0.5520754370708936,21.07101080857052,0.0180867045567128,13.13954112392299,0.0112785760720369,0.0,622.0968733790215,21.07101080857052,0.0180867045567128,622.2719099355809,0.1750365565593483,0.001250261118281,0.0179364585854163,0.8354638403086483,1305.0,140.0,1165.0,0.1201716738197424,0
306,624.1484097045118,17.832811705843195,2.955533840552322,0.0844438240157806,1.8272924118162617,0.0522083546233217,0.0,621.1928758639597,2.955533840552322,0.0844438240157806,623.5424969762116,2.349621112251839,0.0012659596509977,0.0173117922371472,1.0614755731451735,1891.0,1856.0,35.0,53.02857142857143,0
307,630.2812419353531,3.914790322579833,7.029180370703641,0.0436595054080971,4.367341311290425,0.0271263435483877,0.0,623.2520615646495,7.029180370703641,0.0436595054080971,627.4111648657051,4.159103301055666,0.0012497305592114,0.0178265656499876,0.272608066451653,3489.0,3328.0,161.0,20.67080745341615,0
308,637.8203284450377,1.374612776821202,10.918967509225595,0.0235322575629861,6.8451376797175385,0.0147524518959429,0.0,626.9013609358127,10.918967509225595,0.0235322575629861,629.4099682833678,2.5086073475550847,0.001291100024475,0.0181257762104955,0.4918621367235687,2407.0,1943.0,464.0,4.1875,0
309,637.5804610895561,2.146735559224094,8.685877747559825,0.0292453796214135,5.456540005429066,0.0183721885704682,0.0,628.8945833419973,8.685877747559825,0.0292453796214135,632.1475854973346,3.2530021553374127,0.0012908738711656,0.0182925104115203,0.4973272521448848,2817.0,2520.0,297.0,8.484848484848484,0
310,638.7428178103567,9.124897397290807,6.745557205405429,0.0963651029343632,4.252616563467655,0.060751665192395,0.0,631.9972606049514,6.745557205405429,0.0963651029343632,637.5021149027647,5.504854297813267,0.0014133130418005,0.017724327251314,0.1322643013710944,3965.0,3895.0,70.0,55.642857142857146,0
311,644.2530380945448,4.353061068206384,7.109655384484952,0.0480382120573307,4.4140366415766605,0.029824571902545,0.0,637.1433827100616,7.109655384484952,0.0480382120573307,641.6104419346143,4.467059224552713,0.0011858399852807,0.0178553794589903,0.340759487843286,3915.0,3767.0,148.0,25.4527027027027,0
312,644.5478573455584,6.856892099420834,4.162099648236657,0.0442776558323048,2.5879663973653866,0.0275315574187807,0.0,640.3857576973237,4.162099648236657,0.0442776558323048,642.9015612284252,2.515803531101483,0.0012054640781511,0.017513788480141,1.2071313804921149,2181.0,2087.0,94.0,22.20212765957447,0
313,647.6994584813024,5.731853614878782,6.222062225682431,0.0550624975724109,3.837216570928976,0.0339576687692829,0.0,641.4773962556203,6.222062225682431,0.0550624975724109,645.6906585248682,4.213262269247935,0.0011271434642182,0.0177769907649038,1.4059945236303977,3851.0,3738.0,113.0,33.07964601769911,0
314,652.4557747139372,2.077884632846934,7.45787977258439,0.0237512094668292,4.640654169093756,0.0147791534047571,0.0,644.997894941353,7.45787977258439,0.0237512094668292,646.8627016153996,1.8648066740466904,0.0012069946110334,0.0178123347087185,0.6752107267167275,1859.0,1545.0,314.0,4.920382165605096,0
315,651.8938100546711,8.930052192529741,5.754994370093662,0.0788355393163515,3.5795827530097664,0.0490353801782159,0.0,646.1388156845767,5.754994370093662,0.0788355393163515,650.5967703195738,4.457954634997236,0.0011967663449657,0.0177676676040712,0.7058113149008705,3798.0,3725.0,73.0,51.02739726027397,0
316,653.889564950309,6.34844237815834,3.779074391959652,0.0366900426403849,2.333303938369733,0.0226534362948517,0.0,650.110490558348,3.779074391959652,0.0366900426403849,652.0931354151592,1.9826448568111343,0.001205255232104,0.0174410634480568,0.4680696232261994,1748.0,1645.0,103.0,15.970873786407768,0
317,655.9102000932023,3.835732164287733,5.206723737035879,0.0304486768247712,3.2137224108254823,0.0187936983089209,0.0,650.7034763561653,5.206723737035879,0.0304486768247712,652.8948883426285,2.1914119864632085,0.0011607055013046,0.0176334020501398,1.3724930692545172,2059.0,1888.0,171.0,11.04093567251462,0
318,661.9192133618715,2.1990671540261517,9.519435643689723,0.0316260320388362,5.925277319812018,0.0196853067103389,0.0,652.3997777181769,9.519435643689723,0.0316260320388362,656.4945338143385,4.094756096161632,0.0011639443138606,0.0180221911878171,0.4779324848030342,3819.0,3518.0,301.0,11.687707641196011,0
319,661.6239265918196,3.2753659732268297,6.274088326270768,0.0310598431993602,3.929778291711419,0.0194543479787694,0.0,655.3498382655455,6.274088326270768,0.0310598431993602,657.9668290051782,2.6169907396326835,0.0012054310177948,0.0181044434982246,1.1272568604940147,2373.0,2171.0,202.0,10.747524752475249,0
320,662.7773973955645,6.025249067232405,5.581804803944713,0.050743680035861,3.494220363948051,0.031765639672255,0.0,657.1955925916179,5.581804803944713,0.050743680035861,660.835101734024,3.639509142405928,0.0012806154617895,0.0176572332867336,0.7530723791420542,2952.0,2842.0,110.0,25.83636363636364,0
321,665.686029212467,3.962416840550399,5.575326600239708,0.0331864678585696,3.453962476747951,0.020559300456833,0.0,660.1107026122279,5.575326600239708,0.0331864678585696,662.7078154096612,2.5971127974333967,0.0011667173393681,0.0177274631119388,0.7062130059410947,2394.0,2226.0,168.0,13.25,0
322,664.0978622268628,6.510763355165322,4.787640792556131,0.0469376548289816,2.9702938205202045,0.0291205276521588,0.0,659.3102214343073,4.787640792556131,0.0469376548289816,662.3057281653389,2.9955067310315826,0.0011991620220302,0.0175699417796475,3.380301047128114,2600.0,2498.0,102.0,24.49019607843137,0
323,666.2684818330201,5.08601894529023,6.504299763958931,0.0496511432363277,4.018115058720188,0.0306726340360319,0.0,659.7641820690628,6.504299763958931,0.0496511432363277,663.9334403443065,4.169258275243806,0.001127740945427,0.0178247441886535,2.523357298239489,3828.0,3697.0,131.0,28.221374045801525,0
324,668.6726478928429,3.5009039156693342,5.879077318852194,0.0307805095227863,3.649618208176156,0.0191079487339065,0.0,662.7935705739897,5.879077318852194,0.0307805095227863,665.3010408067257,2.5074702327360683,0.0011980268670502,0.0176523931210321,1.1222918252891532,2284.0,2093.0,191.0,10.958115183246074,0
325,667.1805900291247,8.136348658891764,3.300204603526224,0.0402463976039783,2.043600377508816,0.0249219558232782,0.0,663.8803854255966,3.300204603526224,0.0402463976039783,665.7361777595827,1.8557923339860736,0.0011957424832384,0.0176147837749024,1.403417915175055,1634.0,1552.0,82.0,18.92682926829268,0
326,668.5703580929008,5.864652263972815,3.0261213246890803,0.0265449239007814,1.8708561491569464,0.0164110188522539,0.0,665.5442367682091,3.0261213246890803,0.0265449239007814,666.5775378488266,1.033301080617548,0.0012884053374283,0.0174808793339842,0.1740824920981936,916.0,802.0,114.0,7.035087719298246,0
327,670.6551732009807,9.187057167136722,4.640774190262914,0.0635722491816837,2.8572069017220803,0.0391398205715353,0.0,666.0143990107133,4.640774190262914,0.0635722491816837,669.3736914708461,3.3592924601327923,0.0011615810719684,0.0175545442484191,0.5452983826863829,2965.0,2892.0,73.0,39.61643835616438,0
328,676.9950363848473,1.57440706136011,9.171391177679215,0.0213288166922772,5.6718159675877065,0.0131902696920644,0.0,667.823645207161,9.171391177679215,0.0213288166922772,669.3958272003947,1.5721819932336984,0.0011812036012274,0.0176725794987268,1.5325818034296503,1761.0,1331.0,430.0,3.0953488372093023,0
329,719.0396173775159,0.2540776033136098,50.86443126481454,0.0179732972667189,31.745130406592818,0.0112173605677006,0.0,668.1751861127107,50.86443126481454,0.0179732972667189,668.1922846058599,0.0170984931492057,0.0170984931492057,0.0179672553963448,1.203542594534838,2831.0,1.0,2830.0,0.0003533568904593,0
330,670.8568778499516,13.69095669081534,2.960180299049731,0.0604118428377496,1.8251829336146577,0.0372486312982583,0.0,667.8966975509002,2.960180299049731,0.0604118428377496,670.0055696536783,2.1088721027781503,0.0012590281210615,0.0173736366586386,0.2784885618104908,1724.0,1675.0,49.0,34.18367346938776,0
331,670.5969797047757,7.708011260974433,4.2453435642210975,0.0487970524623114,2.6306746931557217,0.0302376401512151,0.0,666.3516361405528,4.2453435642210975,0.0487970524623114,669.0613751174175,2.709738976864628,0.0012983895432988,0.0176506274408987,3.653933513125424,2174.0,2087.0,87.0,23.988505747126435,0
332,675.9847693036993,4.38951148898506,6.986379262997559,0.0453660991103737,4.344808013681389,0.0282130390498791,0.0,668.9983900407026,6.986379262997559,0.0453660991103737,673.240430954487,4.242040913784422,0.0012827459672768,0.0178203788909888,0.0451524320421299,3461.0,3307.0,154.0,21.47402597402597,0
333,679.5297500895078,3.190280516852149,7.617100673584114,0.0357610360262165,4.752583513200361,0.0223125986535228,0.0,671.9126494159284,7.617100673584114,0.0357610360262165,675.7095827700086,3.796933354080238,0.0012560150030037,0.0179350578380244,1.3098397453898087,3236.0,3023.0,213.0,14.192488262910798,0
334,683.1743828736944,3.733193349036581,7.596122290363694,0.0415088649746649,4.751872940077006,0.025966518798235,0.0,675.5782605833358,7.596122290363694,0.0415088649746649,679.8833672127325,4.305106629396732,0.0012847229571461,0.0179836921364036,0.113444262964208,3534.0,3351.0,183.0,18.311475409836067,0
335,684.1631058898839,3.84361295443755,7.188694142499004,0.0403859221488708,4.499831336289731,0.0252799513274703,0.0,676.97441174739,7.188694142499004,0.0403859221488708,680.9642177687268,3.98980602133679,0.0012808366039604,0.0179712815795342,2.8909398099698933,3293.0,3115.0,178.0,17.5,0
336,686.0895114721476,9.271479884758753,5.245101503583697,0.0708797500484283,3.279123924169377,0.0443124854617483,0.0,680.8444099685704,5.245101503583697,0.0708797500484283,684.7796831013023,3.935273132731936,0.001278931794843,0.0177003833898007,0.1018578549169433,3151.0,3077.0,74.0,41.58108108108108,0
337,689.8205420881488,5.796811278051671,6.884349728176691,0.0578516783880394,4.296825972452652,0.0361077812811147,0.0,682.9361923599747,6.884349728176691,0.0578516783880394,687.6835358167643,4.747343456789622,0.0012200831294756,0.0179580358939874,1.8254821932943628,4010.0,3891.0,119.0,32.69747899159664,0
338,694.3966321176985,5.300737649753423,6.944160124312845,0.053008855910785,4.349880431889803,0.0332051941365633,0.0,687.4524719933837,6.944160124312845,0.053008855910785,692.0379814974134,4.585509504029687,0.0012484371097276,0.0180049665670615,0.2130297176916542,3804.0,3673.0,131.0,28.0381679389313,0
339,693.9648129542434,5.379572193443747,7.286851543543642,0.0564872212677801,4.570964990538287,0.0354338371359557,0.0,686.6779614106977,7.286851543543642,0.0564872212677801,691.6362905071644,4.958329096466741,0.0012498938987816,0.0180505616052633,5.341801140024302,4096.0,3967.0,129.0,30.751937984496124,0
340,694.5387270748723,13.356513982209083,3.600734473834716,0.0692448937275907,2.256303070730073,0.043390443667886,0.0,690.9379926010387,3.600734473834716,0.0692448937275907,693.625516669233,2.687524068194307,0.0012951923220213,0.0175617385699874,0.6801015052550952,2127.0,2075.0,52.0,39.90384615384615,0
341,697.2362797991161,5.959284442727488,5.01025918470098,0.0428227280743673,3.1253528456748656,0.0267124174844005,0.0,692.2260206144194,5.01025918470098,0.0428227280743673,695.1443406742217,2.9183200598022268,0.0012246412336559,0.0178798215802944,1.3815138798636897,2500.0,2383.0,117.0,20.36752136752137,0
342,703.9616553375363,2.1462245589559035,9.98767798574587,0.0304502377614203,6.265156864586815,0.019101088001789,0.0,693.9739773517938,9.98767798574587,0.0304502377614203,698.0164064991939,4.042429147400071,0.0012534664022945,0.0181257586534829,1.1522225885928492,3553.0,3225.0,328.0,9.832317073170731,0
343,704.7615025652013,2.481554586497188,7.551384652144363,0.0265893825779731,4.740914985352746,0.0166933626244815,0.0,697.2101179130628,7.551384652144363,0.0265893825779731,699.6244417932049,2.414323880142092,0.00129039223952,0.0180882421549169,0.78810880320151,2155.0,1871.0,284.0,6.588028169014085,0
344,705.1161695895787,4.406976059934867,7.206274365862298,0.0450392147866393,4.517411559652999,0.0282338222478312,0.0,697.9098952237212,7.206274365862298,0.0450392147866393,702.2550666690788,4.345171445357664,0.0012870768499282,0.0178818932531243,1.6965057777087509,3536.0,3376.0,160.0,21.1,0
345,713.9592247763467,1.3395107406685678,12.592916578954735,0.0236264851387518,7.877272763039955,0.0147791233828141,0.0,701.3663081973968,12.592916578954735,0.0236264851387518,704.349937711788,2.9836295143911684,0.0012207976736461,0.0180286811717798,0.8706032299436401,2977.0,2444.0,533.0,4.585365853658536,0
346,705.8718539644085,5.152349299010281,4.746154732356048,0.0346434651996791,2.9558315071161942,0.0215754124607021,0.0,701.1256992320543,4.746154732356048,0.0346434651996791,703.4176327133787,2.291933481324349,0.0011844617474544,0.0179140237301446,3.2242384797337422,2072.0,1935.0,137.0,14.124087591240876,0
347,712.126109151678,3.151000482972026,8.780295160266498,0.0388508635410022,5.517177734640649,0.0244122908612418,0.0,703.3458139914147,8.780295160266498,0.0388508635410022,708.0103663826661,4.664552391251391,0.0012512211349923,0.0182112511903178,0.0718187219639503,3954.0,3728.0,226.0,16.495575221238937,0
348,709.7375187736257,3.79538780092848,8.049995993116811,0.0430481069150631,5.050360098752697,0.027007273255362,0.0,701.6875227805101,8.049995993116811,0.0430481069150631,706.3811174766172,4.693594696107084,0.0012539659888076,0.0179486700374784,6.304547616676757,3930.0,3743.0,187.0,20.016042780748663,0
349,710.5838260453634,10.76642160674793,5.194191485357109,0.0786998709902592,3.234969842641802,0.0490146945854818,0.0,705.3896345600047,5.194191485357109,0.0786998709902592,709.4263691888616,4.036734628856948,0.0011897243232705,0.0175372250985116,0.9739300598141654,3459.0,3393.0,66.0,51.40909090909091,0
350,715.958308876852,3.4256378415160382,6.896304350436065,0.0329966715331869,4.261489037818918,0.0203898997024828,0.0,709.0620045264081,6.896304350436065,0.0329966715331869,712.2345188639479,3.172514337539724,0.0011222194331587,0.0178171770952351,0.3468697400179508,3036.0,2827.0,209.0,13.526315789473683,0
351,716.5163859759323,5.268502838058326,4.989346312026173,0.0366863699413689,3.104439973000062,0.0228267645073533,0.0,711.5270396639007,4.989346312026173,0.0366863699413689,714.0985330530953,2.5714933891945293,0.0011943768644656,0.0177783303149781,0.6900736539614059,2289.0,2153.0,136.0,15.830882352941176,0
352,716.8516287923233,8.636766611955702,4.233630900324123,0.0510076012087243,2.6257179659577647,0.0316351562163586,0.0,712.6179978919963,4.233630900324123,0.0510076012087243,715.3990728010056,2.7810749090092486,0.0012208406097494,0.017500674594189,1.4624116111992862,2361.0,2278.0,83.0,27.44578313253012,0
353,720.0637947769712,4.472445930291747,5.854793085780805,0.0363651744458435,3.6118221017067262,0.0224336776503523,0.0,714.2090016911941,5.854793085780805,0.0363651744458435,717.2123263509775,3.0033246597834022,0.0011299189841171,0.0177109840123835,1.1727257430266036,2819.0,2658.0,161.0,16.509316770186334,0
354,722.1736395325245,3.2677540250340478,7.434521198676302,0.0336403674148248,4.624051531884684,0.0209233100990257,0.0,714.7391183338493,7.434521198676302,0.0336403674148248,718.2159808631698,3.4768625293204423,0.0011770015332838,0.0179079577798855,2.4558902454314198,3175.0,2954.0,221.0,13.366515837104073,0
355,727.5120431463562,1.68405565543138,11.99086615628702,0.0277566346210347,7.518436061536907,0.0174037871794835,0.0,715.5211769900612,11.99086615628702,0.0277566346210347,719.6709515999743,4.149774609913038,0.0011997035588068,0.018150674875884,2.677339067984235,3891.0,3459.0,432.0,8.006944444444445,0
356,725.804011982912,5.111295859034592,7.262890138924567,0.0511471136543983,4.567271396016245,0.0321638830705369,0.0,718.5411218439831,7.262890138924567,0.0511471136543983,723.2071927782629,4.666070934279787,0.0012069505779306,0.0182874591876699,1.1124079497686807,4008.0,3866.0,142.0,27.225352112676056,0
357,726.9776778223747,3.9296090693101338,5.622621444430026,0.0303925483482704,3.5215251310353257,0.0190352709785693,0.0,721.3550563779409,5.622621444430026,0.0303925483482704,723.6920422298958,2.336985851954978,0.0013233215469733,0.0177601923917779,1.852136400322081,1951.0,1766.0,185.0,9.545945945945943,0
358,773.4311137129689,0.2890250798628433,50.54845717279779,0.0188895579868452,31.88180407341033,0.0119139776059081,0.0,722.8826565401653,50.54845717279779,0.0188895579868452,724.4642889981703,1.5816324580050605,0.0012642945307794,0.0182985144674135,0.7907949545673887,3927.0,1251.0,2676.0,0.4674887892376682,0
359,730.8180824985398,7.095321189306211,6.506853905538265,0.063173338888721,4.054448883794611,0.0393635813960641,0.0,724.3112285930026,6.506853905538265,0.063173338888721,728.9738286521138,4.662600059111128,0.0012253876633669,0.0179053771497669,0.1353134232847423,3908.0,3805.0,103.0,36.94174757281554,0
360,760.2469827755554,0.4879634035786619,31.93107868442236,0.0204949157152903,20.223040385023623,0.0129801286168315,0.0,728.3159040911314,31.93107868442236,0.0204949157152903,731.4799785646132,3.1640744734818327,0.0012540921416891,0.018464059185457,0.6398665430314736,4081.0,2523.0,1558.0,1.6193838254172015,0
361,735.4942723944612,4.457541044814916,4.378082651860383,0.0265338342536992,2.743145970697958,0.0166251270951391,0.0,731.1161897425995,4.378082651860383,0.0265338342536992,732.5131528916361,1.3969631490365373,0.0013067943396038,0.0180673909262126,0.3458984462093326,1234.0,1069.0,165.0,6.478787878787879,0
362,738.3551762142882,3.296228465242358,8.179885984652804,0.0365173481457714,5.180250090288674,0.023126116474503,0.0,730.1752902296308,8.179885984652804,0.0365173481457714,734.2035625756631,4.028272346032281,0.0013767164545564,0.0185339894581478,2.319844933756599,3150.0,2926.0,224.0,13.0625,0
363,740.3874267274,16.453053927275555,6.471643400726996,0.1438142977939332,4.120577429468623,0.0915683873215249,0.0,733.9157833266681,6.471643400726996,0.1438142977939332,739.5712910807981,5.655507754129985,0.001410702857104,0.0181363477022639,0.2692981687442284,4054.0,4009.0,45.0,89.08888888888889,0
364,744.0120104726902,15.830042776014686,5.958250189520565,0.1267712806280971,3.776082635737656,0.080342183739099,0.0,738.0537602831691,5.958250189520565,0.1267712806280971,743.1533260058402,5.099565722671059,0.0013311317469775,0.018269882273405,1.498938174322916,3878.0,3831.0,47.0,81.51063829787235,0
365,743.332493408254,8.544051648370736,2.8716990630887307,0.0330080352079164,1.817772938041874,0.0208939418165732,0.0,740.4607943451621,2.8716990630887307,0.0330080352079164,741.7554984245336,1.2947040793715132,0.0014057590438344,0.0181263791232229,2.6738980653595377,1008.0,921.0,87.0,10.586206896551724,0
366,747.4518055335066,4.760839525691124,5.853789892591941,0.037285285940076,3.7121579590031386,0.023644318210211,0.0,741.5980156409155,5.853789892591941,0.037285285940076,744.5499294817957,2.951913840880252,0.0013628411084396,0.018483286953572,0.1574827836180361,2323.0,2166.0,157.0,13.796178343949045,0
367,750.8370619713935,4.442822851901736,7.422492362727469,0.0439200731522335,4.740385493217201,0.0280496183030603,0.0,743.414569608671,7.422492362727469,0.0439200731522335,747.674278424915,4.259708816244029,0.0014039910402913,0.018714695541293,1.1168905125446713,3203.0,3034.0,169.0,17.952662721893493,0
368,751.2589628146872,6.157860350940059,6.672073308459343,0.0546891254791749,4.246692033511762,0.0348089510943587,0.0,744.5868895062293,6.672073308459343,0.0546891254791749,749.0518322029931,4.464942696763728,0.0014134038293015,0.0180912345220826,3.0687418699329783,3281.0,3159.0,122.0,25.89344262295082,0
369,751.7669810129323,10.588267338210317,3.3404675417303458,0.0470488386159203,2.0973751891109726,0.0295404956212813,0.0,748.4265134712025,3.3404675417303458,0.0470488386159203,750.5052229441258,2.078709472923265,0.0013139756466013,0.0177712404057261,0.6070493690936587,1653.0,1582.0,71.0,22.281690140845072,0
370,754.3686523628614,5.802835787406626,4.4608498299700745,0.0343142294613082,2.7921334653125545,0.0214779497331734,0.0,749.907802532892,4.4608498299700745,0.0343142294613082,752.0323769721736,2.1245744392815595,0.0012646276424294,0.0179713491591376,0.579012578934055,1810.0,1680.0,130.0,12.923076923076923,0
371,757.5487491255161,3.8650446383954895,6.315618812244517,0.0322225449604312,3.971308777685151,0.0202617794779854,0.0,751.2331303132706,6.315618812244517,0.0322225449604312,753.9847374699094,2.751607156638784,0.0012900174198962,0.0181837329367688,0.7812267027353528,2329.0,2133.0,196.0,10.88265306122449,0
372,758.6164510366334,8.821121523681784,4.892128938296668,0.0568852202127519,3.0815379029597545,0.0358318360809273,0.0,753.7243220983362,4.892128938296668,0.0568852202127519,757.066998494654,3.3426763963177564,0.0013077763678864,0.018016890023017,0.2422881564716021,2642.0,2556.0,86.0,29.72093023255814,0
373,767.9479011392355,1.9895023345576048,11.11121571636216,0.0287855329439434,6.942802773067893,0.017986535681523,0.0,756.8366854228718,11.11121571636216,0.0287855329439434,760.9492683788571,4.112582955985317,0.0011790662144453,0.0181311729543479,0.2118645365107454,3874.0,3488.0,386.0,9.036269430051814,0
374,765.0216828416594,3.6256951793443575,7.745207845012124,0.0367071461848915,4.867178811230322,0.0230671981574896,0.0,757.2764749966482,7.745207845012124,0.0367071461848915,761.1713966622142,3.8949216655660166,0.001211107483074,0.0182478017983185,3.655354693910056,3427.0,3216.0,211.0,15.24170616113744,0
375,764.805134884417,8.593316122296821,6.47675603820428,0.0727725397551042,4.058130699955718,0.0455969741568058,0.0,758.3283788462135,6.47675603820428,0.0727725397551042,763.2276129382595,4.899234092046072,0.0012444079481955,0.0177249656871629,2.8246822838975163,4026.0,3937.0,89.0,44.235955056179776,0
376,767.6285648559218,10.23504753141229,5.111217768391507,0.06814957024522,3.1519961256762,0.042026615009016,0.0,762.5173470875264,5.111217768391507,0.06814957024522,766.3095525567709,3.792205469244436,0.0011320016326102,0.0175868306553456,0.6927614939070281,3425.0,3350.0,75.0,44.66666666666666,0
377,775.8806739008661,2.204206459945642,9.969192746678896,0.028321570303065,6.185868195228656,0.0175734891909905,0.0,765.9114811541796,9.969192746678896,0.028321570303065,769.5622807219605,3.6507995677809504,0.0011250537959263,0.0179499806218908,0.3805764801556961,3597.0,3245.0,352.0,9.21875,0
378,772.1753198832303,12.658611801364431,4.2118447989720655,0.0690466360487223,2.630955611401783,0.0431304198590456,0.0,767.9634750842556,4.2118447989720655,0.0690466360487223,771.0893796370856,3.12590455282998,0.0012031965176404,0.0178022991171257,1.5813639121586789,2659.0,2598.0,61.0,42.59016393442623,0
379,803.9142674941763,0.39817447622297,37.95820413126342,0.0188004973408932,23.79776081012093,0.0117869048093714,0.0,765.9560633628953,37.95820413126342,0.0188004973408932,767.3645342511272,1.408470888231932,0.0012839297066836,0.018102889174368,5.115170085280624,3116.0,1097.0,2019.0,0.5433382862803368,0
380,769.215800828624,9.736908871248405,4.418941619235076,0.0559359698637351,2.750225254577559,0.034812977906045,0.0,764.7968592093828,4.418941619235076,0.0559359698637351,767.824583664207,3.027724454824238,0.0012531972081226,0.0176103438533792,2.5497555240111183,2495.0,2416.0,79.0,30.582278481012654,0
381,769.7012018161022,12.828353363601703,2.4664358196764056,0.0411072636612734,1.52736061851286,0.0254560103085476,0.0,767.2347659964219,2.4664358196764056,0.0411072636612734,768.6615490365882,1.426783040166356,0.0012912063711912,0.0173275463252328,0.5718628635013374,1165.0,1105.0,60.0,18.416666666666668,0
382,772.1911867075095,6.177529493660076,4.326357542249038,0.0346108603379923,2.677908987688572,0.0214232719015085,0.0,767.864829165257,4.326357542249038,0.0346108603379923,769.983475868822,2.118646703564991,0.0012190142137888,0.0176616867094999,0.7791087998656394,1863.0,1738.0,125.0,13.904,0
383,775.8458492149555,3.329810511652169,7.151213741697792,0.0306919044708059,4.4623509354885,0.0191517207531695,0.0,768.6946354732538,7.151213741697792,0.0306919044708059,771.651159928188,2.956524454934197,0.0012554243969996,0.0180029583123067,1.2888403955682293,2588.0,2355.0,233.0,10.107296137339056,0
384,777.6788421011634,4.4438790977209335,6.92895329189109,0.0395940188108062,4.341429536167068,0.0248081687780975,0.0,770.7498888092684,6.92895329189109,0.0395940188108062,774.5225510576415,3.7726622483730807,0.0012951123406704,0.0180359488201247,0.8833208690372771,3088.0,2913.0,175.0,16.645714285714284,0
385,835.9759831426261,0.2475498913658946,61.85311491686761,0.0183159949413288,38.99778106408875,0.0115480548013292,0.0,774.1228682257408,61.85311491686761,0.0183159949413288,774.2506121952831,0.1277439695422799,0.0014683214889917,0.0182781672926689,0.3812572629070132,3464.0,87.0,3377.0,0.0257625111045306,0
386,779.7526423089898,6.780457759208607,5.898135332604499,0.0512881333269956,3.695699968724521,0.0321365214671697,0.0,773.8545069763836,5.898135332604499,0.0512881333269956,777.6935419276781,3.83903495129448,0.0013874358334999,0.0179052207070585,0.3778262446959957,2882.0,2767.0,115.0,24.06086956521739,0
387,781.2358479391207,20.55883810366107,4.834574964006216,0.127225656947532,3.023983928669311,0.079578524438666,0.0,776.4012729751169,4.834574964006216,0.127225656947532,780.5666490598499,4.165376084732998,0.0013406424476128,0.0176104968229178,1.2742337740066887,3145.0,3107.0,38.0,81.76315789473684,0
388,786.8644908531603,2.1557931256250966,10.425416183306268,0.0285627840638527,6.581288201564868,0.0180309265796297,0.0,776.4390746698496,10.425416183306268,0.0285627840638527,780.1203362592171,3.681261589367523,0.0013091257430183,0.018477135873817,4.109419326561067,3177.0,2812.0,365.0,7.704109589041096,0
389,787.4006017286104,5.624290012347217,7.5239125847126065,0.0537422327479471,4.781002284911169,0.034150016320794,0.0,779.8766891438952,7.5239125847126065,0.0537422327479471,784.7970314436627,4.920342299767526,0.001419602510031,0.0185969306067688,0.2254990552848994,3606.0,3466.0,140.0,24.757142857142856,0
390,792.394659195653,4.063562354849503,8.996702749505465,0.0461369371769511,5.699805640384519,0.0292297725147924,0.0,783.397956446149,8.996702749505465,0.0461369371769511,788.8352738727431,5.437317426594063,0.0014035408948358,0.018253258066205,1.399074997513651,4069.0,3874.0,195.0,19.866666666666667,0
391,792.2054577779987,4.57922229929479,6.476441320921954,0.0374360769995488,4.071327856071436,0.0235336870293146,0.0,785.7290164570778,6.476441320921954,0.0374360769995488,789.1052691342751,3.376252677197272,0.001356469536841,0.0179201655706568,3.087860974884848,2662.0,2489.0,173.0,14.38728323699422,0
392,795.8914027073716,4.737448825639117,6.819592289433843,0.04059281124663,4.265848217204918,0.0253919536738388,0.0,789.0718104179338,6.819592289433843,0.04059281124663,792.8731883230126,3.80137790507888,0.0012820836104819,0.0179655618116607,0.0149857342455561,3133.0,2965.0,168.0,17.648809523809526,0
393,812.8508111018157,0.7675645052897221,20.641173343395288,0.0194911929588246,13.0339886203007,0.0123078268369222,0.0,792.2096377584139,20.641173343395288,0.0194911929588246,793.4322145554329,1.2225767970189736,0.0012855697129537,0.018336729505555,0.645489558305087,2010.0,951.0,1059.0,0.8980169971671388,0
394,798.8442073047713,6.390753658438171,6.99780118975856,0.0559824095180684,4.396765560636504,0.035174124485092,0.0,791.8464061150128,6.99780118975856,0.0559824095180684,796.5698824548883,4.72347633987556,0.0013320576254584,0.0181945987990638,1.58580844042001,3671.0,3546.0,125.0,28.368,0
395,800.8736534458143,4.6293274765654,6.996607930173946,0.0404428204056297,4.415840111148949,0.0255250873476817,0.0,793.8770455156399,6.996607930173946,0.0404428204056297,797.708057150333,3.831011634693141,0.0013691964384178,0.0182982444825505,2.674603663455116,2971.0,2798.0,173.0,16.173410404624278,0
396,862.5103799865989,0.2321072066702365,68.13512987296079,0.0183356108377181,43.03006909940872,0.0115796741386998,0.0,794.3752501136363,68.13512987296079,0.0183356108377181,794.3934748894573,0.0182247758209541,0.0182247758209541,0.0183307064308777,3.3145822608757958,3717.0,1.0,3716.0,0.0002691065662002,0
397,803.4412223182001,3.586791171063393,9.458924066812235,0.0422273395839831,6.006640413613882,0.0268153589893476,0.0,793.9822982513804,9.458924066812235,0.0422273395839831,799.272890626816,5.290592375435608,0.0014869568227756,0.0186086236222503,0.3929518622559271,3782.0,3558.0,224.0,15.883928571428571,0
398,809.7021614649441,2.5146029859159755,10.5307386502323,0.032704157298858,6.700122541888937,0.0208078339810215,0.0,799.1714228147027,10.5307386502323,0.032704157298858,803.7645510386997,4.593128223996928,0.0015444277821106,0.018439783932436,0.0830444125815574,3296.0,2974.0,322.0,9.236024844720497,0
399,808.4181359195607,19.717515510233188,5.055205632039708,0.1232976983424319,3.210834913207706,0.0783130466636025,0.0,803.3629302875172,5.055205632039708,0.1232976983424319,807.6716121400455,4.308681852528252,0.0014522015006836,0.0182078970613463,0.4016207511824063,3008.0,2967.0,41.0,72.36585365853658,0
400,811.3579214288646,6.289596290146237,4.656784785841542,0.0360991068669886,2.9340209275918663,0.0227443482759059,0.0,806.7011366430207,4.656784785841542,0.0360991068669886,809.0326675753525,2.331530932331816,0.0014242705756455,0.0180252236706363,0.9516836314143688,1766.0,1637.0,129.0,12.689922480620154,0
401,815.5967107552393,5.4373114050349285,6.893595426959353,0.0459573028463956,4.346607291429448,0.0289773819428629,0.0,808.7031153282823,6.893595426959353,0.0459573028463956,812.854671244375,4.151555916092775,0.0013620590275894,0.0182802634057619,0.3115066200300589,3198.0,3048.0,150.0,20.32,0
402,818.4544776711257,4.133608473086493,6.123343868762444,0.0309259791351638,3.839837264494254,0.0193931174974457,0.0,812.3311338023661,6.123343868762444,0.0309259791351638,814.928904287048,2.59777048468186,0.0014125995022739,0.0178059261822105,0.5051809456883234,2037.0,1839.0,198.0,9.287878787878787,0
403,818.4346627590669,5.179966219994094,5.193284182992416,0.0328688872341292,3.234062540277116,0.0204687502549184,0.0,813.2413785760778,5.193284182992416,0.0328688872341292,815.6138563239235,2.372477747845778,0.0012893900803509,0.0178532052857175,1.6693768305717072,1998.0,1840.0,158.0,11.645569620253164,0
404,822.0916594435275,5.106159375425637,6.5164509018209165,0.040474850321869,4.070801816776293,0.0252844833340142,0.0,815.5752085417109,6.5164509018209165,0.040474850321869,819.2026894412372,3.62748089952629,0.0012987758322686,0.0179439130577037,0.0206738874027792,2954.0,2793.0,161.0,17.347826086956523,0
405,824.773179248282,4.003753297321757,7.678494488185589,0.0372742450882795,4.813977327801792,0.0233688219796203,0.0,817.0946847601,7.678494488185589,0.0372742450882795,821.0472532370283,3.952568476928264,0.0012701055517121,0.0180870194721053,2.0900468619085477,3318.0,3112.0,206.0,15.106796116504857,0
406,831.9506191394895,2.248515186863485,10.9463246941652,0.0295846613355816,6.906274548152263,0.018665606886898,0.0,821.0042944453293,10.9463246941652,0.0295846613355816,825.1636317341273,4.159337288798042,0.0012973603520892,0.0183432092036816,0.0248755073528172,3576.0,3206.0,370.0,8.664864864864866,0
407,833.3790490022191,2.9763537464364966,9.3600091917267,0.0334286042561667,5.927993348625377,0.0211714048165192,0.0,824.0190398104962,9.3600091917267,0.0334286042561667,828.1975858639314,4.178546053435184,0.0013090683124796,0.0185052254938844,1.1265274966819447,3472.0,3192.0,280.0,11.4,0
408,843.4004363553431,1.4901067780129738,15.29084310391974,0.0270156238585154,9.730707200627691,0.0171920621919217,0.0,828.1095932514258,15.29084310391974,0.0270156238585154,832.9021083617793,4.792515110353406,0.0013823233661244,0.0185482826741411,0.0694738737454372,4033.0,3467.0,566.0,6.125441696113074,0
409,840.3833949213843,2.593775910251186,7.876413789998341,0.0243099191049331,5.005140692915538,0.0154479651015911,0.0,832.5069811313867,7.876413789998341,0.0243099191049331,834.3683755414386,1.861394410051844,0.001348836529023,0.0185648746294619,0.3765293935184104,1704.0,1380.0,324.0,4.25925925925926,0
410,837.0393832986902,12.493125123861049,3.3764719136336088,0.0503951031885613,2.146891434412274,0.0320431557374966,0.0,833.6629113850577,3.3764719136336088,0.0503951031885613,835.8037406064516,2.140829221393915,0.0014300796402096,0.0184424282423667,0.6871866784604777,1564.0,1497.0,67.0,22.34328358208955,0
411,841.1594142768008,4.044035645561542,7.933448638203524,0.0381415799913631,5.062175541120757,0.0243373824092344,0.0,833.2259656385986,7.933448638203524,0.0381415799913631,837.304556714553,4.078591075954364,0.0014734794349546,0.0185329690492684,2.559171066473823,2976.0,2768.0,208.0,13.307692307692308,0
412,843.4759643830624,5.2066417554510025,6.443942999623952,0.0397774259236046,4.08612109166656,0.0252229697016454,0.0,837.0320213834381,6.443942999623952,0.0397774259236046,840.5372086189692,3.505187235531139,0.0014116742793117,0.0181404676795878,0.2539089334422328,2645.0,2483.0,162.0,15.32716049382716,0
413,841.9511820537089,8.174283320909796,6.004199702437989,0.0582932009945435,3.781496528460961,0.0367135585287471,0.0,835.9469823512688,6.004199702437989,0.0582932009945435,840.0902969060312,4.143314554762355,0.001291959636658,0.0180668460939578,4.571663678796938,3310.0,3207.0,103.0,31.135922330097088,0
414,844.9446035587082,3.9483392689659262,7.435185260061675,0.0347438563554283,4.678763086862194,0.021863378910571,0.0,837.5094182986452,7.435185260061675,0.0347438563554283,841.0559037180346,3.5464854193894557,0.0012620944552987,0.0181714945825866,2.5625742297133343,3024.0,2810.0,214.0,13.130841121495328,0
415,848.1345216532691,4.846482980875823,7.190048491720233,0.0410859913812584,4.507941622209946,0.0257596664126282,0.0,840.944473161541,7.190048491720233,0.0410859913812584,845.00817588072,4.063702719178991,0.0012774922097387,0.0178648329859944,0.0931908355410087,3356.0,3181.0,175.0,18.177142857142854,0
416,850.7775206413709,10.375335617577694,5.797278671011696,0.0706985203781914,3.601599243830748,0.0439219419979359,0.0,844.9802419703548,5.797278671011696,0.0706985203781914,849.3275242988437,4.347282328488973,0.0011689385126348,0.0176828822259405,0.0105111204289869,3801.0,3719.0,82.0,45.35365853658536,0
417,856.8768014918116,3.9306275297789526,7.766575545588733,0.0356264933283886,4.814231208117742,0.0220836293950355,0.0,849.1102259462191,7.766575545588733,0.0356264933283886,852.9648384805826,3.854612534363469,0.001126750229279,0.0179447844551793,0.199745495826221,3639.0,3421.0,218.0,15.692660550458717,0
418,859.4483157281597,4.476293311084166,7.6475365064056975,0.0398309193041963,4.776263409322928,0.0248763719235569,0.0,851.800779221754,7.6475365064056975,0.0398309193041963,856.0095541486367,4.208774926882597,0.001196694605312,0.017910216560016,1.1466374526060008,3709.0,3517.0,192.0,18.31770833333333,0
419,855.6686042673813,5.666679498459478,6.934253099231138,0.0459222059551731,4.319705596711063,0.0286073218325235,0.0,848.7343511681516,6.934253099231138,0.0459222059551731,852.975647586882,4.241296418730371,0.0011810906206433,0.0178341502019818,7.257764292186209,3742.0,3591.0,151.0,23.781456953642383,0
420,858.4502411734803,8.022899450219443,5.892470156360643,0.0550698145454265,3.656255108985573,0.0341706084951922,0.0,852.5577710171159,5.892470156360643,0.0550698145454265,856.5558112758362,3.998040258720266,0.0011612083237642,0.0177049523144313,0.417876569766122,3550.0,3443.0,107.0,32.177570093457945,0
421,858.7864348626687,9.437213569919436,3.892338465311596,0.0427729501682592,2.4060323915275665,0.0264399163904128,0.0,854.8940963973533,3.892338465311596,0.0427729501682592,857.2009627814917,2.3068663841384023,0.0011787768953185,0.0174227701228234,1.644293072260325,2048.0,1957.0,91.0,21.505494505494507,0
422,864.4654496066644,5.025961916317816,7.38034040345087,0.0429089558340166,4.55635886326123,0.0264904585073327,0.0,857.0851092032162,7.38034040345087,0.0429089558340166,861.3928792156519,4.30777001243564,0.0011194828514645,0.0178637813430959,0.0986829257288377,4020.0,3848.0,172.0,22.37209302325581,0
423,906.907674754204,0.3624730914285387,47.3692050502609,0.0189325359913113,29.790257759415205,0.0119065778414928,0.0,859.5384697039359,47.3692050502609,0.0189325359913113,861.3482644210657,1.809794717129762,0.0012121866826053,0.0182091967758346,1.8369519470490443,3995.0,1493.0,2502.0,0.596722621902478,0
424,863.7572570225636,4.452356994961669,4.766081558713544,0.0245674307150182,2.9622464600756517,0.0152693116498744,0.0,858.9911754638508,4.766081558713544,0.0245674307150182,860.3248072664967,1.3336318026458684,0.0012860480256951,0.0176930399797265,2.339001167084348,1231.0,1037.0,194.0,5.345360824742268,0
425,860.5052036072544,9.353317430513636,2.7886366590654013,0.0303112680333195,1.7279545973195227,0.0187821151882556,0.0,857.716566948187,2.7886366590654013,0.0303112680333195,858.8813176501172,1.1647507019301884,0.0012785408363668,0.0176509343167085,2.6082403183096403,1003.0,911.0,92.0,9.902173913043478,0
426,867.5077046247693,2.0221624816428188,11.292149832676277,0.0263220275819959,7.096713142585912,0.0165424548778226,0.0,856.2155547920904,11.292149832676277,0.0263220275819959,859.6661658256855,3.4506110335951234,0.0012947883803358,0.0182786452193094,2.647996416149624,3094.0,2665.0,429.0,6.212121212121212,0
427,864.5075953034022,6.75396558830783,6.795279505759892,0.0530881211387491,4.288826990424108,0.0335064608626883,0.0,857.7123157976405,6.795279505759892,0.0530881211387491,862.151159144237,4.438843346596514,0.0013059262567215,0.0184096574934784,1.9358749751469877,3527.0,3399.0,128.0,26.5546875,0
428,871.3140361957941,3.025395959013174,9.281073233564502,0.0322259487276545,5.862569263861231,0.0203561432772959,0.0,862.0329629622269,9.281073233564502,0.0322259487276545,866.0687775821376,4.035814619910752,0.001358860141384,0.0182127035196404,0.0997559767537268,3258.0,2970.0,288.0,10.3125,0
429,868.7963508404544,6.29562573072793,3.7152655941550656,0.026922214450399,2.337054507555337,0.0169351775909807,0.0,865.081085246298,3.7152655941550656,0.026922214450399,866.2905250474241,1.2094398011261092,0.0013089175336862,0.0181581579205088,0.9695158749401572,1062.0,924.0,138.0,6.695652173913044,0
430,876.4588106517404,2.4346078073659454,10.699740430181906,0.0297215011949497,6.761029334654225,0.0187806370407061,0.0,865.75907022155,10.699740430181906,0.0297215011949497,869.8676530908706,4.108582869320571,0.0013791818963815,0.018308771002416,0.5133389777078605,3339.0,2979.0,360.0,8.275,0
431,874.0021705337122,5.296982851719467,4.703892752000289,0.0285084409212138,2.967617020352582,0.0179855576991065,0.0,869.2982777817081,4.703892752000289,0.0285084409212138,870.9787030633017,1.6804252815936709,0.0013016462289648,0.0183240452752146,0.5511394353002856,1456.0,1291.0,165.0,7.824242424242424,0
432,874.4642804976475,6.778792872074787,6.131553276351871,0.0475314207469137,3.881826355578754,0.0300916771750291,0.0,868.332727221288,6.131553276351871,0.0475314207469137,872.1139720697795,3.7812448484914967,0.0014030593129838,0.0182194451772709,2.62778140004076,2824.0,2695.0,129.0,20.89147286821705,0
433,876.4429936465311,7.365067173500262,6.882919570710724,0.0578396602580733,4.335931435180832,0.0364363986149649,0.0,869.5600740758188,6.882919570710724,0.0578396602580733,874.2885874921814,4.728513416362603,0.001287370927406,0.0181042533978972,2.5354258616276297,3792.0,3673.0,119.0,30.865546218487395,0
434,880.3420475252426,4.133061255987054,7.447586994038115,0.0349651971551085,4.691164820838662,0.022024247985158,0.0,872.8944605312031,7.447586994038115,0.0349651971551085,876.4639248383214,3.569464307118324,0.0012684663493668,0.0182071487648882,1.3757582526185388,3027.0,2814.0,213.0,13.211267605633802,0
435,880.1910962124583,13.336228730491792,4.041365153903816,0.061232805362179,2.5483031434207706,0.0386106536881935,0.0,876.1497310585552,4.041365153903816,0.061232805362179,878.9928781222962,2.843147063741071,0.0013089995689415,0.0181548195479101,0.2959576704512301,2238.0,2172.0,66.0,32.90909090909091,0
436,885.1372135367599,4.255467372772884,7.441323797539948,0.0357755951804805,4.691657561039498,0.022556045966536,0.0,877.6958897392246,7.441323797539948,0.0357755951804805,881.3348114165456,3.6389216773209223,0.0012661522885598,0.0182807794241072,1.2969883830716071,3082.0,2874.0,208.0,13.817307692307692,0
437,885.107589969183,12.293160971794208,4.129231593067854,0.057350438792609,2.6091458357887345,0.0362381366081768,0.0,880.9783583761168,4.129231593067854,0.057350438792609,883.7973914449046,2.819033068787803,0.0013148475134271,0.0181972017260881,0.3381536877857343,2216.0,2144.0,72.0,29.77777777777778,0
438,889.3160390046082,5.200678590670224,7.28368782511101,0.042594665643924,4.547533462008602,0.0265937629357228,0.0,882.0323511794957,7.28368782511101,0.042594665643924,886.2619890604251,4.229637880929431,0.0012249168493858,0.0178599411940534,1.7465183763777077,3624.0,3453.0,171.0,20.19298245614035,0
439,891.1603966763321,7.886375191825947,5.143427528531343,0.0455170577746136,3.197717759214064,0.0282983872496819,0.0,886.0169691478,5.143427528531343,0.0455170577746136,889.1749228624342,3.157953714634232,0.0011998304386908,0.0175705647247601,0.2275981064026382,2745.0,2632.0,113.0,23.292035398230087,0
440,923.5712434710556,0.4636401824653893,35.80628085968046,0.017975040592209,22.33494308183789,0.0112123208242158,0.0,887.7649626113712,35.80628085968046,0.017975040592209,887.8173987435039,0.0524361321326978,0.0024969586729856,0.0179487172327066,1.3926633036646765,2013.0,21.0,1992.0,0.0105421686746987,0
441,894.9114339434603,4.890226414991586,7.670746025139065,0.0419166449461151,4.765693244561178,0.026042039587766,0.0,887.2406879183251,7.670746025139065,0.0419166449461151,891.6378833978271,4.397195479501988,0.001223822844281,0.0178882543477227,0.5591412328116121,3776.0,3593.0,183.0,19.633879781420767,0
442,899.5890992937334,4.759730684093827,8.080297151957295,0.042752894983901,5.046881574098098,0.0267030771116301,0.0,891.508802141776,8.080297151957295,0.042752894983901,896.1950994902381,4.686297348462176,0.0012597573517371,0.0179576709179643,0.1111651154416222,3909.0,3720.0,189.0,19.682539682539684,0
443,901.8610116387044,3.3279004119509388,7.307535885462007,0.0269650770681254,4.564625585660578,0.016843636847456,0.0,894.5534757532419,7.307535885462007,0.0269650770681254,897.0013632061352,2.447887452893383,0.0012924432169447,0.0179322820390007,1.6236209532426074,2165.0,1894.0,271.0,6.988929889298893,0
444,902.3214105890704,6.7843715081884985,5.487544899632885,0.0412597360874653,3.426984206432305,0.0257667985446038,0.0,896.8338656894367,5.487544899632885,0.0412597360874653,899.9421986377139,3.108332948277166,0.0013176485579809,0.0178888116643339,0.1493421425988117,2492.0,2359.0,133.0,17.736842105263158,0
445,901.4926139402608,6.39356463787419,6.595588004707032,0.0467772198915392,4.116159236167328,0.0291926186962221,0.0,894.8970259355546,6.595588004707032,0.0467772198915392,898.972881195063,4.075855259508444,0.0012939223046058,0.0178704450014033,5.027085818025398,3291.0,3150.0,141.0,22.34042553191489,0
446,905.8596524201804,3.758753744482077,7.679851018381823,0.0318666017360241,4.801821984600028,0.0199245725502075,0.0,898.179801401796,7.679851018381823,0.0318666017360241,901.520553402572,3.340752000775865,0.0012644784257289,0.0180045602390395,0.7751289473856104,2883.0,2642.0,241.0,10.962655601659751,0
447,907.1888680724608,9.163523919923849,6.103964362839743,0.0616562056852499,3.820457758571538,0.0385904824098135,0.0,901.0849037096206,6.103964362839743,0.0616562056852499,905.4235765309228,4.338672821302225,0.0012962870694061,0.0178312276923039,0.4177885361505105,3446.0,3347.0,99.0,33.80808080808081,0
448,912.4196089893098,5.304765168542499,7.249126901682698,0.0421460866376901,4.533240348677348,0.0263560485388217,0.0,905.1704820876251,7.249126901682698,0.0421460866376901,909.3165274415576,4.1460453539323225,0.001235781029488,0.0180411717892572,0.234638412123445,3527.0,3355.0,172.0,19.50581395348837,0
449,913.1215388970166,9.611805672600177,4.681305267232079,0.0492768975498113,2.93151766218633,0.0308580806545929,0.0,908.4402336297832,4.681305267232079,0.0492768975498113,911.433252651522,2.9930190217387462,0.0013035797133008,0.0177714341631024,0.8582026881693992,2391.0,2296.0,95.0,24.16842105263158,0
450,915.570939766628,12.372580267116591,5.7927155032137465,0.0782799392326182,3.583524202634768,0.0484260027383076,0.0,909.7782242634132,5.7927155032137465,0.0782799392326182,914.265193719122,4.486969455708731,0.001179849975206,0.0176452168581873,1.6366045547401882,3877.0,3803.0,74.0,51.391891891891895,0
451,918.4795435297016,5.434790198400601,6.321450781657011,0.0374050342109882,3.902825443408461,0.0230936416769731,0.0,912.1580927480452,6.321450781657011,0.0374050342109882,915.4818923917476,3.3237996437023867,0.0011248052939771,0.0177375806979533,2.089643406410005,3124.0,2955.0,169.0,17.485207100591715,0
452,968.2874139198648,0.3237336723235923,53.85715178897545,0.0180064031390757,33.62987731211489,0.0112436901745619,0.0,914.43026213091,53.85715178897545,0.0180064031390757,914.5007817339048,0.0705196029948638,0.0014691583957263,0.0179828258729387,1.0341654557132642,3039.0,48.0,2991.0,0.0160481444332999,0
453,919.4549290067812,3.619901295302288,8.95731362157128,0.0352650142581546,5.586101208761145,0.0219925244439415,0.0,910.4976153852144,8.95731362157128,0.0352650142581546,914.8848915575544,4.38727617234008,0.0012499362314359,0.0179922734221522,3.9854814160668175,3764.0,3510.0,254.0,13.818897637795276,0
454,923.197056686716,2.5502681123942432,10.15542986028284,0.0280536736471901,6.358593435434571,0.0175651752360071,0.0,913.0416268264368,10.15542986028284,0.0280536736471901,916.66025476939,3.618627942953026,0.0012900634377729,0.0180574638600168,1.82541617179686,3167.0,2805.0,362.0,7.748618784530387,0
455,921.0785448630184,7.4884434541708815,4.646478203574658,0.0377762455575175,2.9102024719269437,0.023660182698593,0.0,916.4320666594424,4.646478203574658,0.0377762455575175,918.8689441649492,2.4368775055070278,0.0013455977390983,0.0179642333176353,0.209926336766216,1934.0,1811.0,123.0,14.723577235772357,0
456,921.243801873346,10.236042243037176,6.200044733831557,0.0688893859314617,3.8827584460682862,0.0431417605118698,0.0,915.0437571395192,6.200044733831557,0.0688893859314617,919.646823508394,4.603066368874806,0.0013349960466574,0.0177442040550204,3.807190112268472,3538.0,3448.0,90.0,38.31111111111111,0
457,923.6684125101956,13.00941426070698,4.514631555506327,0.0635863599367088,2.805379570654701,0.0395123883190803,0.0,919.1537809546924,4.514631555506327,0.0635863599367088,922.4205146915514,3.266733736858896,0.001234126836743,0.0175760256147057,0.4751111810621751,2718.0,2647.0,71.0,37.28169014084507,0
458,924.8764758684922,4.718757529941287,6.473784275630935,0.0330295116103619,4.028135190586315,0.0205517101560526,0.0,918.4026915928576,6.473784275630935,0.0330295116103619,921.3685941307806,2.965902537923057,0.0012235571526085,0.017897355804651,3.999977271051989,2620.0,2424.0,196.0,12.36734693877551,0
459,927.7970284368698,5.692006309428649,6.811365788306201,0.0417875201736576,4.257621716077286,0.026120378626241,0.0,920.9856626485624,6.811365788306201,0.0417875201736576,924.8717237610908,3.886061112528523,0.001286775202824,0.0179466544526318,0.3649766779344645,3183.0,3020.0,163.0,18.52760736196319,0
460,928.4632399619076,8.07359339097311,4.228148100462354,0.0367665052214117,2.6405029761930527,0.0229608954451569,0.0,924.2350918614457,4.228148100462354,0.0367665052214117,926.415287027764,2.180195166318299,0.0012992819823112,0.0178082863838584,0.6186487162412959,1793.0,1678.0,115.0,14.591304347826089,0
461,931.7296529504436,6.425721744485817,6.681006834999746,0.0460759092068948,4.174554319663943,0.0287900297907858,0.0,925.0486461154449,6.681006834999746,0.0460759092068948,929.1236726262362,4.075026510791304,0.0012573361650081,0.017972278097982,1.348450743995727,3386.0,3241.0,145.0,22.351724137931036,0
462,934.5420026832948,6.974194049875334,5.523104064271454,0.0412171945094884,3.455787434371853,0.0257894584654615,0.0,929.0188986190296,5.523104064271454,0.0412171945094884,932.1454454816004,3.1265468625708763,0.0012803222205449,0.0178847552365249,0.0866862824531153,2576.0,2442.0,134.0,18.22388059701493,0
463,935.6252719066716,7.7324402636915,6.578677305872619,0.0543692339328315,4.119516347429935,0.0340455896481812,0.0,929.0465946008032,6.578677305872619,0.0543692339328315,933.4449209127172,4.398326311913934,0.0012509460500324,0.0180194297021019,3.0988508807971584,3637.0,3516.0,121.0,29.05785123966942,0
464,936.616290280992,10.292486706384526,3.71729170293384,0.0408493593728993,2.3255687429360625,0.0255557004718248,0.0,932.8989985780634,3.71729170293384,0.0408493593728993,935.0061048568914,2.107106278828041,0.0013022906544054,0.0176943453197864,0.5277916023103444,1709.0,1618.0,91.0,17.78021978021978,0
465,940.84891985637,6.314422280915235,6.166198201056173,0.0413838805440011,3.8556678499919097,0.0258769654361873,0.0,934.6827216553193,6.166198201056173,0.0413838805440011,938.1633068952084,3.480585239889251,0.0012457355905115,0.0180242480614865,0.3050411811814228,2943.0,2794.0,149.0,18.751677852348998,0
466,941.5312580298424,12.388569184603188,3.457461658597303,0.0454929165604908,2.167077749084808,0.0285141809090106,0.0,938.073796371248,3.457461658597303,0.0454929165604908,940.173349457656,2.09955308640815,0.0012992283950545,0.0178672180550823,0.0714199915967128,1692.0,1616.0,76.0,21.26315789473684,0
467,944.5351862734416,9.638114145647364,4.410035131563466,0.0450003584853414,2.75483064030398,0.0281105167377957,0.0,940.12515114188,4.410035131563466,0.0450003584853414,942.7884877957,2.663336653819897,0.0012712824123245,0.0178234538545081,0.0299675722080792,2193.0,2095.0,98.0,21.377551020408163,0
468,948.1774028773012,7.708759372986189,5.441178158258666,0.0442372207988509,3.400885275155132,0.027649473781749,0.0,942.7362247190416,5.441178158258666,0.0442372207988509,945.9816371884732,3.245412469431585,0.0012569374397488,0.0178517535677075,0.0342976767179834,2705.0,2582.0,123.0,20.991869918699187,0
469,954.7558258967106,2.7916837014523703,9.240941985459258,0.0270202982030972,5.7548786487658194,0.0168271305519468,0.0,945.5148839112514,9.240941985459258,0.0270202982030972,948.6271434857996,3.112259574548034,0.0012049011128718,0.0179201240085119,0.4486030077845271,2925.0,2583.0,342.0,7.552631578947368,0
470,953.2966562587336,8.078785222531641,5.116382768336644,0.0433591760028529,3.190940809116422,0.0270418712636984,0.0,948.1802734904004,5.116382768336644,0.0433591760028529,951.1782526593944,2.9979791689938797,0.0011939383389063,0.017952572875756,0.4295730480006341,2629.0,2511.0,118.0,21.279661016949152,0
471,954.7661802877552,14.918221566996174,4.788590005907792,0.0748217188423092,2.984754907269903,0.0466367954260922,0.0,949.9775902818484,4.788590005907792,0.0748217188423092,953.6466192796328,3.669028997784381,0.0012341167163755,0.0174931407519096,1.200662377545882,3037.0,2973.0,64.0,46.453125,0
472,956.442751353204,5.867746940817203,5.490266182915059,0.0336826146191107,3.38241393282134,0.0207510057228303,0.0,950.9524851702886,5.490266182915059,0.0336826146191107,953.5656328618322,2.613147691543645,0.0011191210670422,0.0176510336893981,2.6941341093443043,2498.0,2335.0,163.0,14.325153374233128,0
473,955.328456979874,8.380074184033981,3.159686099478481,0.0277165447322673,1.957129367053224,0.0171678014653791,0.0,952.1687708803964,3.159686099478481,0.0277165447322673,953.3198623299108,1.151091449514297,0.0012142314868294,0.017619251315467,1.379499143718817,1062.0,948.0,114.0,8.31578947368421,0
474,956.5531762551038,10.511573365440702,4.534025037121873,0.0498244509573832,2.797749305474163,0.0307444978623534,0.0,952.0191512179804,4.534025037121873,0.0498244509573832,954.9597064700332,2.940555252052718,0.0011987587656146,0.0175106569787993,1.2828931605782827,2544.0,2453.0,91.0,26.95604395604396,0
475,959.1772895854588,4.944212832914736,4.8865677287117055,0.0251884934469675,3.015173263083632,0.0155421302220805,0.0,954.2907218567434,4.8865677287117055,0.0251884934469675,955.777462049369,1.4867401926255752,0.0011999517293184,0.0175248842066483,0.6515763850225085,1433.0,1239.0,194.0,6.38659793814433,0
476,956.7292892616698,12.928774179211754,2.10848109343848,0.0284929877491686,1.2977686895562837,0.0175374147237335,0.0,954.6208081682274,2.10848109343848,0.0284929877491686,955.4450220994848,0.8242139312574182,0.0011876281430222,0.0173549616511481,1.138848384598191,768.0,694.0,74.0,9.37837837837838,0
477,961.6413564123824,3.3623823650782603,7.155799649398719,0.0250202784944011,4.43315715969432,0.0155005495094207,0.0,954.4855567629778,7.155799649398719,0.0250202784944011,956.5660503456656,2.0804935826877227,0.0012398650671559,0.0177458254081008,0.9419115354953648,1964.0,1678.0,286.0,5.867132867132868,0
478,961.4710485324156,5.557636118684483,4.985910145691204,0.0288202898594867,3.094247869966072,0.0178858258379541,0.0,956.485138386721,4.985910145691204,0.0288202898594867,958.3945821463778,1.909443759656824,0.0012193127456301,0.0177830426938597,0.0631665549564104,1739.0,1566.0,173.0,9.052023121387284,0
479,992.0300156227376,0.5406158123284673,33.96938701573388,0.0185119275290102,21.362809135365584,0.0116418578394362,0.0,958.0606286069964,33.96938701573388,0.0185119275290102,958.62740608822,0.566777481223653,0.0012999483514303,0.0182030569670395,0.3161410849430695,2271.0,436.0,1835.0,0.2376021798365122,0
480,963.4924206202523,6.690919587640642,5.187779155320275,0.0360262441341685,3.2218015759059564,0.0223736220549024,0.0,958.3046414649284,5.187779155320275,0.0360262441341685,960.9570307857337,2.6523893208052414,0.0013814527712527,0.017606873850825,0.3050179867492488,2064.0,1920.0,144.0,13.333333333333334,0
481,1015.9390313788042,0.3453225803462965,55.09027787093131,0.0187254513497387,34.856247457371246,0.0118478067496163,0.0,960.8487535078608,55.09027787093131,0.0187254513497387,961.8004757159158,0.9517222080551164,0.0012672732464116,0.0184019563775963,0.0904219957064924,3693.0,751.0,2942.0,0.2552685248130523,0
482,964.853100096202,20.97506739339569,3.590772671739744,0.0780602754726031,2.226073458538049,0.0483929012725662,0.0,961.26232742446,3.590772671739744,0.0780602754726031,964.0518633061188,2.7895358816588214,0.0013315207072357,0.0174181910887623,0.538148291455741,2141.0,2095.0,46.0,45.54347826086956,0
483,974.3947426570238,3.0449835708032,10.43049043060893,0.0325952825956529,6.552582765372396,0.0204768211417887,0.0,963.9642522264144,10.43049043060893,0.0325952825956529,968.517123427082,4.552871200667596,0.0012960066042321,0.0183675600935686,0.0697819784281819,3833.0,3513.0,320.0,10.978125,0
484,974.9615471379288,5.416453039655161,8.232271328550063,0.045734840714167,5.212367624088875,0.0289575979116048,0.0,966.7292758093788,8.232271328550063,0.045734840714167,971.6538672326326,4.924591423253787,0.0014151124779464,0.018375999473868,1.7697693559538266,3660.0,3480.0,180.0,19.33333333333333,0
485,977.969908463508,4.327300479927026,8.146210108614602,0.036045177471746,5.153330150949481,0.0228023458006614,0.0,969.8236983548873,8.146210108614602,0.036045177471746,973.8386133777916,4.014915022904461,0.0014318527185821,0.0182800667509574,1.8114887361278988,3030.0,2804.0,226.0,12.4070796460177,0
486,980.5447494281484,5.3290475512399365,6.851022577501007,0.0372338183559837,4.331058188767183,0.0235383597215607,0.0,973.693726850648,6.851022577501007,0.0372338183559837,977.1717933746904,3.478066524042561,0.0014149985858594,0.0183312828992269,0.1267467288300849,2642.0,2458.0,184.0,13.358695652173912,0
487,1009.1433833408086,0.6093861010512129,32.09166586205232,0.0193790252790171,20.403895372750664,0.0123211928579412,0.0,977.0517174787508,32.09166586205232,0.0193790252790171,978.4325364360968,1.380818957346264,0.0015025233485813,0.0185451974062268,0.1013794421257898,2575.0,919.0,1656.0,0.5549516908212561,0
488,981.7509362555926,8.688061382792855,7.018682188031969,0.0621122317524953,4.451426242405014,0.0393931525876549,0.0,974.7322540675632,7.018682188031969,0.0621122317524953,979.6590284716044,4.926774404041225,0.0014619508617333,0.0185124582653831,3.682038690117452,3483.0,3370.0,113.0,29.82300884955752,0
489,986.233675972344,9.48301611511869,6.962282792340264,0.0669450268494256,4.415294656810363,0.0424547563154842,0.0,979.2713931800024,6.962282792340264,0.0669450268494256,984.3369446345616,5.065551454559227,0.0014481279172553,0.0182378013248296,0.3690685157740745,3602.0,3498.0,104.0,33.63461538461539,0
490,992.1812558908564,4.911788395499289,8.691488768977779,0.0430271721236523,5.509442583740146,0.0272744682363373,0.0,983.4897671218774,8.691488768977779,0.0430271721236523,988.4356994931888,4.945932371311301,0.0013498723720827,0.0185423584042947,0.8288672406353044,3866.0,3664.0,202.0,18.138613861386137,0
491,997.382034625953,3.439248395261907,9.688078458417465,0.0334071670979912,6.181747311626936,0.0213163700400928,0.0,987.6939561675356,9.688078458417465,0.0334071670979912,991.9736569828988,4.279700815363185,0.0014218275134096,0.0186495780794977,0.723204271887198,3300.0,3010.0,290.0,10.379310344827584,0
492,999.9483506527096,3.649446535228868,9.472616397266272,0.0345715926907528,6.060868364262031,0.022119957533803,0.0,990.475734255439,9.472616397266272,0.0345715926907528,994.802919838344,4.327185582905031,0.0014361717832409,0.0187789445779769,1.4979227274596951,3287.0,3013.0,274.0,10.996350364963504,0
493,1003.0359235730092,4.709088843065771,9.471453674393103,0.0444669186591225,6.059705641388844,0.0284493222600415,0.0,993.564469898613,9.471453674393103,0.0444669186591225,999.0839797006528,5.51950980203992,0.0014706927263628,0.0185537271002649,1.219466046209163,3966.0,3753.0,213.0,17.619718309859156,0
494,1006.0648124909302,3.8108515624656447,9.691908139916038,0.0367117732572577,6.104505752737322,0.0231231278512777,0.0,996.3729043510092,9.691908139916038,0.0367117732572577,1001.312219006968,4.939314655958697,0.0013182051390335,0.0180022480453117,2.6923464621937683,4011.0,3747.0,264.0,14.193181818181818,0
495,1005.8609113809628,6.705739409206418,4.788024808375466,0.0319201653891697,2.9977015831356053,0.019984677220904,0.0,1001.0728865725846,4.788024808375466,0.0319201653891697,1003.1543263719404,2.0814397993558487,0.0012101394182301,0.0180439000601487,0.2217795775849254,1870.0,1720.0,150.0,11.466666666666669,0
496,1009.4984675921124,3.958817519969069,7.577042849219749,0.0297138935263519,4.726037562234014,0.0185334806362118,0.0,1001.9214247428944,7.577042849219749,0.0297138935263519,1004.9578150991958,3.0363903563013537,0.0012757942673535,0.0178064803643792,1.214830609254932,2635.0,2380.0,255.0,9.333333333333334,0
497,1009.3698091331216,5.576628779741004,4.935003737551278,0.0272652140196203,3.070365208622208,0.0169633436940453,0.0,1004.4348053955744,4.935003737551278,0.0272652140196203,1006.1388976659164,1.7040922703420165,0.001200064979114,0.0178503395978191,0.5055982844417031,1601.0,1420.0,181.0,7.845303867403315,0
498,1012.5734694349062,6.174228472164062,7.293412716514745,0.0444720287592362,4.536990543315268,0.0276645764836296,0.0,1005.2800567183922,7.293412716514745,0.0444720287592362,1009.6434886479832,4.363431929591116,0.0012232778047634,0.0178657365056274,0.8409665478520765,3731.0,3567.0,164.0,21.75,0
499,1011.9437376122956,4.216432240051232,7.193612869586189,0.0299733869566091,4.396655076192657,0.0183193961508027,0.0,1004.7501247427105,7.193612869586189,0.0299733869566091,1007.8881546548278,3.1380299121174176,0.0011954399665209,0.0168982623227824,4.875903953014358,2865.0,2625.0,240.0,10.9375,0
