request_id,request_e2e_time,request_e2e_time_normalized,request_execution_time,request_execution_time_normalized,request_model_execution_time,request_model_execution_time_normalized,request_preemption_time,request_scheduling_delay,request_execution_plus_preemption_time,request_execution_plus_preemption_time_normalized,prefill_e2e_time,prefill_time_execution_plus_preemption,prefill_time_execution_plus_preemption_normalized,decode_time_execution_plus_preemption_normalized,request_inter_arrival_delay,request_num_tokens,request_num_prefill_tokens,request_num_decode_tokens,request_pd_ratio,request_num_restarts
0,0.7890355697650143,0.0146117698104632,0.7890355697650143,0.0146117698104632,0.7890355697650143,0.0146117698104632,0.0,0.0,0.7890355697650143,0.0146117698104632,0.1867986266759359,0.1867986266759359,4.952243549202968e-05,0.011152535983131,,3826.0,3772.0,54.0,69.85185185185185,0
1,1.7370274212556502,0.0111347911618951,1.737027421255639,0.0111347911618951,1.737027421255639,0.0111347911618951,0.0,0.0,1.737027421255639,0.0111347911618951,0.0821604950200343,0.0821604950200343,4.077443921589792e-05,0.0106081213220231,2.828480710548229,2171.0,2015.0,156.0,12.916666666666666,0
2,1.6904960059204273,0.0127104962851159,1.6904960059204592,0.0127104962851162,1.6904960059204592,0.0127104962851162,0.0,0.0,1.6904960059204592,0.0127104962851162,0.1816714227727081,0.1816714227727081,4.708953415570453e-05,0.0113445457379527,2.748458418617004,3991.0,3858.0,133.0,29.00751879699248,0
3,1.236008838401231,0.0156456814987497,1.236008838401233,0.0156456814987497,1.236008838401233,0.0156456814987497,0.0,0.0,1.236008838401233,0.0156456814987497,0.1068837044303308,0.1068837044303308,4.260012133532515e-05,0.0142927232148215,2.8056011763226536,2588.0,2509.0,79.0,31.75949367088608,0
4,2.58756381394128,0.0136908138303771,2.5809318574254485,0.0136557241133621,2.5809318574254485,0.0136557241133621,0.0,0.0066319565157968,2.5809318574254485,0.0136557241133621,0.1801396436952771,0.1735076871794802,5.475155796133805e-05,0.0127376940224656,0.3291697527665693,3358.0,3169.0,189.0,16.767195767195766,0
5,0.7812893556768348,0.0181695198994612,0.7316638962350245,0.0170154394473261,0.7316638962350245,0.0170154394473261,0.0,0.0496254594417955,0.7316638962350245,0.0170154394473261,0.2370365044794073,0.1874110450376118,5.407127669867624e-05,0.0126570430511029,0.1016910584686794,3509.0,3466.0,43.0,80.6046511627907,0
6,2.950260975181637,0.0127716925332538,2.9467257122761694,0.0127563883648319,2.9467257122761694,0.0127563883648319,0.0,0.0035352629054745,2.9467257122761694,0.0127563883648319,0.1694184421369016,0.165883179231427,4.8947530018125415e-05,0.01203827936383,1.7090123714190018,3620.0,3389.0,231.0,14.670995670995673,0
7,1.8977213546166496,0.0125676910901764,1.8911944501862772,0.012524466557525,1.8911944501862772,0.012524466557525,0.0,0.0065269044303999,1.8911944501862772,0.012524466557525,0.1415187773012505,0.1349918728708505,5.084439656152564e-05,0.0116304806444728,1.658777287361847,2806.0,2655.0,151.0,17.582781456953644,0
8,2.3986153832934907,0.0141095022546675,2.39861538329337,0.0141095022546668,2.39861538329337,0.0141095022546668,0.0,0.0,2.39861538329337,0.0141095022546668,0.0989053428998705,0.0989053428998705,4.641264331293784e-05,0.0135277061199624,3.67564230182294,2301.0,2131.0,170.0,12.53529411764706,0
9,1.4976922226390317,0.0148286358677131,1.4920741705431673,0.0147730115895363,1.4920741705431673,0.0147730115895363,0.0,0.0056180520957411,1.4920741705431673,0.0147730115895363,0.1684625725813617,0.1628445204856206,4.72972757727623e-05,0.0131606896045313,0.0932872908041293,3544.0,3443.0,101.0,34.08910891089109,0
10,6.158267820418786,0.0142883244093243,6.148171107342239,0.0142648981608868,6.148171107342239,0.0142648981608868,0.0,0.0100967130764857,6.148171107342239,0.0142648981608868,0.1907303512319629,0.1806336381554771,5.691040899668468e-05,0.0138457945920807,1.2312480547566622,3605.0,3174.0,431.0,7.364269141531323,0
11,1.6352351193306198,0.0148657738120965,1.5571480477030162,0.0141558913427546,1.5571480477030162,0.0141558913427546,0.0,0.0780870716276211,1.5571480477030162,0.0141558913427546,0.2303142111945746,0.1522271395669534,5.409635379067286e-05,0.0127720082557822,0.0828662432915408,2924.0,2814.0,110.0,25.581818181818186,0
12,3.5628076296127063,0.0133438488000475,3.5515304506847007,0.013301612174849,3.5515304506847007,0.013301612174849,0.0,0.0112771789280223,3.5515304506847007,0.013301612174849,0.1014217177502843,0.0901445388222619,4.695028063659475e-05,0.01296399217926,1.2812042682634832,2187.0,1920.0,267.0,7.191011235955056,0
13,1.5259519203376364,0.0155709379626289,1.520303540959474,0.0155133014383619,1.520303540959474,0.0155133014383619,0.0,0.0056483793781083,1.520303540959474,0.0155133014383619,0.1448553881038528,0.1392070087257444,5.239255127050976e-05,0.0140928217574875,2.03685570927507,2755.0,2657.0,98.0,27.112244897959183,0
14,2.258445783345156,0.0169807953634974,2.2529993604656005,0.0169398448155308,2.2529993604656005,0.0169398448155308,0.0,0.0054464228794337,2.2529993604656005,0.0169398448155308,0.1753155233774315,0.1698691004979977,5.449762608212953e-05,0.0156626335335919,0.4551703818704844,3250.0,3117.0,133.0,23.43609022556391,0
15,3.194514042819634,0.017649248855357,3.18418343453164,0.0175921736714455,3.18418343453164,0.0175921736714455,0.0,0.0103306082879548,3.18418343453164,0.0175921736714455,0.2242329632682391,0.2139023549802843,5.818888873239508e-05,0.0164103927047038,1.4489243090136164,3857.0,3676.0,181.0,20.30939226519337,0
16,12.29684401320998,0.015313628908107,12.28457075510219,0.0152983446514348,12.28457075510219,0.0152983446514348,0.0,0.0122732581076405,12.28457075510219,0.0152983446514348,0.1765112009124507,0.1642379428048102,6.338785905241612e-05,0.0150938142120766,0.1809097103837977,3394.0,2591.0,803.0,3.2266500622665006,0
17,1.8827515537322697,0.0175958089133856,1.8415027838560885,0.0172103063911783,1.8415027838560885,0.0172103063911783,0.0,0.0412487698761303,1.8415027838560885,0.0172103063911783,0.2300481633592142,0.1887993934830838,5.84880401124795e-05,0.0154458260782528,0.107737961635518,3335.0,3228.0,107.0,30.16822429906542,0
18,2.8596035962145017,0.0160651887427781,2.8523335717173337,0.0160243459085243,2.8523335717173337,0.0160243459085243,0.0,0.0072700244971528,2.8523335717173337,0.0160243459085243,0.1346655648670349,0.1273955403698821,5.488821213695911e-05,0.0153086406255475,0.370799061332228,2499.0,2321.0,178.0,13.039325842696629,0
19,4.817605239860534,0.01514970201214,4.806682799748493,0.0151153547161902,4.806682799748493,0.0151153547161902,0.0,0.0109224401119796,4.806682799748493,0.0151153547161902,0.2030852494368247,0.192162809324845,5.451427214889222e-05,0.0145110691522758,1.06023444161195,3843.0,3525.0,318.0,11.08490566037736,0
20,2.984697127640072,0.0157920482943919,2.976747619551801,0.0157499874050359,2.976747619551801,0.0157499874050359,0.0,0.007949508088334,2.976747619551801,0.0157499874050359,0.2206547951853181,0.2127052870969841,5.892113215982939e-05,0.0146245626055807,0.4858650938099877,3799.0,3610.0,189.0,19.1005291005291,0
21,0.6193516746173451,0.0221197026649051,0.6151293657923712,0.0219689059211561,0.6151293657923712,0.0219689059211561,0.0,0.004222308824989,0.6151293657923712,0.0219689059211561,0.2160897639673642,0.2118674551423751,5.391029392935754e-05,0.0144022110946421,1.4675128821336756,3958.0,3930.0,28.0,140.35714285714286,0
22,1.4530373516277637,0.0139715129964208,1.4419019166109068,0.0138644415058741,1.4419019166109068,0.0138644415058741,0.0,0.0111354350168539,1.4419019166109068,0.0138644415058741,0.0542569598098694,0.0431215247930154,6.966320645075195e-05,0.0134498114597874,0.2630310261321433,723.0,619.0,104.0,5.951923076923077,0
23,2.099636444447789,0.0139048771155482,2.0923677334190107,0.0138567399564172,2.0923677334190107,0.0138567399564172,0.0,0.0072687110287077,2.0923677334190107,0.0138567399564172,0.1870195989006866,0.1797508878719789,5.119649327028736e-05,0.0126663367254775,2.162317957817013,3662.0,3511.0,151.0,23.251655629139076,0
24,5.076479242296532,0.0163230843803747,5.07488833186401,0.016317968912746,5.07488833186401,0.016317968912746,0.0,0.0015909104325011,5.07488833186401,0.016317968912746,0.0961939027837779,0.0946029923512767,5.631130497099808e-05,0.0160137792267291,1.4436304273108966,1991.0,1680.0,311.0,5.401929260450161,0
25,3.47779643820266,0.0173889821910133,3.4765033956273776,0.0173825169781368,3.4765033956273776,0.0173825169781368,0.0,0.001293042575341,3.4765033956273776,0.0173825169781368,0.1131296366715766,0.1118365940962355,4.7957373111593306e-05,0.0168233340076554,0.7715248870152926,2532.0,2332.0,200.0,11.66,0
26,2.7866776769288286,0.0184548190525088,2.7802475459839786,0.0184122354038674,2.7802475459839786,0.0184122354038674,0.0,0.0064301309449703,2.7802475459839786,0.0184122354038674,0.1496741139534272,0.1432439830084568,5.370977990568312e-05,0.0174635997548039,0.4906902427197828,2818.0,2667.0,151.0,17.662251655629138,0
27,3.406536510601238,0.0180240027015938,3.4033273743283368,0.0180070231445943,3.4033273743283368,0.0180070231445943,0.0,0.0032091362729573,3.4033273743283368,0.0180070231445943,0.1598960570916361,0.1566869208186787,5.646375524997432e-05,0.0171779918175111,0.5333172815273741,2964.0,2775.0,189.0,14.682539682539682,0
28,1.4787669422187977,0.0189585505412666,1.436933499992091,0.0184222243588729,1.436933499992091,0.0184222243588729,0.0,0.0418334422267747,1.436933499992091,0.0184222243588729,0.1438913212157757,0.1020578789890009,5.855299999368961e-05,0.0171137900128592,0.0906789965360594,1821.0,1743.0,78.0,22.346153846153847,0
29,7.590684013990099,0.0169434911026564,7.586330233299579,0.0169337728421865,7.586330233299579,0.0169337728421865,0.0,0.004353780690522,7.586330233299579,0.0169337728421865,0.1358997928625598,0.1315460121720377,5.242965809965634e-05,0.0166401433507311,0.2113320639700617,2957.0,2509.0,448.0,5.600446428571429,0
30,2.5076964065677245,0.0169438946389711,2.504844619740853,0.0169246258090598,2.504844619740853,0.0169246258090598,0.0,0.0028517868268593,2.504844619740853,0.0169246258090598,0.0817192890254787,0.0788675021986193,5.6253567902010965e-05,0.0163917372806908,0.8062593548285264,1550.0,1402.0,148.0,9.472972972972974,0
31,1.976154899190277,0.0176442401713417,1.97225024184046,0.0176093771592898,1.97225024184046,0.0176093771592898,0.0,0.0039046573498282,1.97225024184046,0.0176093771592898,0.2141872725837856,0.2102826152339574,6.514331326950354e-05,0.0157318538089865,0.457270866070381,3340.0,3228.0,112.0,28.821428571428573,0
32,6.030254714947191,0.0164761057785442,6.02014424670295,0.0164484815483687,6.02014424670295,0.0164484815483687,0.0,0.0101104682441004,6.02014424670295,0.0164484815483687,0.170240486878491,0.1601300186343905,5.446599273278591e-05,0.0160109678362532,1.4873021853707158,3306.0,2940.0,366.0,8.032786885245901,0
33,2.334480832225701,0.0166748630873264,2.3304177866973075,0.0166458413335521,2.3304177866973075,0.0166458413335521,0.0,0.0040630455284258,2.3304177866973075,0.0166458413335521,0.1263756702583052,0.1223126247298793,4.796573518818798e-05,0.0157721797283385,0.8335183851954397,2690.0,2550.0,140.0,18.214285714285715,0
34,2.9175324458014984,0.0171619555635382,2.906110386354933,0.0170947669785584,2.906110386354933,0.0170947669785584,0.0,0.0114220594464811,2.906110386354933,0.0170947669785584,0.1340193966311815,0.1225973371847004,4.96144626405101e-05,0.0163736061715901,0.2799175932917848,2641.0,2471.0,170.0,14.53529411764706,0
35,2.60442913126829,0.0175974941301911,2.5930971634886277,0.0175209267803285,2.5930971634886277,0.0175209267803285,0.0,0.0113319677795971,2.5930971634886277,0.0175209267803285,0.1572720493264299,0.1459400815468328,5.741151909788859e-05,0.0165348451482558,0.5424568661852618,2690.0,2542.0,148.0,17.175675675675677,0
36,4.0257630201374255,0.0173524268109371,4.02021228277005,0.0173285012188364,4.02021228277005,0.0173285012188364,0.0,0.005550737367244,4.02021228277005,0.0173285012188364,0.1847322660738655,0.1791815287066214,5.767026994097889e-05,0.0165561670433774,0.7547726319888426,3339.0,3107.0,232.0,13.392241379310343,0
37,29.444331239929475,0.0138171427686201,29.439516739066296,0.0138148835002657,29.439516739066296,0.0138148835002657,0.0,0.0048145008626363,29.439516739066296,0.0138148835002657,0.0855858790354417,0.0807713781728054,6.615182487535254e-05,0.0137769804602975,0.404509836985639,3352.0,1221.0,2131.0,0.5729704364148287,0
38,2.34528606404254,0.0183225473753323,2.342249804997457,0.0182988266015426,2.342249804997457,0.0182988266015426,0.0,0.0030362590449044,2.342249804997457,0.0182988266015426,0.1655098549756886,0.1624735959307841,6.037666143841849e-05,0.0170295016333347,0.3787190834191918,2819.0,2691.0,128.0,21.0234375,0
39,3.0706923465505227,0.0159103230391218,3.0626191527702877,0.0158684930195351,3.0626191527702877,0.0158684930195351,0.0,0.0080731937802482,3.0626191527702877,0.0158684930195351,0.2256503373451366,0.2175771435648883,5.683833426459988e-05,0.0147411503067636,1.0340172731676986,4021.0,3828.0,193.0,19.83419689119171,0
40,4.126948133204259,0.0144805197656289,4.115043273526068,0.0144387483281616,4.115043273526068,0.0144387483281616,0.0,0.0119048596784878,4.115043273526068,0.0144387483281616,0.2101421177088056,0.1982372580303177,6.1736922463506e-05,0.0137431790017384,0.3493496575632946,3496.0,3211.0,285.0,11.266666666666667,0
41,4.195553292015511,0.0135340428774693,4.186499977707049,0.0135048386377646,4.186499977707049,0.0135048386377646,0.0,0.0090533143086304,4.186499977707049,0.0135048386377646,0.0547710725182639,0.0457177582096335,4.576352173136489e-05,0.0133573619983782,1.569061676508099,1309.0,999.0,310.0,3.2225806451612904,0
42,3.3963494822690308,0.0140927364409503,3.386619200080439,0.0140523618260599,3.386619200080439,0.0140523618260599,0.0,0.0097302821885705,3.386619200080439,0.0140523618260599,0.1219716260388708,0.1122413438503002,4.865251142189001e-05,0.0135866301088388,1.6363105720540077,2548.0,2307.0,241.0,9.572614107883815,0
43,1.762816174669922,0.0149391201243213,1.7617363160273547,0.0149299687798928,1.7617363160273547,0.0149299687798928,0.0,0.001079858642413,1.7617363160273547,0.0149299687798928,0.0939384168275907,0.0928585581851777,5.510893660841409e-05,0.0141430318461214,1.27539167995905,1803.0,1685.0,118.0,14.279661016949152,0
44,2.0350420988035864,0.0147466818753883,2.0270193854822454,0.0146885462716104,2.0270193854822454,0.0146885462716104,0.0,0.0080227133211963,2.0270193854822454,0.0146885462716104,0.177216969644661,0.1691942563234647,5.475542275840283e-05,0.0134625009359342,0.0859157035063944,3228.0,3090.0,138.0,22.39130434782609,0
45,2.337195219147226,0.0134321564318806,2.3293007872760216,0.0133867861337702,2.3293007872760216,0.0133867861337702,0.0,0.0078944318712359,2.3293007872760216,0.0133867861337702,0.1269904811769109,0.1190960493056749,5.072233786442716e-05,0.0127023260802891,1.3341970608503004,2522.0,2348.0,174.0,13.494252873563218,0
46,1.3696737355056428,0.0141203477887179,1.3648292979928496,0.0140704051339469,1.3648292979928496,0.0140704051339469,0.0,0.0048444375127942,1.3648292979928496,0.0140704051339469,0.1792289751951017,0.1743845376823074,4.993829830535722e-05,0.012272626394954,1.5933388092531473,3589.0,3492.0,97.0,36.0,0
47,2.54123521814617,0.019547963216509,2.536175777253358,0.0195090444404104,2.536175777253358,0.0195090444404104,0.0,0.0050594408927295,2.536175777253358,0.0195090444404104,0.1922789406396177,0.1872194997468881,5.232518159499388e-05,0.018068894442358,1.3200466487734417,3708.0,3578.0,130.0,27.523076923076925,0
48,3.213975813866611,0.0185778948778416,3.2084713029833827,0.0185460768958577,3.2084713029833827,0.0185460768958577,0.0,0.0055045108831492,3.2084713029833827,0.0185460768958577,0.1423218991400432,0.1368173882568939,5.256142460887204e-05,0.017755224940616,0.3294695532193259,2776.0,2603.0,173.0,15.046242774566474,0
49,4.398121411790207,0.0166595508022356,4.393392825453208,0.016641639490353,4.393392825453208,0.016641639490353,0.0,0.0047285863369737,4.393392825453208,0.016641639490353,0.1789509139568394,0.1742223276198657,5.480412948092664e-05,0.0159817064311869,0.3775719894541467,3443.0,3179.0,264.0,12.041666666666666,0
50,2.742108300282758,0.0186537979611072,2.7307629892899072,0.0185766189747612,2.7307629892899072,0.0185766189747612,0.0,0.0113453109928371,2.7307629892899072,0.0185766189747612,0.1337826602434333,0.1224373492505961,5.118618279707196e-05,0.0177437118370022,0.1949834203548164,2539.0,2392.0,147.0,16.272108843537413,0
51,2.8290003730761626,0.0181346177761292,2.815782278606732,0.0180498864013252,2.815782278606732,0.0180498864013252,0.0,0.0132180944694866,2.815782278606732,0.0180498864013252,0.1745292039601693,0.1613111094906827,5.767290292838138e-05,0.0170158408276666,0.4168982502252589,2953.0,2797.0,156.0,17.92948717948718,0
52,1.2489582587925554,0.0254889440569909,1.127453672931681,0.0230092586312587,1.127453672931681,0.0230092586312587,0.0,0.1215045858607908,1.127453672931681,0.0230092586312587,0.3201227972429379,0.198618211382147,6.307342374790316e-05,0.0189558257459105,0.0248703016585736,3198.0,3149.0,49.0,64.26530612244898,0
53,1.1843793548260138,0.0227765260543464,1.090714828734971,0.0209752851679802,1.090714828734971,0.0209752851679802,0.0,0.0936645260909401,1.090714828734971,0.0209752851679802,0.3062997311585036,0.2126352050675635,7.47137052240209e-05,0.0168861466089905,0.1968898777831924,2898.0,2846.0,52.0,54.73076923076923,0
54,1.99348794268397,0.015217465211328,1.99159860544682,0.0152030427896703,1.99159860544682,0.0152030427896703,0.0,0.0018893372371664,1.99159860544682,0.0152030427896703,0.2278644527490243,0.2259751155118579,5.979759606029582e-05,0.0134780419079003,1.5471256994672444,3910.0,3779.0,131.0,28.84732824427481,0
55,2.856858146198846,0.0155264029684719,2.8460877562785893,0.0154678682406445,2.8460877562785893,0.0154678682406445,0.0,0.0107703899202817,2.8460877562785893,0.0154678682406445,0.1710432432733739,0.1602728533530921,5.084798646988965e-05,0.0145968201245949,4.700889730805692,3336.0,3152.0,184.0,17.130434782608695,0
56,38.02980502256268,0.0128565939900482,38.0205815786934,0.0128534758548659,38.0205815786934,0.0128534758548659,0.0,0.0092234438680947,38.0205815786934,0.0128534758548659,0.0211816284342702,0.0119581845661755,0.0001573445337654,0.0128494331961218,0.6629859910454527,3034.0,76.0,2958.0,0.0256930358350236,0
57,2.0125761884514333,0.01691240494497,2.002016728736004,0.0168236699893781,2.002016728736004,0.0168236699893781,0.0,0.0105594597155942,2.002016728736004,0.0168236699893781,0.151958080862876,0.1413986211472817,4.996417708384514e-05,0.0156354462822567,0.3341643548245017,2949.0,2830.0,119.0,23.781512605042018,0
58,4.507360608499006,0.0149250351274801,4.498782849859285,0.0148966319531764,4.498782849859285,0.0148966319531764,0.0,0.0085777586395323,4.498782849859285,0.0148966319531764,0.1811957525890406,0.1726179939495082,5.635585829236313e-05,0.0143250491917548,0.4679485340085136,3365.0,3063.0,302.0,10.142384105960264,0
59,6.82824348797093,0.0142255072666061,6.814745718466964,0.0141973869134728,6.814745718466964,0.0141973869134728,0.0,0.0134977695038998,6.814745718466964,0.0141973869134728,0.1336811507635786,0.1201833812596788,5.623929867088389e-05,0.0139470048691819,0.4251084975704842,2617.0,2137.0,480.0,4.452083333333333,0
60,2.578937106188014,0.0146530517397046,2.56925451030198,0.0145980369903521,2.56925451030198,0.0145980369903521,0.0,0.0096825958859625,2.56925451030198,0.0145980369903521,0.0824354412586885,0.0727528453727259,4.959294163103338e-05,0.0141846685507348,0.1525101214395334,1643.0,1467.0,176.0,8.335227272727273,0
61,1.8780119246495277,0.0143359688904544,1.8739620785684885,0.0143050540348739,1.8739620785684885,0.0143050540348739,0.0,0.004049846080818,1.8739620785684885,0.0143050540348739,0.0733446377160476,0.0692947916352295,4.675761918706448e-05,0.0137760861597975,1.2745001586724882,1613.0,1482.0,131.0,11.312977099236642,0
62,3.0566086103057444,0.0143502751657546,3.0559000198103243,0.0143469484498137,3.0559000198103243,0.0143469484498137,0.0,0.0007085904954635,3.0559000198103243,0.0143469484498137,0.1203949526994279,0.1196863622039643,4.997342889518344e-05,0.013785040646039,1.618645710020516,2608.0,2395.0,213.0,11.244131455399062,0
63,1.53617047312472,0.0156752089094359,1.530938992084823,0.0156218264498451,1.530938992084823,0.0156218264498451,0.0,0.0052314810397007,1.530938992084823,0.0156218264498451,0.2137476034924503,0.2085161224527496,5.493048536689927e-05,0.0134941109146149,1.7738930948738911,3894.0,3796.0,98.0,38.734693877551024,0
64,2.44006846220276,0.0107967631070918,2.433829059270538,0.0107691551295156,2.433829059270538,0.0107691551295156,0.0,0.0062394029321382,2.433829059270538,0.0107691551295156,0.0404987037896376,0.0342593008574994,4.336620361708784e-05,0.0106175653027129,6.246920936187969,1016.0,790.0,226.0,3.495575221238938,0
65,1.1997743547693176,0.0122425954568297,1.196877920530253,0.0122130400054107,1.196877920530253,0.0122130400054107,0.0,0.0028964342386785,1.196877920530253,0.0122130400054107,0.1058930844412628,0.1029966502025843,4.8377947488297e-05,0.0111620537788577,2.4784238056197267,2227.0,2129.0,98.0,21.72448979591837,0
66,1.582482262893862,0.0141293059186951,1.57326268849132,0.014046988290101,1.57326268849132,0.014046988290101,0.0,0.0092195744026639,1.57326268849132,0.014046988290101,0.1778473394906683,0.1686277650880043,5.1410903990245233e-05,0.0125413832446713,1.9351362829359855,3392.0,3280.0,112.0,29.285714285714285,0
67,2.498059789522856,0.0141133321441969,2.497215659888265,0.0141085630502161,2.497215659888265,0.0141085630502161,0.0,0.0008441296347285,2.497215659888265,0.0141085630502161,0.1768075801125661,0.1759634504778375,5.020355220480387e-05,0.013114419262205,1.2276370376195302,3682.0,3505.0,177.0,19.80225988700565,0
68,2.393328542249037,0.0136761630985659,2.3843763661407547,0.0136250078065185,2.3843763661407547,0.0136250078065185,0.0,0.0089521761084512,2.3843763661407547,0.0136250078065185,0.0454552854762226,0.0365031093677714,4.72226511872852e-05,0.0134164186101303,0.6970872928950484,948.0,773.0,175.0,4.417142857142857,0
69,1.042292295294999,0.0144762818790972,1.0371522673853422,0.0144048926025741,1.0371522673853422,0.0144048926025741,0.0,0.0051400279097748,1.0371522673853422,0.0144048926025741,0.1246936225289943,0.1195535946192194,4.742308394257018e-05,0.0127444260106389,0.0522983014962932,2593.0,2521.0,72.0,35.013888888888886,0
70,2.9073149711521467,0.0131552713626793,2.9056885025462886,0.0131479117762275,2.9056885025462886,0.0131479117762275,0.0,0.0016264686060338,2.9056885025462886,0.0131479117762275,0.0890751347023552,0.0874486660963214,5.296709030667559e-05,0.0127522164545239,1.1254150433178864,1872.0,1651.0,221.0,7.470588235294118,0
71,1.3304977918216423,0.0133049779182164,1.3226998375719423,0.0132269983757194,1.3226998375719423,0.0132269983757194,0.0,0.0077979542497814,1.3226998375719423,0.0132269983757194,0.1253640800217965,0.117566125772015,4.659775099960963e-05,0.0120513371179984,0.7310389264622899,2623.0,2523.0,100.0,25.23,0
72,1.570520719887,0.0136567019120608,1.5612285845496627,0.0135759007352144,1.5612285845496627,0.0135759007352144,0.0,0.0092921353372759,1.5612285845496627,0.0135759007352144,0.2033197064251766,0.1940275710879007,5.2882957505560286e-05,0.0118887044648854,1.774072206011283,3784.0,3669.0,115.0,31.904347826086955,0
73,2.4440967264126385,0.0142098646884455,2.4388245045152037,0.0141792122355535,2.4388245045152037,0.0141792122355535,0.0,0.0052722218972149,2.4388245045152037,0.0141792122355535,0.0220708623867835,0.0167986404895685,4.318416578295266e-05,0.0140815457210805,2.385884213124996,561.0,389.0,172.0,2.261627906976744,0
74,3.0224605697895868,0.0147437100965345,3.019176828056344,0.0147276918441772,3.019176828056344,0.0147276918441772,0.0,0.0032837417327158,3.019176828056344,0.0147276918441772,0.2070197202649808,0.203735978532265,5.509355828346809e-05,0.013733857802559,0.3906691937614965,3903.0,3698.0,205.0,18.039024390243902,0
75,1.5204785159206011,0.0172781649536431,1.401664175855874,0.0159280019983622,1.401664175855874,0.0159280019983622,0.0,0.1188143400645032,1.401664175855874,0.0159280019983622,0.2943784789327708,0.1755641388682676,5.817234554945912e-05,0.0139329549657708,0.058530260239678,3106.0,3018.0,88.0,34.29545454545455,0
76,6.189684842380146,0.0136336670537007,6.179754943577841,0.0136117950299071,6.179754943577841,0.0136117950299071,0.0,0.0099298988009906,6.179754943577841,0.0136117950299071,0.1588888275322801,0.1489589287312895,5.27661809179205e-05,0.0132836916626604,1.0880261589679634,3277.0,2823.0,454.0,6.21806167400881,0
77,3.965120265180204,0.014366377772392,3.9596909296374183,0.0143467062668022,3.9596909296374183,0.0143467062668022,0.0,0.0054293355422601,3.9596909296374183,0.0143467062668022,0.1811419272738419,0.1757125917315818,5.451833438770767e-05,0.0137100664416897,3.004022823287116,3499.0,3223.0,276.0,11.67753623188406,0
78,6.049648640628348,0.0145075506969504,6.04155561932489,0.0144881429720021,6.04155561932489,0.0144881429720021,0.0,0.0080930213029688,6.04155561932489,0.0144881429720021,0.1322060935609386,0.1241130722579697,5.646636590444484e-05,0.0141905097051976,0.965966584245237,2615.0,2198.0,417.0,5.270983213429257,0
79,2.2275815531676386,0.0134191659829375,2.2219300393307786,0.0133851207188601,2.2219300393307786,0.0133851207188601,0.0,0.0056515138369235,2.2219300393307786,0.0133851207188601,0.1040623426508915,0.098410828813968,5.708284733988864e-05,0.0127922844007032,2.506991630405153,1890.0,1724.0,166.0,10.385542168674698,0
80,3.158956490240243,0.0151872908184627,3.158330968019371,0.0151842835000931,3.158330968019371,0.0151842835000931,0.0,0.0006255222208011,3.158330968019371,0.0151842835000931,0.0455252835959356,0.0448997613751345,6.488404822996318e-05,0.014968419262713,0.8858997003998041,900.0,692.0,208.0,3.326923076923077,0
81,1.1267297080656815,0.0225345941613136,1.1249220400996858,0.0224984408019937,1.1249220400996858,0.0224984408019937,0.0,0.0018076679659202,1.1249220400996858,0.0224984408019937,0.1736100410253982,0.171802373059478,5.122312852101312e-05,0.0190623933408056,1.545875350169311,3404.0,3354.0,50.0,67.08,0
82,24.666478802412527,0.0137570991647587,24.66039963440725,0.0137537086639192,24.66039963440725,0.0137537086639192,0.0,0.006079168005769,24.66039963440725,0.0137537086639192,0.0966466909845422,0.0905675229787732,5.625311986259207e-05,0.013703196938889,0.3397446996279996,3403.0,1610.0,1793.0,0.8979364194088121,0
83,1.6035062897531276,0.0184311067787715,1.598226367057005,0.0183704180121494,1.598226367057005,0.0183704180121494,0.0,0.0052799226964737,1.598226367057005,0.0183704180121494,0.225036304940744,0.2197563822442703,5.8244469187455686e-05,0.0158444825840503,0.1581379421631794,3860.0,3773.0,87.0,43.367816091954026,0
84,1.7189584549451666,0.0162165891975959,1.6903918360958856,0.0159470927933574,1.6903918360958856,0.0159470927933574,0.0,0.0285666188497231,1.6903918360958856,0.0159470927933574,0.1291204455823731,0.10055382673265,7.096247475839803e-05,0.0149984717864414,0.1676245091062185,1523.0,1417.0,106.0,13.367924528301886,0
85,3.634142008544856,0.0146537984215518,3.627385467491459,0.014626554304401,3.627385467491459,0.014626554304401,0.0,0.0067565410538463,3.627385467491459,0.014626554304401,0.1171818843509271,0.1104253432970807,6.207158139240065e-05,0.0141812908233626,0.1384497859706925,2027.0,1779.0,248.0,7.173387096774194,0
86,2.002716769943192,0.0147258586025234,1.9787293818263696,0.0145494807487233,1.9787293818263696,0.0145494807487233,0.0,0.0239873881172627,1.9787293818263696,0.0145494807487233,0.1279099999227355,0.1039226118054728,7.861014508734705e-05,0.0137853438972092,0.0643213163688614,1458.0,1322.0,136.0,9.720588235294118,0
87,5.293449381293755,0.0148692398350948,5.286793927321473,0.014850544739667,5.286793927321473,0.014850544739667,0.0,0.0066554539713763,5.286793927321473,0.014850544739667,0.1166291008858451,0.1099736469144687,4.7300493296545706e-05,0.0145416300011458,2.019521401758226,2681.0,2325.0,356.0,6.530898876404494,0
88,1.7681266873907475,0.0156471388264667,1.7577776340506006,0.0155555542836336,1.7577776340506006,0.0155555542836336,0.0,0.0103490533397803,1.7577776340506006,0.0155555542836336,0.0975364166686461,0.0871873633288657,4.728165039526344e-05,0.0147839846966557,0.5277823514904725,1957.0,1844.0,113.0,16.31858407079646,0
89,4.639018067975329,0.015259927855182,4.637258364885822,0.015254139358177,4.637258364885822,0.015254139358177,0.0,0.0017597030884815,4.637258364885822,0.015254139358177,0.204229297286119,0.2024695941976375,5.6714172044156176e-05,0.0145881209562145,0.4542720737236436,3874.0,3570.0,304.0,11.74342105263158,0
90,4.193574004795835,0.0152493600174393,4.181436604110282,0.0152052240149464,4.181436604110282,0.0152052240149464,0.0,0.0121374006849777,4.181436604110282,0.0152052240149464,0.2000040788533255,0.1878666781683478,5.80193570624916e-05,0.0145220724579727,1.0999521583427594,3513.0,3238.0,275.0,11.774545454545455,0
91,3.0909075918939948,0.0148601326533365,3.0836308813655955,0.0148251484681038,3.0836308813655955,0.0148251484681038,0.0,0.0072767105278046,3.0836308813655955,0.0148251484681038,0.0744163371287243,0.0671396266009196,4.933109963329879e-05,0.0145023618017561,0.220314653491954,1569.0,1361.0,208.0,6.543269230769231,0
92,1.691183800499644,0.0165802333382318,1.6855219324703037,0.0165247248281402,1.6855219324703037,0.0165247248281402,0.0,0.005661868029307,1.6855219324703037,0.0165247248281402,0.2212074500676522,0.2155455820383451,5.890833070192544e-05,0.0144115328473724,2.2568146374725444,3761.0,3659.0,102.0,35.872549019607845,0
93,2.389134680952054,0.0137306590859313,2.380680412296156,0.0136820713350353,2.380680412296156,0.0136820713350353,0.0,0.0084542686557114,2.380680412296156,0.0136820713350353,0.1295283175827677,0.1210740489270563,5.007198053228136e-05,0.0129862434676395,1.519948281694667,2592.0,2418.0,174.0,13.89655172413793,0
94,1.1894537389071616,0.013216152654524,1.1825950760413493,0.0131399452893483,1.1825950760413493,0.0131399452893483,0.0,0.0068586628656106,1.1825950760413493,0.0131399452893483,0.0470260340855333,0.0401673712199226,4.328380519388216e-05,0.0126936411646847,0.3873437600008174,1018.0,928.0,90.0,10.311111111111112,0
95,32.37626398610804,0.0137947439225002,32.37414653713992,0.0137938417286493,32.37414653713992,0.0137938417286493,0.0,0.0021174489691588,32.37414653713992,0.0137938417286493,0.0362341839564805,0.0341167349873217,5.9540549716093726e-05,0.0137793054120799,0.2359903698499437,2920.0,573.0,2347.0,0.2441414571793779,0
96,4.672154133524728,0.0133109804373923,4.663495415062148,0.0132863117238237,4.663495415062148,0.0132863117238237,0.0,0.0086587184631099,4.663495415062148,0.0132863117238237,0.102204015666345,0.0935452972032351,4.6447515989689735e-05,0.0130198009055794,0.6247289520806305,2365.0,2014.0,351.0,5.737891737891738,0
97,22.029956496747477,0.0135652441482435,22.02205737942336,0.0135603801597434,22.02205737942336,0.0135603801597434,0.0,0.0078991173249534,22.02205737942336,0.0135603801597434,0.0223209379405631,0.0144218206156097,5.768728246243881e-05,0.0135514997283293,0.3586245527138487,1874.0,250.0,1624.0,0.1539408866995074,0
98,1.165013376094862,0.0138692068582721,1.1573218336219957,0.0137776408764523,1.1573218336219957,0.0137776408764523,0.0,0.007691542472628,1.1573218336219957,0.0137776408764523,0.0432577378254563,0.0355661953528283,6.987464705860185e-05,0.0133542337889214,0.0891043516380563,593.0,509.0,84.0,6.059523809523809,0
99,1.3958364497739095,0.0140993580785243,1.3925100366510057,0.0140657579459697,1.3925100366510057,0.0140657579459697,0.0,0.0033264131230765,1.3925100366510057,0.0140657579459697,0.1527338193343723,0.1494074062112957,5.059512570650043e-05,0.0125565922266619,0.5924232922966013,3052.0,2953.0,99.0,29.828282828282827,0
100,4.29874068647328,0.013733995803429,4.289259321113953,0.0137037039013225,4.289259321113953,0.0137037039013225,0.0,0.0094813653602869,4.289259321113953,0.0137037039013225,0.1889264685922569,0.1794451032319699,5.127002949484856e-05,0.0131303968622396,2.6492688996483764,3813.0,3500.0,313.0,11.182108626198085,0
101,1.8225329667409795,0.0140194843595459,1.8111851469869915,0.0139321934383614,1.8111851469869915,0.0139321934383614,0.0,0.0113478197543912,1.8111851469869915,0.0139321934383614,0.1281178631642774,0.1167700434098861,5.022367458489728e-05,0.0130339623352054,1.186882279247456,2455.0,2325.0,130.0,17.884615384615383,0
102,4.656209633550361,0.0138991332344786,4.652797980838017,0.0138889491965313,4.652797980838017,0.0138889491965313,0.0,0.0034116527119181,4.652797980838017,0.0138889491965313,0.1793753482280067,0.1759636955160886,5.0549754529183735e-05,0.013363684433798,3.6263661477790095,3816.0,3481.0,335.0,10.391044776119402,0
103,1.6555141716615367,0.01465056789081,1.6426233852196894,0.0145364901346875,1.6426233852196894,0.0145364901346875,0.0,0.01289078644146,1.6426233852196894,0.0145364901346875,0.1284919211666277,0.1156011347251677,5.595408263560879e-05,0.0135134712433177,2.4075674413331,2179.0,2066.0,113.0,18.283185840707965,0
104,2.5781616369011147,0.013289492973717,2.569151891289799,0.0132430509860298,2.569151891289799,0.0132430509860298,0.0,0.0090097456117064,2.569151891289799,0.0132430509860298,0.049799468613628,0.0407897230019216,5.004873987965844e-05,0.0130327946818942,1.31516717510776,1009.0,815.0,194.0,4.201030927835052,0
105,0.6509150683683202,0.0147935242810981,0.6502524620256919,0.0147784650460384,0.6502524620256919,0.0147784650460384,0.0,0.0006626063426864,0.6502524620256919,0.0147784650460384,0.1164255429669225,0.115762936624236,4.989781751044659e-05,0.0121474892136681,2.1771769354115804,2364.0,2320.0,44.0,52.72727272727273,0
106,1.5903439243266178,0.0139503853011106,1.5820357525936222,0.0138775066016984,1.5820357525936222,0.0138775066016984,0.0,0.0083081717329065,1.5820357525936222,0.0138775066016984,0.1408061228041788,0.1324979510712722,5.074605556157498e-05,0.0127152438730038,0.8552125689022176,2725.0,2611.0,114.0,22.903508771929825,0
107,2.602308983816741,0.0147858464989587,2.6012173724507788,0.0147796441616521,2.6012173724507788,0.0147796441616521,0.0,0.0010916113655383,2.6012173724507788,0.0147796441616521,0.1522924833727472,0.1512008720072089,5.490227741728718e-05,0.0139205482979772,1.2562932423540758,2930.0,2754.0,176.0,15.647727272727272,0
108,3.0968625229010627,0.0146770735682514,3.0889510214824543,0.0146395783008647,3.0889510214824543,0.0146395783008647,0.0,0.0079115014181354,3.0889510214824543,0.0146395783008647,0.1222195285070739,0.1143080270889385,4.839459233231944e-05,0.0140978340966539,0.4473163366528752,2573.0,2362.0,211.0,11.19431279620853,0
109,3.977979990545421,0.0149548119945316,3.9713787785783032,0.0149299954081891,3.9713787785783032,0.0149299954081891,0.0,0.0066012119665543,3.9713787785783032,0.0149299954081891,0.1540089564524152,0.1474077444858608,5.121881323344712e-05,0.0143758309552368,0.2577107432300067,3144.0,2878.0,266.0,10.819548872180452,0
110,1.481820514871174,0.0170324197111629,1.4765151835695869,0.0169714388916044,1.4765151835695869,0.0169714388916044,0.0,0.0053053313015141,1.4765151835695869,0.0169714388916044,0.1003118587409375,0.0950065274394234,4.963768413762978e-05,0.0158794098405774,2.523432216380158,2001.0,1914.0,87.0,22.0,0
111,2.452802564099983,0.0164617621751676,2.450781839684468,0.0164482002663387,2.450781839684468,0.0164482002663387,0.0,0.0020207244157433,2.450781839684468,0.0164482002663387,0.1224872606246805,0.1204665362089372,5.113180654029593e-05,0.0156397000233241,0.1650623082003051,2505.0,2356.0,149.0,15.812080536912752,0
112,21.88007327229711,0.0139186216744892,21.8703482497449,0.0139124352733746,21.8703482497449,0.0139124352733746,0.0,0.0097250225519047,21.8703482497449,0.0139124352733746,0.0235921488788761,0.0138671263269714,0.0012606478479064,0.0139036139461948,0.2210576411888212,1583.0,11.0,1572.0,0.0069974554707379,0
113,2.299386380006865,0.0166622201449772,2.290994724907996,0.0166014110500579,2.290994724907996,0.0166014110500579,0.0,0.0083916550990608,2.290994724907996,0.0166014110500579,0.2193722350961024,0.2109805799970416,5.781873937984151e-05,0.0150725662674692,0.3649902795008017,3787.0,3649.0,138.0,26.44202898550725,0
114,2.566137496746734,0.0147479166479697,2.5546658932758515,0.0146819878923899,2.5546658932758515,0.0146819878923899,0.0,0.0114716034712785,2.5546658932758515,0.0146819878923899,0.1687097397044397,0.1572381362331611,5.749109185855985e-05,0.0137783204427718,1.13823456491032,2909.0,2735.0,174.0,15.718390804597702,0
115,5.486146474965281,0.0137497405387601,5.483418259207779,0.0137429029052826,5.483418259207779,0.0137429029052826,0.0,0.0027282157578127,5.483418259207779,0.0137429029052826,0.1621174027286116,0.1593891869707988,5.929657253377933e-05,0.0133434312587385,0.4868695012005588,3087.0,2688.0,399.0,6.7368421052631575,0
116,0.9673883224614171,0.0138198331780202,0.9575425871992416,0.013679179817132,0.9575425871992416,0.013679179817132,0.0,0.0098457352625018,0.9575425871992416,0.013679179817132,0.0798423828256176,0.0699966475631157,5.8574600471226566e-05,0.0126792277090828,0.8052740415469941,1265.0,1195.0,70.0,17.071428571428573,0
117,5.814482544115805,0.0155052867843088,5.802867688772641,0.015474313836727,5.802867688772641,0.015474313836727,0.0,0.0116148553437511,5.802867688772641,0.015474313836727,0.1824328671476394,0.1708180118038882,5.131210928323468e-05,0.0150187991385817,2.540916354029079,3704.0,3329.0,375.0,8.877333333333333,0
118,2.1244003613002462,0.0165968778226581,2.119550552199507,0.0165589886890586,2.119550552199507,0.0165589886890586,0.0,0.0048498091005342,2.119550552199507,0.0165589886890586,0.2148544818075777,0.2100046727070434,5.708199856130565e-05,0.0149183271835364,1.813788512981489,3807.0,3679.0,128.0,28.7421875,0
119,1.5216819913504196,0.0167217801247298,1.510167863899824,0.0165952512516464,1.510167863899824,0.0165952512516464,0.0,0.0115141274514201,1.510167863899824,0.0165952512516464,0.171631195962135,0.1601170685107149,5.786666733310984e-05,0.0148357230262448,1.3779376357502144,2858.0,2767.0,91.0,30.406593406593405,0
120,2.3775351721997424,0.0172285157405778,2.364948193574649,0.0171373057505409,2.364948193574649,0.0171373057505409,0.0,0.0125869786257055,2.364948193574649,0.0171373057505409,0.1727302106648665,0.1601432320391609,5.3631357012445054e-05,0.0159768475473541,0.201117565245454,3124.0,2986.0,138.0,21.63768115942029,0
121,2.42836025059961,0.0186796942353816,2.4268088649883466,0.0186677604999103,2.4268088649883466,0.0186677604999103,0.0,0.0015513856108952,2.4268088649883466,0.0186677604999103,0.2143433075964367,0.2127919219855414,5.517031941548909e-05,0.0170308995615628,1.3993187490505363,3987.0,3857.0,130.0,29.66923076923077,0
122,2.508544337427025,0.0179181738387644,2.5016718612740214,0.0178690847233858,2.5016718612740214,0.0178690847233858,0.0,0.0068724761525231,2.5016718612740214,0.0178690847233858,0.2037865180200526,0.1969140418675294,6.303266385004144e-05,0.0164625558529069,0.5346803901175008,3264.0,3124.0,140.0,22.314285714285717,0
123,2.2517530940191364,0.0175918210470245,2.225901252975216,0.0173898535388688,2.225901252975216,0.0173898535388688,0.0,0.0258518410435044,2.225901252975216,0.0173898535388688,0.1605543199027295,0.134702478859225,6.63559009158744e-05,0.0163374904227844,0.1456042316397372,2158.0,2030.0,128.0,15.859375,0
124,1.8930274963084628,0.0175280323732265,1.883552828241768,0.0174403039652015,1.883552828241768,0.0174403039652015,0.0,0.0094746680662183,1.883552828241768,0.0174403039652015,0.2006588717256932,0.1911842036594748,5.9355542893348295e-05,0.0156700798572478,0.4699126094788255,3329.0,3221.0,108.0,29.824074074074076,0
125,2.9063045234302933,0.0166074544196016,2.8175548155491423,0.0161003132317093,2.8175548155491423,0.0161003132317093,0.0,0.0887497078805097,2.8175548155491423,0.0161003132317093,0.2276127300589223,0.1388630221784126,5.916617902787074e-05,0.0153068102478364,0.0830087484603723,2522.0,2347.0,175.0,13.411428571428573,0
126,4.2842143271770965,0.0146719668738941,4.271457130050417,0.0146282778426384,4.271457130050417,0.0146282778426384,0.0,0.0127571971259214,4.271457130050417,0.0146282778426384,0.2044503787716394,0.1916931816457179,5.975473243320384e-05,0.0139717943438543,1.076570764848185,3500.0,3208.0,292.0,10.986301369863014,0
127,2.115368453251449,0.0155541798033194,2.1121812415680963,0.0155307444232948,2.1121812415680963,0.0155307444232948,0.0,0.0031872116833255,2.1121812415680963,0.0155307444232948,0.1705902901235561,0.1674030784402305,5.401841834147483e-05,0.0142998394347639,1.1431493193955475,3235.0,3099.0,136.0,22.78676470588235,0
128,2.879130045858659,0.0141133825777385,2.8690721122629896,0.0140640789816813,2.8690721122629896,0.0140640789816813,0.0,0.0100579335954194,2.8690721122629896,0.0140640789816813,0.0828044097316649,0.0727464761362455,6.138943133860381e-05,0.0137074786084656,0.3462354227117714,1389.0,1185.0,204.0,5.8088235294117645,0
129,3.5215280957788195,0.0141997100636242,3.5181043848298565,0.0141859047775397,3.5181043848298565,0.0141859047775397,0.0,0.0034237109486241,3.5181043848298565,0.0141859047775397,0.1866274546538306,0.1832037437052065,5.626650605196761e-05,0.0134471800045362,0.0539310788542479,3504.0,3256.0,248.0,13.129032258064516,0
130,1.445558287341811,0.0147505947687939,1.4359008059252438,0.0146520490400535,1.4359008059252438,0.0146520490400535,0.0,0.0096574814162408,1.4359008059252438,0.0146520490400535,0.2085461643963242,0.1988886829800833,5.122036646409563e-05,0.0126225726831172,3.210953467047688,3981.0,3883.0,98.0,39.62244897959184,0
131,0.9539395983323402,0.0138252115700339,0.9486861162658126,0.0137490741487798,0.9486861162658126,0.0137490741487798,0.0,0.0052534820665925,0.9486861162658126,0.0137490741487798,0.1436977623218354,0.1384442802552428,5.19295874925892e-05,0.0117426353045,0.9503519523927082,2735.0,2666.0,69.0,38.63768115942029,0
132,1.219117477138724,0.0131087900767604,1.2097392090242027,0.0130079484841312,1.2097392090242027,0.0130079484841312,0.0,0.0093782681154834,1.2097392090242027,0.0130079484841312,0.0907516593746891,0.0813733912592056,4.247045472818665e-05,0.0121329657824089,1.750673870341899,2009.0,1916.0,93.0,20.602150537634408,0
133,3.351516041126104,0.012012602297943,3.349614980926014,0.0120057884621004,3.349614980926014,0.0120057884621004,0.0,0.0019010602017885,3.349614980926014,0.0120057884621004,0.109816337315209,0.1079152771134204,4.698096522134106e-05,0.0116189953541609,0.4150528071892552,2576.0,2297.0,279.0,8.232974910394265,0
134,0.9864693020631136,0.0129798592376725,0.9843958049239956,0.0129525763805788,0.9843958049239956,0.0129525763805788,0.0,0.0020734971399747,0.9843958049239956,0.0129525763805788,0.110281231108928,0.1082077339689533,4.552281614175572e-05,0.0115287904072919,1.972236309762394,2453.0,2377.0,76.0,31.276315789473685,0
135,1.1017712927360035,0.0148888012531892,1.1017712927355403,0.0148888012531829,1.1017712927355403,0.0148888012531829,0.0,0.0,1.1017712927355403,0.0148888012531829,0.1338666282106544,0.1338666282106544,4.917951073132051e-05,0.013079792763856,1.9309075407248315,2796.0,2722.0,74.0,36.78378378378378,0
136,1.6845862884681253,0.0131608303786572,1.684031253254005,0.0131564941660469,1.684031253254005,0.0131564941660469,0.0,0.0005550352131251,1.684031253254005,0.0131564941660469,0.1933403582208939,0.1927853230077687,5.23446437707762e-05,0.0116503588300564,0.1095672698367309,3811.0,3683.0,128.0,28.7734375,0
137,0.9922234954200349,0.0122496727829633,0.9922234954194872,0.0122496727829566,0.9922234954194872,0.0122496727829566,0.0,0.0,0.9922234954194872,0.0122496727829566,0.0528347727122593,0.0528347727122593,4.777104223531586e-05,0.0115973916383675,6.390105496491827,1187.0,1106.0,81.0,13.65432098765432,0
138,1.3971892625962423,0.0131810307792098,1.3947395612365614,0.0131579203890241,1.3947395612365614,0.0131579203890241,0.0,0.0024497013588984,1.3947395612365614,0.0131579203890241,0.1997574035192713,0.1973077021603728,5.185484945082073e-05,0.0112965269724242,0.7924660919007636,3911.0,3805.0,106.0,35.89622641509434,0
139,1.6139799137233126,0.0145403595830929,1.6139799137226245,0.0145403595830867,1.6139799137226245,0.0145403595830867,0.0,0.0,1.6139799137226245,0.0145403595830867,0.1760705305952683,0.1760705305952683,4.880003619602781e-05,0.0129541385867391,1.644421674435506,3719.0,3608.0,111.0,32.5045045045045,0
140,1.4456409159159025,0.0136381218482632,1.4437502961140245,0.0136202858123964,1.4437502961140245,0.0136202858123964,0.0,0.0018906198012302,1.4437502961140245,0.0136202858123964,0.1079625703008559,0.1060719504996257,5.053451667442863e-05,0.0126196070341042,0.2867046490131599,2205.0,2099.0,106.0,19.80188679245283,0
141,3.621872994406118,0.0134143444237263,3.621374837716096,0.0134124993989485,3.621374837716096,0.0134124993989485,0.0,0.0004981566903268,3.621374837716096,0.0134124993989485,0.1698383866005315,0.1693402299102047,5.31680470675682e-05,0.0127853133622429,1.1574368781096211,3455.0,3185.0,270.0,11.796296296296296,0
142,1.5383374391825555,0.0141131875154362,1.530956854938477,0.0140454757333805,1.530956854938477,0.0140454757333805,0.0,0.0073805842444585,1.530956854938477,0.0140454757333805,0.2117588449449385,0.20437826070048,5.38404269495469e-05,0.0121704458186937,0.3367564572313597,3905.0,3796.0,109.0,34.825688073394495,0
143,1.38635778724219,0.0140036140125473,1.3763380177732532,0.0139024042199318,1.3763380177732532,0.0139024042199318,0.0,0.0100197694686983,1.3763380177732532,0.0139024042199318,0.17600707481526,0.1659873053465617,4.886291002253803e-05,0.0122257647719891,1.8987587499325684,3496.0,3397.0,99.0,34.313131313131315,0
144,0.8048416184848293,0.0125756502888254,0.7961650063591882,0.0124400782243623,0.7961650063591882,0.0124400782243623,0.0,0.0086766121254981,0.7961650063591882,0.0124400782243623,0.0244817042805607,0.0158050921550625,4.939091298457043e-05,0.0121931236594416,0.5447947671556506,384.0,320.0,64.0,5.0,0
145,3.0437305179136445,0.0134678341500603,3.043730517914934,0.013467834150066,3.043730517914934,0.013467834150066,0.0,0.0,3.043730517914934,0.013467834150066,0.1080002553089798,0.1080002553089798,4.235304129763915e-05,0.0129899569141799,0.9165849266030648,2776.0,2550.0,226.0,11.283185840707963,0
146,1.363646401113101,0.0133690823638539,1.3636290898954193,0.0133689126460335,1.3636290898954193,0.0133689126460335,0.0,1.731121810166769e-05,1.3636290898954193,0.0133689126460335,0.0868147796252003,0.0867974684070986,4.485657282020604e-05,0.0125179570734107,0.621259498136169,2037.0,1935.0,102.0,18.97058823529412,0
147,2.7526143558394267,0.0144115934860702,2.7513110406697527,0.0144047698464384,2.7513110406697527,0.0144047698464384,0.0,0.001303315171043,2.7513110406697527,0.0144047698464384,0.1637873883896929,0.1624840732186498,5.194503619522055e-05,0.0135540678924069,0.886482413165453,3319.0,3128.0,191.0,16.376963350785342,0
148,2.184447947630872,0.014184726932668,2.179426771831188,0.0141521218950077,2.179426771831188,0.0141521218950077,0.0,0.005021175801005,2.179426771831188,0.0141521218950077,0.0979089328451721,0.092887757044167,4.582523781162658e-05,0.0135489546414655,0.5556481623587217,2181.0,2027.0,154.0,13.162337662337665,0
149,1.5768641062347228,0.0143351282384974,1.5724306302538538,0.0142948239113986,1.5724306302538538,0.0142948239113986,0.0,0.0044334759815285,1.5724306302538538,0.0142948239113986,0.1015938610706257,0.0971603850890971,4.995392549567979e-05,0.0134115476833099,0.7211693365551923,2055.0,1945.0,110.0,17.681818181818183,0
150,1.5110426276308715,0.0148141434081457,1.4694253478838597,0.0144061308616064,1.4694253478838597,0.0144061308616064,0.0,0.0416172797476974,1.4694253478838597,0.0144061308616064,0.1843465647949358,0.1427292850472383,6.688345128736568e-05,0.0130068241454503,0.033790013490119,2236.0,2134.0,102.0,20.92156862745098,0
151,1.362319974893893,0.012273152926972,1.3623199748938246,0.0122731529269713,1.3623199748938246,0.0122731529269713,0.0,0.0,1.3623199748938246,0.0122731529269713,0.1332597931720158,0.1332597931720158,4.377785583837577e-05,0.0110726142497466,1.8676576241176408,3155.0,3044.0,111.0,27.423423423423426,0
152,2.0015757285823383,0.0126682008138122,2.0015757285826683,0.0126682008138143,2.0015757285826683,0.0126682008138143,0.0,0.0,2.0015757285826683,0.0126682008138143,0.1795950318632435,0.1795950318632435,4.666017975142727e-05,0.0115315233969562,2.952527515692026,4007.0,3849.0,158.0,24.360759493670887,0
153,45.19256516123636,0.0129863692992058,45.1824587949195,0.0129834651709538,45.1824587949195,0.0129834651709538,0.0,0.0101063663161369,45.1824587949195,0.0129834651709538,0.0439160573386061,0.0338096910224692,6.331402813196484e-05,0.0129737497424993,0.6834818032130556,4014.0,534.0,3480.0,0.1534482758620689,0
154,1.2446536025557575,0.0139848719388287,1.24261799761225,0.0139619999731713,1.24261799761225,0.0139619999731713,0.0,0.0020356049435577,1.24261799761225,0.0139619999731713,0.197844198592719,0.1958085936491613,5.191107997061542e-05,0.011761903415315,4.004810937286436,3861.0,3772.0,89.0,42.38202247191011,0
155,1.2864162632111231,0.0115893357046047,1.2863208835922837,0.0115884764287593,1.2863208835922837,0.0115884764287593,0.0,9.537961889805048e-05,1.2863208835922837,0.0115884764287593,0.0184898834776277,0.0183945038587296,4.621734637871772e-05,0.0114227601777792,0.197748818973821,509.0,398.0,111.0,3.5855855855855854,0
156,2.4149387177888,0.0145478236011373,2.4054693850350803,0.0144907794279221,2.4054693850350803,0.0144907794279221,0.0,0.0094693327535537,2.4054693850350803,0.0144907794279221,0.2034773739179627,0.1940080411644089,5.191545120803022e-05,0.0133220562883785,3.276056010513656,3903.0,3737.0,166.0,22.512048192771083,0
157,1.056400702383172,0.0167682651171932,1.047810171936983,0.0166319074910632,1.047810171936983,0.0166319074910632,0.0,0.0085905304462414,1.047810171936983,0.0166319074910632,0.2058120803254723,0.1972215498792309,5.137315704069573e-05,0.0135014066993285,0.4286522756750912,3902.0,3839.0,63.0,60.93650793650794,0
158,2.0694985364958427,0.012542415372702,2.059264602115387,0.012480391527972,2.059264602115387,0.012480391527972,0.0,0.0102339343804942,2.059264602115387,0.012480391527972,0.1057949196405445,0.0955609852600503,4.7732759870154994e-05,0.0119012340415472,0.7866567766378694,2167.0,2002.0,165.0,12.133333333333333,0
159,2.9745081629521337,0.0133986854187033,2.9694592433908538,0.0133759425377966,2.9694592433908538,0.0133759425377966,0.0,0.0050489195607781,2.9694592433908538,0.0133759425377966,0.061593154413714,0.0565442348529359,5.0127867777425455e-05,0.0131212387772,2.8670521079428117,1350.0,1128.0,222.0,5.081081081081081,0
160,7.509815404571128,0.0147831011901006,7.5097246436357,0.0147829225268419,7.5097246436357,0.0147829225268419,0.0,9.076093604676316e-05,7.5097246436357,0.0147829225268419,0.0636411720183218,0.0635504110822751,5.535750094274835e-05,0.0146578232924267,0.1493234505061877,1656.0,1148.0,508.0,2.25984251968504,0
161,1.371414512938884,0.0138526718478675,1.3602431794228915,0.0137398300951807,1.3602431794228915,0.0137398300951807,0.0,0.0111713335151648,1.3602431794228915,0.0137398300951807,0.1552098260998491,0.1440384925846842,4.884316466079493e-05,0.0122848958266569,0.2246881883309299,3048.0,2949.0,99.0,29.78787878787879,0
162,4.8914202272250975,0.0157787749265325,4.880163718941124,0.0157424636094874,4.880163718941124,0.0157424636094874,0.0,0.0112565082851006,4.880163718941124,0.0157424636094874,0.2037939188803932,0.1925374105952926,5.372137572413298e-05,0.0151213751882087,1.579445474648594,3894.0,3584.0,310.0,11.561290322580644,0
163,3.6295642817578937,0.0164233677907597,3.6289825386960497,0.0164207354692128,3.6289825386960497,0.0164207354692128,0.0,0.0005817430628098,3.6289825386960497,0.0164207354692128,0.1497012327300808,0.1491194896672709,5.025934939914761e-05,0.0157459866471846,1.155739907647984,3188.0,2967.0,221.0,13.425339366515836,0
164,2.41949588797101,0.0177904109409633,2.4096139546195885,0.0177177496663205,2.4096139546195885,0.0177177496663205,0.0,0.0098819333517496,2.4096139546195885,0.0177177496663205,0.1969176591757104,0.1870357258239607,5.345405139295821e-05,0.016342486976436,0.3387868702893684,3635.0,3499.0,136.0,25.727941176470587,0
165,1.5450686324736296,0.0193133579059203,1.534675055996198,0.0191834381999524,1.534675055996198,0.0191834381999524,0.0,0.0103935764778952,1.534675055996198,0.0191834381999524,0.2283650657299745,0.2179714892520792,5.642544376186363e-05,0.0164587945842956,0.5215979919861411,3943.0,3863.0,80.0,48.2875,0
166,3.294004042111169,0.0153925422528559,3.279686004723735,0.0153256355360922,3.279686004723735,0.0153256355360922,0.0,0.01431803738771,3.279686004723735,0.0153256355360922,0.142328846008553,0.1280108086208429,5.589991642831568e-05,0.0147274541873954,0.8821777067200571,2504.0,2290.0,214.0,10.700934579439252,0
167,2.8127926651995097,0.0165458392070559,2.80177986362281,0.0164810580213106,2.80177986362281,0.0164810580213106,0.0,0.0110128015768964,2.80177986362281,0.0164810580213106,0.2080056464032225,0.196992844826326,5.4735438962580176e-05,0.0153222765811546,2.235006331371295,3769.0,3599.0,170.0,21.17058823529412,0
168,3.8541065354266095,0.0152336226696703,3.842209582735202,0.0151865991412458,3.842209582735202,0.0151865991412458,0.0,0.0118969526916146,3.842209582735202,0.0151865991412458,0.1371413449163014,0.1252443922246868,5.08709960295235e-05,0.0146915620178273,0.4215534121894393,2715.0,2462.0,253.0,9.731225296442688,0
169,4.085023004017415,0.0154735719849144,4.081174725165458,0.0154589951710812,4.081174725165458,0.0154589951710812,0.0,0.0038482788529563,4.081174725165458,0.0154589951710812,0.1868187857788257,0.1829705069258693,5.238205179669893e-05,0.0147659250690855,0.9000762990884823,3757.0,3493.0,264.0,13.231060606060606,0
170,3.271375648101099,0.0153585711178455,3.264904550029238,0.0153281903757241,3.264904550029238,0.0153281903757241,0.0,0.0064710980728364,3.264904550029238,0.0153281903757241,0.1650540776672073,0.1585829795943709,5.373872571818738e-05,0.01458366934476,0.4166884946318419,3164.0,2951.0,213.0,13.854460093896714,0
171,2.7458798567822957,0.0150048079605589,2.7374717670797084,0.0149588621151896,2.7374717670797084,0.0149588621151896,0.0,0.0084080897034368,2.7374717670797084,0.0149588621151896,0.1042270897969785,0.0958190000935417,5.878466263407467e-05,0.0144352610217776,0.358021780413992,1813.0,1630.0,183.0,8.907103825136613,0
172,4.36406033502621,0.0136376885469569,4.3562662746160425,0.0136133321081751,4.3562662746160425,0.0136133321081751,0.0,0.0077940604089405,4.3562662746160425,0.0136133321081751,0.1652745769587511,0.1574805165498105,5.238872806048255e-05,0.0131212054939608,2.5100496406683988,3326.0,3006.0,320.0,9.39375,0
173,1.1249464016521529,0.0130807721122343,1.1173278881149966,0.0129921847455232,1.1173278881149966,0.0129921847455232,0.0,0.0076185135364426,1.1173278881149966,0.0129921847455232,0.0785380906669388,0.0709195771304962,5.979728257208789e-05,0.012167538499828,0.6548035738391889,1272.0,1186.0,86.0,13.790697674418604,0
174,1.6850529483551495,0.0134804235868411,1.6830323007394128,0.0134642584059153,1.6830323007394128,0.0134642584059153,0.0,0.0020206476153248,1.6830323007394128,0.0134642584059153,0.0971589314053176,0.0951382837899927,5.518461936774524e-05,0.0127031521355986,1.5757944334825424,1849.0,1724.0,125.0,13.792,0
175,33.492281154192256,0.0132747844447848,33.49020747893831,0.0132739625362418,33.49020747893831,0.0132739625362418,0.0,0.0020736752555023,33.49020747893831,0.0132739625362418,0.0245980581302376,0.0225243828747352,0.000119810547206,0.0132650349171866,0.3561206797326974,2711.0,188.0,2523.0,0.0745144669044788,0
176,1.2961247808100893,0.0129612478081008,1.2878902953965947,0.0128789029539659,1.2878902953965947,0.0128789029539659,0.0,0.0082344854129701,1.2878902953965947,0.0128789029539659,0.0472395985570415,0.0390051131440714,4.9373560941862536e-05,0.0124888518225304,0.2188648164836593,890.0,790.0,100.0,7.9,0
177,3.317037429591835,0.0135944156950485,3.3164509877414634,0.013592012244842,3.3164509877414634,0.013592012244842,0.0,0.0005864418506291,3.3164509877414634,0.013592012244842,0.2011278954739168,0.2005414536232876,5.2360692852033335e-05,0.0127701210414668,1.3440092013987908,4074.0,3830.0,244.0,15.69672131147541,0
178,2.729675854512209,0.0131868398768705,2.7257532292726694,0.0131678899964863,2.7257532292726694,0.0131678899964863,0.0,0.0039226252389426,2.7257532292726694,0.0131678899964863,0.052937654558633,0.0490150293196904,6.742094817013822e-05,0.0129311024152346,1.6675923131157615,934.0,727.0,207.0,3.5120772946859904,0
179,5.919908078668556,0.0128693653884099,5.911529195406907,0.0128511504247976,5.911529195406907,0.0128511504247976,0.0,0.0083788832607183,5.911529195406907,0.0128511504247976,0.0769718634303444,0.0685929801696261,4.594305436679579e-05,0.0127020352505178,1.1186899351203865,1953.0,1493.0,460.0,3.2456521739130437,0
180,2.014844819955385,0.0135224484560764,2.0086456618117765,0.0134808433678642,2.0086456618117765,0.0134808433678642,0.0,0.0061991581441702,2.0086456618117765,0.0134808433678642,0.1260065127008545,0.1198073545566842,5.416245685202723e-05,0.012676767162782,1.3968842506258738,2361.0,2212.0,149.0,14.845637583892618,0
181,1.0619782631022474,0.0131108427543487,1.0493326275687531,0.0129547237971451,1.0493326275687531,0.0129547237971451,0.0,0.0126456355332038,1.0493326275687531,0.0129547237971451,0.0588564628527876,0.0462108273195838,6.886859511115322e-05,0.0123842197561661,1.198649912201546,752.0,671.0,81.0,8.283950617283951,0
182,4.7026433130915,0.0129193497612403,4.698005166769775,0.0129066076010158,4.698005166769775,0.0129066076010158,0.0,0.0046381463223212,4.698005166769775,0.0129066076010158,0.0753774263181696,0.0707392799958483,5.6636733383385424e-05,0.0127122689197069,1.2846540599907428,1613.0,1249.0,364.0,3.431318681318681,0
183,1.2624298562439265,0.0152099982679991,1.25264467111489,0.0150921044712637,1.25264467111489,0.0150921044712637,0.0,0.0097851851292034,1.25264467111489,0.0150921044712637,0.1808444943885092,0.1710593092593058,5.07594389493489e-05,0.013031148938017,2.652567766464444,3453.0,3370.0,83.0,40.60240963855421,0
184,1.6725036341290431,0.0159286060393242,1.6713635813202388,0.015917748393526,1.6713635813202388,0.015917748393526,0.0,0.0011400528091769,1.6713635813202388,0.015917748393526,0.1949711853223448,0.1938311325131678,5.388688699281842e-05,0.0140717376076828,3.321728293815795,3702.0,3597.0,105.0,34.25714285714286,0
185,1.6440321962060978,0.0149457472382372,1.6414385382966232,0.0149221685299693,1.6414385382966232,0.0149221685299693,0.0,0.002593657909756,1.6414385382966232,0.0149221685299693,0.156049177896449,0.1534555199866929,5.264340308291353e-05,0.0135271183482695,0.7792439300733349,3025.0,2915.0,110.0,26.5,0
186,5.151330607733854,0.0137003473609942,5.129049318296256,0.01364108861249,5.129049318296256,0.01364108861249,0.0,0.0222812894371031,5.129049318296256,0.01364108861249,0.0959011748546743,0.0736198854175711,6.711019636970934e-05,0.0134452910448914,0.106758750002541,1473.0,1097.0,376.0,2.917553191489361,0
187,4.267835395107312,0.013722943392628,4.26086603772904,0.0137005338833731,4.26086603772904,0.0137005338833731,0.0,0.0069693573773008,4.26086603772904,0.0137005338833731,0.1765106015163553,0.1695412441390544,5.114366339036334e-05,0.0131553851883953,1.6514521236446171,3626.0,3315.0,311.0,10.659163987138264,0
188,0.3951575376133291,0.0188170256006347,0.3895126123357424,0.0185482196350353,0.3895126123357424,0.0185482196350353,0.0,0.0056449252775507,0.3895126123357424,0.0185482196350353,0.1215940081929716,0.1159490829154208,5.65605282514248e-05,0.0130268347343027,0.9955218659781052,2071.0,2050.0,21.0,97.61904761904762,0
189,3.1621567803522623,0.0140540301348989,3.1518670817393324,0.0140082981410637,3.1518670817393324,0.0140082981410637,0.0,0.0102896986132918,3.1518670817393324,0.0140082981410637,0.1255356653003332,0.1152459666870413,4.754371562996755e-05,0.0134960938446752,2.8711371613083827,2649.0,2424.0,225.0,10.773333333333332,0
190,2.4786392409343705,0.0157875110887539,2.477419368603628,0.0157797412012969,2.477419368603628,0.0157797412012969,0.0,0.0012198723314895,2.477419368603628,0.0157797412012969,0.1186765117035122,0.1174566393720226,4.642554915890224e-05,0.0150316097403239,1.2287922187950358,2687.0,2530.0,157.0,16.11464968152866,0
191,1.6737297044162176,0.0153553183891396,1.670625834163112,0.0153268425152579,1.670625834163112,0.0153268425152579,0.0,0.0031038702537955,1.670625834163112,0.0153268425152579,0.1452949563651486,0.1421910861113531,5.343520710685949e-05,0.0140223371380832,0.1650230881450625,2770.0,2661.0,109.0,24.412844036697248,0
192,3.4007557984297136,0.0152500260019269,3.38935262080719,0.0151988906762654,3.38935262080719,0.0151988906762654,0.0,0.0114031776231229,3.38935262080719,0.0151988906762654,0.1891973011095444,0.1777941234864215,5.366559718877801e-05,0.0144016076113012,1.2343616268283313,3536.0,3313.0,223.0,14.856502242152466,0
193,5.076317315200299,0.0136094297994646,5.065155301535538,0.0135795048298539,5.065155301535538,0.0135795048298539,0.0,0.0111620136658814,5.065155301535538,0.0135795048298539,0.1232025211658083,0.1120405074999268,5.460063718320024e-05,0.0132791281341407,0.6734643640439231,2425.0,2052.0,373.0,5.501340482573727,0
194,2.260224534518983,0.0152717873953985,2.259136560419892,0.0152644362190533,2.259136560419892,0.0152644362190533,0.0,0.0010879740994766,2.259136560419892,0.0152644362190533,0.186945621409194,0.1858576473097173,5.77556393131502e-05,0.0140086413047958,0.1354542816817456,3366.0,3218.0,148.0,21.74324324324324,0
195,3.4577922626074558,0.0134544446015854,3.4555691145243306,0.013445794219939,3.4555691145243306,0.013445794219939,0.0,0.0022231480839991,3.4555691145243306,0.013445794219939,0.1051884778692908,0.1029653297852917,5.914148752745072e-05,0.013045150913378,0.3221766001489925,1998.0,1741.0,257.0,6.77431906614786,0
196,35.23422954488419,0.0137204943710608,35.226258598378166,0.0137173904199291,35.226258598378166,0.0137173904199291,0.0,0.0079709465034909,35.226258598378166,0.0137173904199291,0.0722142352522325,0.0642432887487416,4.476884233361786e-05,0.0136923735629407,4.089458344935537,4003.0,1435.0,2568.0,0.5588006230529595,0
197,4.343810365171777,0.014431263671667,4.333625869322254,0.0143974281372832,4.333625869322254,0.0143974281372832,0.0,0.0101844958490175,4.333625869322254,0.0143974281372832,0.213833043632178,0.2036485477831604,5.437878445478249e-05,0.0137208548888358,0.4740320701375253,4046.0,3745.0,301.0,12.44186046511628,0
198,2.2796997852485674,0.0148999985963958,2.2693570958694207,0.0148323993194079,2.2693570958694207,0.0148323993194079,0.0,0.0103426893794562,2.2693570958694207,0.0148323993194079,0.1522434917111752,0.1419008023317189,5.071508303492458e-05,0.0139049430950156,0.3036363210513855,2951.0,2798.0,153.0,18.287581699346404,0
199,1.661585246430775,0.0145753091792173,1.654820801966372,0.0145159719470734,1.654820801966372,0.0145159719470734,0.0,0.0067644444648351,1.654820801966372,0.0145159719470734,0.1040247178783602,0.097260273413525,5.0082530079055126e-05,0.0136628116539685,0.5224776185900168,2056.0,1942.0,114.0,17.035087719298247,0
200,0.4369399548725994,0.0168053828797153,0.429500263005435,0.0165192408848244,0.429500263005435,0.0165192408848244,0.0,0.0074396918671197,0.429500263005435,0.0165192408848244,0.1023328358873243,0.0948931440202045,4.763712049207056e-05,0.0128695045763567,2.432181617435191,2018.0,1992.0,26.0,76.61538461538461,0
201,2.6232915621026223,0.0162937364105752,2.6220980049972726,0.0162863230124054,2.6220980049972726,0.0162863230124054,0.0,0.0011935571044716,2.6220980049972726,0.0162863230124054,0.1632639852757336,0.1620704281712619,4.797822029936706e-05,0.0152796743902291,1.2809837371443962,3539.0,3378.0,161.0,20.981366459627328,0
202,2.914857415600693,0.0155045607212802,2.9137858822597043,0.0154988610758494,2.9137858822597043,0.0154988610758494,0.0,0.0010715333403936,2.9137858822597043,0.0154988610758494,0.1481736528790804,0.1471021195386868,5.2762596678151645e-05,0.0147164029932,0.2325942228188466,2976.0,2788.0,188.0,14.829787234042554,0
203,2.0966032614008725,0.0165086870976446,1.9837797868323523,0.0156203132821445,1.9837797868323523,0.0156203132821445,0.0,0.1128234745678753,1.9837797868323523,0.0156203132821445,0.1789169471522314,0.066093472584356,6.217636179149205e-05,0.0150998922381782,0.0095640268623924,1190.0,1063.0,127.0,8.37007874015748,0
204,2.3262038155078244,0.0155080254367188,2.3218759184796123,0.015479172789864,2.3218759184796123,0.015479172789864,0.0,0.0043278970275935,2.3218759184796123,0.015479172789864,0.1293815503036626,0.1250536532760691,5.692018810927132e-05,0.0146454817680277,0.5153217830212213,2347.0,2197.0,150.0,14.646666666666668,0
205,2.391757825435718,0.0150425020467655,2.3861675134412748,0.0150073428518319,2.3861675134412748,0.0150073428518319,0.0,0.0055903119937568,2.3861675134412748,0.0150073428518319,0.193335046232363,0.1877447342386062,5.356483145181349e-05,0.0138265583597695,0.1772081774099945,3664.0,3505.0,159.0,22.044025157232703,0
206,4.999991002037035,0.0137362390165852,4.99794438619658,0.013730616445595,4.99794438619658,0.013730616445595,0.0,0.0020466158406122,4.99794438619658,0.013730616445595,0.1739840788920617,0.1719374630514494,4.918119652501413e-05,0.0132582607778708,2.432308331762755,3860.0,3496.0,364.0,9.604395604395604,0
207,2.326935994540463,0.0140176867140991,2.3071121561762014,0.0138982660010614,2.3071121561762014,0.0138982660010614,0.0,0.0198238383647435,2.3071121561762014,0.0138982660010614,0.1106092283377222,0.0907853899729786,6.384345286426068e-05,0.0133513660614622,0.1253978778785267,1588.0,1422.0,166.0,8.566265060240964,0
208,3.864038618380391,0.0135580302399311,3.8536726645140384,0.013521658471979,3.8536726645140384,0.013521658471979,0.0,0.0103659538659428,3.8536726645140384,0.013521658471979,0.0583733806529949,0.048007426787052,6.470003610114832e-05,0.013353211360447,0.804991282600497,1027.0,742.0,285.0,2.6035087719298247,0
209,2.0110167771022134,0.0150075878888224,1.9998423948904376,0.0149241969767943,1.9998423948904376,0.0149241969767943,0.0,0.0111743822112941,1.9998423948904376,0.0149241969767943,0.2164701993353333,0.2052958171240391,5.609175331257899e-05,0.0133921386400513,1.1970911380844882,3794.0,3660.0,134.0,27.31343283582089,0
210,5.665947576579072,0.0131156193902293,5.658980535633398,0.0130994919806328,5.658980535633398,0.0130994919806328,0.0,0.0069670409458808,5.658980535633398,0.0130994919806328,0.0688325692962052,0.0618655283503244,4.350599743342084e-05,0.0129562847390807,3.376476933949192,1854.0,1422.0,432.0,3.2916666666666665,0
211,4.138640264422975,0.0136139482382334,4.136767877924512,0.0136077890721201,4.136767877924512,0.0136077890721201,0.0,0.0018723864980927,4.136767877924512,0.0136077890721201,0.1359260825803119,0.1340536960822191,5.1361569380160606e-05,0.0131668229665877,0.3417390075158266,2914.0,2610.0,304.0,8.585526315789474,0
212,2.1329776072383027,0.0145100517499204,2.128542641056298,0.0144798819119476,2.128542641056298,0.0144798819119476,0.0,0.0044349661825435,2.128542641056298,0.0144798819119476,0.0970983072440674,0.0926633410615238,4.75928819011422e-05,0.0138495190475798,2.042093999662228,2094.0,1947.0,147.0,13.244897959183673,0
213,0.7363888212730103,0.0184097205318252,0.7253309290704764,0.0181332732267619,0.7253309290704764,0.0181332732267619,0.0,0.0110578922028139,0.7253309290704764,0.0181332732267619,0.1974641474796499,0.1864062552768359,5.2866209664445824e-05,0.013473116844834,0.8984345553084836,3566.0,3526.0,40.0,88.15,0
214,1.1395616944412552,0.0149942328215954,1.139447766908943,0.0149927337751176,1.139447766908943,0.0149927337751176,0.0,0.0001139275324533,1.139447766908943,0.0149927337751176,0.0817725741435708,0.0816586466111175,5.278516264454916e-05,0.0139182778986537,2.035317696532644,1623.0,1547.0,76.0,20.355263157894736,0
215,3.6083745118607737,0.0148492778265875,3.6006221758903445,0.0148173752094252,3.6006221758903445,0.0148173752094252,0.0,0.0077523359705367,3.6006221758903445,0.0148173752094252,0.1252971090285086,0.1175447730579719,5.33324741642341e-05,0.0143336518635072,0.4213294917373957,2447.0,2204.0,243.0,9.069958847736626,0
216,1.8815993767464647,0.0155504080722848,1.8800178319494816,0.0155373374541279,1.8800178319494816,0.0155373374541279,0.0,0.0015815447969771,1.8800178319494816,0.0155373374541279,0.1448313346561178,0.1432497898591407,5.147315481823239e-05,0.0143534548933086,0.3914929286402753,2904.0,2783.0,121.0,23.0,0
217,1.800874540202642,0.0148832606628317,1.7944566263759678,0.0148302200526939,1.7944566263759678,0.0148302200526939,0.0,0.0064179138266524,1.7944566263759678,0.0148302200526939,0.10132713554421,0.0949092217175575,4.778913480239555e-05,0.0140458463194911,0.2973800300062521,2107.0,1986.0,121.0,16.41322314049587,0
218,2.498716013263902,0.0153295460936435,2.491528250740381,0.0152854493910452,2.491528250740381,0.0152854493910452,0.0,0.0071877625242393,2.491528250740381,0.0152854493910452,0.1878120469740736,0.1806242844498342,5.4127744815653054e-05,0.0141773249465633,1.228113908130041,3500.0,3337.0,163.0,20.47239263803681,0
219,2.919833670856974,0.0147466347012978,2.907111987923403,0.0146823837773909,2.907111987923403,0.0146823837773909,0.0,0.012721682933801,2.907111987923403,0.0146823837773909,0.1538516287491234,0.1411299458153223,5.3990032829121017e-05,0.0139696062732719,0.7642666001120801,2812.0,2614.0,198.0,13.202020202020202,0
220,2.236281045174792,0.0144276196462889,2.224402508590307,0.014350983926389,2.224402508590307,0.014350983926389,0.0,0.0118785365847884,2.224402508590307,0.014350983926389,0.1265749745914206,0.1146964380066322,5.511602018579155e-05,0.0136110069069894,1.018916838194173,2236.0,2081.0,155.0,13.425806451612903,0
221,2.241142147262849,0.0140952336305839,2.240019604027088,0.0140881736102332,2.240019604027088,0.0140881736102332,0.0,0.0011225432354819,2.240019604027088,0.0140881736102332,0.18367948702533,0.182556943789848,5.223374643486352e-05,0.0129400167310535,1.5092098528062934,3654.0,3495.0,159.0,21.9811320754717,0
222,1.9030751802738732,0.0134969870941409,1.8983254477971343,0.0134633010482066,1.8983254477971343,0.0134633010482066,0.0,0.0047497324769096,1.8983254477971343,0.0134633010482066,0.0974551722928254,0.0927054398159157,4.722640846455208e-05,0.01280581565944,1.3577381611694364,2104.0,1963.0,141.0,13.921985815602836,0
223,0.7806765118049555,0.0144569724408325,0.7719382622647454,0.0142951530049026,0.7719382622647454,0.0142951530049026,0.0,0.0087382495404995,0.7719382622647454,0.0142951530049026,0.1213131972550058,0.1125749477145063,4.839851578439655e-05,0.0122104317509249,1.229762690170162,2380.0,2326.0,54.0,43.07407407407408,0
224,2.382832637403027,0.0148002027167889,2.382109466614101,0.0147957109727583,2.382109466614101,0.0147957109727583,0.0,0.0007231707875803,2.382109466614101,0.0147957109727583,0.1448605215582574,0.1441373507706771,5.20163662109986e-05,0.0139004479245016,1.6455854585205714,2932.0,2771.0,161.0,17.211180124223603,0
225,2.804902003661596,0.0146853508045109,2.725847415358581,0.0142714524364323,2.725847415358581,0.0142714524364323,0.0,0.0790545883015738,2.725847415358581,0.0142714524364323,0.2586328738610177,0.1795782855594438,5.446717790701968e-05,0.0133312519884847,0.0405139099358677,3488.0,3297.0,191.0,17.26178010471204,0
226,3.6071803888060288,0.0147835261836312,3.598383668449644,0.0147474740510231,3.598383668449644,0.0147474740510231,0.0,0.0087967203557468,3.598383668449644,0.0147474740510231,0.1004140358948006,0.0916173155390538,5.569441674106616e-05,0.0143719932496361,1.770517475160318,1889.0,1645.0,244.0,6.741803278688525,0
227,2.6135076268282376,0.0160337891216456,2.6099686519388112,0.0160120776192565,2.6099686519388112,0.0160120776192565,0.0,0.0035389748881584,2.6099686519388112,0.0160120776192565,0.1812178485425875,0.177678873654429,5.031970366877061e-05,0.0149220231796665,1.5298956195568962,3694.0,3531.0,163.0,21.66257668711657,0
228,2.420615128286556,0.0157182800538088,2.4186183473076075,0.0157053139435558,2.4186183473076075,0.0157053139435558,0.0,0.0019967809777199,2.4186183473076075,0.0157053139435558,0.206128524277517,0.2041317432997971,5.635884685251162e-05,0.0143797831429158,0.5160742860287826,3776.0,3622.0,154.0,23.51948051948052,0
229,3.758177226809323,0.013567426811586,3.7491366968249538,0.0135347895192236,3.7491366968249538,0.0135347895192236,0.0,0.0090405299822577,3.7491366968249538,0.0135347895192236,0.1335261929111766,0.1244856629289188,5.272582080852132e-05,0.0130853827938561,0.2820321843877877,2638.0,2361.0,277.0,8.52346570397112,0
230,25.58460440809631,0.0124924826211407,25.575944120862783,0.012488253965265,25.575944120862783,0.012488253965265,0.0,0.0086602872398202,25.575944120862783,0.012488253965265,0.023655478228818,0.0149951909889978,0.0149951909889978,0.0124809320946618,0.8360169595996467,2049.0,1.0,2048.0,0.00048828125,0
231,2.532831470938447,0.013617373499669,2.525504564787454,0.0135779815311153,2.525504564787454,0.0135779815311153,0.0,0.0073269061514338,2.525504564787454,0.0135779815311153,0.0955401310274055,0.0882132248759717,4.406254988809776e-05,0.0131037168812421,2.3831714660454395,2188.0,2002.0,186.0,10.763440860215054,0
232,6.055006259258903,0.0133960315470329,6.049205114647804,0.0133831971563004,6.049205114647804,0.0133831971563004,0.0,0.0058011446120076,6.049205114647804,0.0133831971563004,0.1978905772033385,0.1920894325913309,5.37012671488205e-05,0.0129582205355211,0.3834447806614776,4029.0,3577.0,452.0,7.913716814159292,0
233,3.016210912850795,0.0133460659860654,3.011715814149569,0.0133261761688034,3.011715814149569,0.0133261761688034,0.0,0.0044950987013407,3.011715814149569,0.0133261761688034,0.1849724912152623,0.1804773925139216,5.537815051056201e-05,0.0125276036355554,1.6862226330023304,3485.0,3259.0,226.0,14.420353982300885,0
234,2.5519618973743263,0.0137202252547006,2.5420400786465795,0.0136668821432611,2.5420400786465795,0.0136668821432611,0.0,0.009921818728003,2.5420400786465795,0.0136668821432611,0.1751726547975067,0.1652508360695037,5.261089973559496e-05,0.0127784367880474,3.4930092807705364,3327.0,3141.0,186.0,16.887096774193548,0
235,1.359475319587716,0.0149392892262386,1.3528092115207069,0.0148660352914363,1.3528092115207069,0.0148660352914363,0.0,0.0066661080669518,1.3528092115207069,0.0148660352914363,0.2125824435678964,0.2059163355009445,5.352647140653615e-05,0.0126032184178002,0.4692054949347266,3938.0,3847.0,91.0,42.27472527472528,0
236,1.856640004894757,0.014853120039158,1.8506437088240195,0.0148051496705921,1.8506437088240195,0.0148051496705921,0.0,0.0059962960701795,1.8506437088240195,0.0148051496705921,0.067435496349276,0.0614392002790964,5.33326391311601e-05,0.0143136360683638,5.062084894976294,1277.0,1152.0,125.0,9.216,0
237,5.634404894453269,0.0142282951880133,5.627208165298322,0.0142101216295412,5.627208165298322,0.0142101216295412,0.0,0.0071967291568171,5.627208165298322,0.0142101216295412,0.2105003756827272,0.2033036465259101,5.667790535988574e-05,0.0136967285827538,0.0710540973242359,3983.0,3587.0,396.0,9.058080808080808,0
238,1.8681434440787823,0.0155678620339898,1.7314895318057186,0.0144290794317143,1.7314895318057186,0.0144290794317143,0.0,0.136653912272834,1.7314895318057186,0.0144290794317143,0.3112950817164233,0.1746411694435892,5.684933901158503e-05,0.0129737363530196,0.0437470301499161,3192.0,3072.0,120.0,25.6,0
239,0.5084187879252795,0.0149534937625082,0.4980359096065053,0.0146481149884266,0.4980359096065053,0.0146481149884266,0.0,0.0103828783189783,0.4980359096065053,0.0146481149884266,0.1004526026886765,0.0900697243696981,4.6047916344426473e-05,0.0119990054481353,2.1850690871834786,1990.0,1956.0,34.0,57.52941176470589,0
240,2.482112657699645,0.0152276850165622,2.475400911663536,0.0151865086605124,2.475400911663536,0.0151865086605124,0.0,0.0067117460369559,2.475400911663536,0.0151865086605124,0.2065412886211675,0.1998295425842116,5.130411876359733e-05,0.0139605605464937,0.7592801827645985,4058.0,3895.0,163.0,23.895705521472397,0
241,3.9657553864021216,0.0134889638993269,3.953973790418231,0.0134488904435994,3.953973790418231,0.0134488904435994,0.0,0.011781595986406,3.953973790418231,0.0134488904435994,0.1544428695403894,0.1426612735539834,5.561843023547111e-05,0.0129636480165365,0.7129954133474712,2859.0,2565.0,294.0,8.724489795918368,0
242,0.8981119576038736,0.0152222365695571,0.8900534615958464,0.015085651891455,0.8900534615958464,0.015085651891455,0.0,0.0080584960084593,0.8900534615958464,0.015085651891455,0.1731095493213388,0.1650510533128795,5.219830908060705e-05,0.0122881764115683,2.304914460569534,3221.0,3162.0,59.0,53.59322033898305,0
243,1.7134183316371718,0.014044412554403,1.707265355183005,0.0139939783211721,1.707265355183005,0.0139939783211721,0.0,0.0061529764564056,1.707265355183005,0.0139939783211721,0.1677367079900591,0.1615837315336534,4.698567360676169e-05,0.0126695215053042,2.911764360774157,3561.0,3439.0,122.0,28.188524590163933,0
244,2.728874052080414,0.0130568136463177,2.7176562686048507,0.0130031400411715,2.7176562686048507,0.0130031400411715,0.0,0.0112177834793101,2.7176562686048507,0.0130031400411715,0.1582317622523419,0.1470139787730318,4.907008637284105e-05,0.0122997238747754,0.9697392970928718,3205.0,2996.0,209.0,14.334928229665072,0
245,1.1650590069822897,0.0137065765527328,1.1588595141335098,0.0136336413427471,1.1588595141335098,0.0136336413427471,0.0,0.0061994928491913,1.1588595141335098,0.0136336413427471,0.2014294367157276,0.1952299438665363,5.049920948436016e-05,0.0113368184737242,2.478300457666421,3951.0,3866.0,85.0,45.48235294117647,0
246,1.3147180451238114,0.0136949796367063,1.3147180451252432,0.0136949796367212,1.3147180451252432,0.0136949796367212,0.0,0.0,1.3147180451252432,0.0136949796367212,0.0821309128521079,0.0821309128521079,4.090184902993424e-05,0.0128394492944969,1.1887880555791526,2104.0,2008.0,96.0,20.916666666666668,0
247,3.691713535963572,0.0138786223156525,3.688150588187327,0.0138652277751403,3.688150588187327,0.0138652277751403,0.0,0.0035629477754355,3.688150588187327,0.0138652277751403,0.1373208320794106,0.133757884303975,4.66868706122077e-05,0.0133623785860306,0.5899564270553128,3131.0,2865.0,266.0,10.770676691729324,0
248,6.066391727568657,0.0127982947839001,6.063405229232173,0.0127919941544982,6.063405229232173,0.0127919941544982,0.0,0.0029864983357583,6.063405229232173,0.0127919941544982,0.1720548485111521,0.1690683501753938,5.002022194538278e-05,0.0124353098714293,0.2862264901669391,3854.0,3380.0,474.0,7.1308016877637135,0
249,1.7982032698616877,0.0149850272488473,1.7926716144141337,0.0149389301201177,1.7926716144141337,0.0149389301201177,0.0,0.0055316554476689,1.7926716144141337,0.0149389301201177,0.2081971038678602,0.2026654484201913,5.2125886939349615e-05,0.0132500513832818,1.6197238188155438,4008.0,3888.0,120.0,32.4,0
250,5.7745303049870245,0.0123651612526488,5.7724350534629885,0.012360674632683,5.7724350534629885,0.012360674632683,0.0,0.0020952515242811,5.7724350534629885,0.012360674632683,0.0585923520260394,0.0564971005017582,5.370446815756489e-05,0.0122396958307515,2.518686639643022,1519.0,1052.0,467.0,2.252676659528908,0
251,1.904382730421105,0.0154827864261878,1.9000464110714652,0.0154475317973289,1.9000464110714652,0.0154475317973289,0.0,0.0043363193501591,1.9000464110714652,0.0154475317973289,0.1936086503564524,0.1892723310062933,4.788068075039043e-05,0.0139087323582492,3.1410434880733646,4076.0,3953.0,123.0,32.13821138211382,0
252,2.641711641231552,0.013903745480166,2.6384414040612207,0.0138865337055853,2.6384414040612207,0.0138865337055853,0.0,0.0032702371702271,2.6384414040612207,0.0138865337055853,0.1792254230421122,0.175955185871885,5.0590910256436194e-05,0.0129604537799444,0.35530664397794,3668.0,3478.0,190.0,18.305263157894736,0
253,1.994351921832788,0.0127843071912358,1.9936267527911,0.0127796586717378,1.9936267527911,0.0127796586717378,0.0,0.0007251690420275,1.9936267527911,0.0127796586717378,0.1218922842090819,0.1211671151670543,5.002771063875077e-05,0.0120029463950237,1.2068231572515629,2578.0,2422.0,156.0,15.525641025641026,0
254,45.63844829371902,0.0147315843427111,45.63755054110871,0.014731294558137,45.63755054110871,0.014731294558137,0.0,0.0008977526084095,45.63755054110871,0.014731294558137,0.0138398297158346,0.0129420771074251,0.0129420771074251,0.0147271169993554,0.6038863890937591,3099.0,1.0,3098.0,0.0003227888960619,0
255,3.2049348570618577,0.0176095321816585,3.195828571233719,0.0175594976441413,3.195828571233719,0.0175594976441413,0.0,0.0091062858267605,3.195828571233719,0.0175594976441413,0.1737000907227184,0.1645938048959578,4.670652806355218e-05,0.0166551360787864,2.014033435036765,3706.0,3524.0,182.0,19.36263736263736,0
256,4.158481890383371,0.0159328808060665,4.153343832243527,0.0159131947595537,4.153343832243527,0.0159131947595537,0.0,0.0051380581380158,4.153343832243527,0.0159131947595537,0.0711835938831768,0.066045535745161,5.693580667686296e-05,0.0156601467298858,0.2596640752134931,1421.0,1160.0,261.0,4.444444444444445,0
257,4.089133084665264,0.0160989491522254,4.087298296498368,0.0160917255767652,4.087298296498368,0.0160917255767652,0.0,0.0018347881650697,4.087298296498368,0.0160917255767652,0.1657261098427511,0.1638913216776814,5.343701391512272e-05,0.0154464841528445,0.069348805718107,3321.0,3067.0,254.0,12.0748031496063,0
258,38.45711914815581,0.0148483085514115,38.44712633854609,0.0148444503237629,38.44712633854609,0.0148444503237629,0.0,0.0099928096088319,38.44712633854609,0.0148444503237629,0.0262652827145188,0.0162724731056869,0.0001402799405662,0.0148381675156144,0.4246048203415284,2706.0,116.0,2590.0,0.0447876447876447,0
259,2.072739738807116,0.0186733309802442,2.067172203828856,0.0186231730074671,2.067172203828856,0.0186231730074671,0.0,0.0055675349771604,2.067172203828856,0.0186231730074671,0.1843683899724055,0.1788008549952451,5.626206890976876e-05,0.0170123544940063,0.0831298403324467,3289.0,3178.0,111.0,28.63063063063063,0
260,1.4051602556273224,0.0200737179375331,1.3975347154295177,0.0199647816489931,1.3975347154295177,0.0199647816489931,0.0,0.0076255401969547,1.3975347154295177,0.0199647816489931,0.1529159890221194,0.1452904488251647,5.609669838809449e-05,0.0178892038086457,0.5542396460265309,2660.0,2590.0,70.0,37.0,0
261,2.9493351742111145,0.0155228167063742,2.941250305720716,0.0154802647669511,2.941250305720716,0.0154802647669511,0.0,0.0080848684901297,2.941250305720716,0.0154802647669511,0.2438953562063943,0.2358104877162645,6.051077436906968e-05,0.0142391569368669,0.5739764802092964,4087.0,3897.0,190.0,20.510526315789477,0
262,2.9396761833311302,0.0149222141285844,2.860155247971642,0.0145185545582316,2.860155247971642,0.0145185545582316,0.0,0.0795209353594259,2.860155247971642,0.0145185545582316,0.2162796117725065,0.1367586764130806,6.834516562372843e-05,0.0138243480789777,0.1333990496221417,2198.0,2001.0,197.0,10.157360406091373,0
263,2.5119125072534985,0.0134326872045641,2.503758144265392,0.0133890809853764,2.503758144265392,0.0133890809853764,0.0,0.0081543629871703,2.503758144265392,0.0133890809853764,0.1190530155455462,0.1108986525583759,4.451973205876192e-05,0.0127960400626093,3.6320356198075383,2678.0,2491.0,187.0,13.320855614973262,0
264,2.867540296489892,0.0149351057108848,2.865897722511688,0.0149265506380817,2.865897722511688,0.0149265506380817,0.0,0.0016425739775058,2.865897722511688,0.0149265506380817,0.092142870541636,0.0905002965641301,4.4669445490686165e-05,0.0144551949268138,0.3555062742391328,2218.0,2026.0,192.0,10.552083333333334,0
265,2.5285037332496927,0.0181906743399258,2.516607948863747,0.0181050931572931,2.516607948863747,0.0181050931572931,0.0,0.0118957843858424,2.516607948863747,0.0181050931572931,0.1488809762136043,0.1369851918277618,5.2504864633101496e-05,0.0171195881801157,1.407962149019852,2748.0,2609.0,139.0,18.769784172661872,0
266,27.023859903913035,0.0154510348221343,27.022373132304043,0.0154501847526037,27.022373132304043,0.0154501847526037,0.0,0.0014867716084268,27.022373132304043,0.0154501847526037,0.0447548089860561,0.0432680373776293,4.344180459601335e-05,0.0154254460234002,0.236141850270144,2745.0,996.0,1749.0,0.5694682675814752,0
267,2.553478328575011,0.0201061285714567,2.54176722640174,0.0200139151685176,2.54176722640174,0.0200139151685176,0.0,0.0117111021726259,2.54176722640174,0.0200139151685176,0.1949685887121859,0.1832574865395599,6.000572578243614e-05,0.0185709428335655,0.5985493602158272,3181.0,3054.0,127.0,24.04724409448819,0
268,4.2379201232850505,0.0191761091551359,4.179622802736343,0.0189123203743725,4.179622802736343,0.0189123203743725,0.0,0.0582973205484904,4.179622802736343,0.0189123203743725,0.2524947007541982,0.1941973802057077,5.931502144340494e-05,0.0180335991969721,0.1061690749228887,3495.0,3274.0,221.0,14.81447963800905,0
269,2.292991763856662,0.0204731407487201,2.207333607160084,0.019708335778215,2.207333607160084,0.019708335778215,0.0,0.0856581566960699,2.207333607160084,0.019708335778215,0.3530969790206768,0.2674388223246069,6.738191542570091e-05,0.0173204891503213,0.1386376128972983,4081.0,3969.0,112.0,35.4375,0
270,4.134421053760036,0.0195944125770617,3.8250930719742895,0.0181284031847122,3.8250930719742895,0.0181284031847122,0.0,0.3093279817856569,3.8250930719742895,0.0181284031847122,0.4769113169048182,0.1675833351191613,6.281234449743678e-05,0.017334169368982,0.0131191009542135,2879.0,2668.0,211.0,12.644549763033176,0
271,7.836426962251892,0.0164977409731618,7.822339045922996,0.0164680822019431,7.822339045922996,0.0164680822019431,0.0,0.0140879163291174,7.822339045922996,0.0164680822019431,0.2132488678770983,0.1991609515479808,6.090548977002473e-05,0.0160487959881574,1.900431837309668,3745.0,3270.0,475.0,6.88421052631579,0
272,3.00092435539716,0.0185242244160318,2.9962791792116783,0.0184955504889609,2.9962791792116783,0.0184955504889609,0.0,0.004645176186159,2.9962791792116783,0.0184955504889609,0.1880070178815458,0.1833618416953868,5.471854422422764e-05,0.0173636872686149,0.4179467481627057,3513.0,3351.0,162.0,20.685185185185187,0
273,1.527507739476789,0.0212153852705109,1.5180971112263864,0.0210846821003664,1.5180971112263864,0.0210846821003664,0.0,0.0094106282514871,1.5180971112263864,0.0210846821003664,0.237093590786003,0.2276829625345158,6.338612542720373e-05,0.0179224187318164,0.8148617861975822,3664.0,3592.0,72.0,49.888888888888886,0
274,3.2271099446012954,0.0150098136958199,3.2200492559609604,0.0149769732835393,3.2200492559609604,0.0149769732835393,0.0,0.0070606886399673,3.2200492559609604,0.0149769732835393,0.1094530939996616,0.1023924053596943,6.131281758065526e-05,0.014500729537682,1.0222899879159968,1885.0,1670.0,215.0,7.767441860465116,0
275,2.503661180391248,0.0155506905614363,2.49599368918547,0.0155030663924563,2.49599368918547,0.0155030663924563,0.0,0.0076674912058365,2.49599368918547,0.0155030663924563,0.2115913248699144,0.2039238336640778,5.870000969029299e-05,0.0142364587299461,0.2115447410809565,3635.0,3474.0,161.0,21.577639751552795,0
276,3.93680071588966,0.0196840035794483,3.93112203347881,0.019655610167394,3.93112203347881,0.019655610167394,0.0,0.0056786824094388,3.93112203347881,0.019655610167394,0.2170417619045679,0.2113630794951291,5.668090091046638e-05,0.0185987947699254,3.450761140170073,3929.0,3729.0,200.0,18.645,0
277,2.1819052908145977,0.0196568044217531,2.180639028381427,0.0196453966520849,2.180639028381427,0.0196453966520849,0.0,0.0012662624318977,2.180639028381427,0.0196453966520849,0.1897946410672943,0.1885283786353966,5.878652280492567e-05,0.0179469427905162,0.6431110122733799,3318.0,3207.0,111.0,28.89189189189189,0
278,0.2932529618466901,0.058650592369338,0.2206743335203953,0.044134866704079,0.2206743335203953,0.044134866704079,0.0,0.0725786283263119,0.2206743335203953,0.044134866704079,0.210125480840702,0.1375468525143901,6.957352175740523e-05,0.0166254962011976,0.0886767404601869,1982.0,1977.0,5.0,395.4,0
279,5.414355701933971,0.0178691607324553,5.360240239761508,0.0176905618473977,5.360240239761508,0.0176905618473977,0.0,0.0541154621723194,5.360240239761508,0.0176905618473977,0.1337596438198716,0.0796441816475521,6.23681923630009e-05,0.0174277097627528,0.1271105074116008,1580.0,1277.0,303.0,4.214521452145214,0
280,3.964331368959279,0.0190592854276888,3.949046376533224,0.0189857998871789,3.949046376533224,0.0189857998871789,0.0,0.0152849924252222,3.949046376533224,0.0189857998871789,0.1540675750331388,0.1387825826079165,5.732448682689655e-05,0.0183185759323372,0.5839215352525002,2629.0,2421.0,208.0,11.639423076923077,0
281,2.1871881380293416,0.0200659462204526,2.1825219063905013,0.0200231367558761,2.1825219063905013,0.0200231367558761,0.0,0.0046662316374295,2.1825219063905013,0.0200231367558761,0.0794975258728527,0.0748312942354232,5.584424942942032e-05,0.0193366111207017,0.1494013433957093,1449.0,1340.0,109.0,12.293577981651376,0
282,4.02321553942312,0.0182873433610141,4.0176985800079885,0.0182622662727635,4.0176985800079885,0.0182622662727635,0.0,0.0055169594147059,4.0176985800079885,0.0182622662727635,0.166736136380166,0.16121917696546,6.193591124297352e-05,0.0175294518320134,0.3839135812669383,2823.0,2603.0,220.0,11.831818181818182,0
283,1.743894208387644,0.0217986776048455,1.738405201848391,0.0217300650231048,1.738405201848391,0.0217300650231048,0.0,0.0054890065403014,1.738405201848391,0.0217300650231048,0.2429092042085017,0.2374201976682002,6.134888828635664e-05,0.0187623125522392,0.8745114966705501,3950.0,3870.0,80.0,48.375,0
284,1.85355156790564,0.0223319466012727,1.6905484001928757,0.0203680530143719,1.6905484001928757,0.0203680530143719,0.0,0.1630031677136685,1.6905484001928757,0.0203680530143719,0.408225882735735,0.2452227150220665,7.263706013686804e-05,0.0174135624719265,0.0488201245980235,3459.0,3376.0,83.0,40.67469879518072,0
285,1.910753936343326,0.0178575134237694,1.907520137332988,0.017827291003112,1.907520137332988,0.017827291003112,0.0,0.0032337990107862,1.907520137332988,0.017827291003112,0.139792284581631,0.1365584855708448,6.0773691842832585e-05,0.0165510434744083,0.4222291229670531,2354.0,2247.0,107.0,21.0,0
286,6.766547727894931,0.0150034317691683,6.75411553473751,0.0149758659306818,6.75411553473751,0.0149758659306818,0.0,0.0124321931576787,6.75411553473751,0.0149758659306818,0.116186710342788,0.1037545171851093,5.7481726972359725e-05,0.0147458115688517,1.8469272449941627,2256.0,1805.0,451.0,4.0022172949002215,0
287,1.897036279469603,0.0162139852946119,1.894831120509616,0.0161951377821334,1.894831120509616,0.0161951377821334,0.0,0.0022051589599527,1.894831120509616,0.0161951377821334,0.1053751347620846,0.1031699758021318,6.384280680824989e-05,0.0153133431171582,0.0876725997420067,1733.0,1616.0,117.0,13.811965811965813,0
288,1.7837338296570238,0.0159261949076519,1.7825225702260226,0.0159153800913037,1.7825225702260226,0.0159153800913037,0.0,0.0012112594301925,1.7825225702260226,0.0159153800913037,0.1536612153849432,0.1524499559547507,5.278738087075857e-05,0.0145542197702864,1.141597616566969,3000.0,2888.0,112.0,25.785714285714285,0
289,1.6325066456748232,0.0163250664567482,1.56505219743103,0.0156505219743103,1.56505219743103,0.0156505219743103,0.0,0.0674544482432111,1.56505219743103,0.0156505219743103,0.2216873139898325,0.1542328657466214,6.694134798030444e-05,0.0141081933168499,0.0593762893569191,2404.0,2304.0,100.0,23.04,0
290,7.065732671865817,0.0146288461115234,7.053289746852453,0.0146030843620133,7.053289746852453,0.0146030843620133,0.0,0.0124429250118964,7.053289746852453,0.0146030843620133,0.1963580604030426,0.1839151353911461,5.600339080120162e-05,0.0142223076841879,3.150716210019993,3767.0,3284.0,483.0,6.799171842650104,0
291,0.744890801510337,0.0212825943288667,0.7412634152817436,0.0211789547223355,0.7412634152817436,0.0211789547223355,0.0,0.0036273862287998,0.7412634152817436,0.0211789547223355,0.2218926357131181,0.2182652494843182,5.8831603634587126e-05,0.0149428047370633,0.299053980214353,3745.0,3710.0,35.0,106.0,0
292,31.836476522576845,0.0143666410300437,31.83102453857849,0.0143641807484559,31.83102453857849,0.0143641807484559,0.0,0.0054519839963518,31.83102453857849,0.0143641807484559,0.020485751728188,0.0150337677318361,0.0008352093184353,0.0143573965572421,0.2883318894015474,2234.0,18.0,2216.0,0.0081227436823104,0
293,2.0630000736805982,0.0158692313360046,2.051338794373513,0.0157795291874885,2.051338794373513,0.0157795291874885,0.0,0.0116612793084414,2.051338794373513,0.0157795291874885,0.222122134852043,0.2104608555436016,5.812230200044231e-05,0.0141605995294504,1.2824788542686747,3751.0,3621.0,130.0,27.853846153846156,0
294,1.2989817780588735,0.013967546000633,1.2904688188113016,0.0138760088044225,1.2904688188113016,0.0138760088044225,0.0,0.0085129592467296,1.2904688188113016,0.0138760088044225,0.0579969836657596,0.0494840244190299,6.723372883020379e-05,0.013343922520356,2.6580787076857177,829.0,736.0,93.0,7.913978494623656,0
295,3.24907574453772,0.0132076249777956,3.24031898962647,0.0131720284131157,3.24031898962647,0.0131720284131157,0.0,0.0087567549128948,3.24031898962647,0.0131720284131157,0.0987381472503443,0.0899813923374495,4.998966240969417e-05,0.0128062503954771,3.750278740429224,2046.0,1800.0,246.0,7.317073170731708,0
296,2.2646828011538678,0.0138090414704504,2.259546274609567,0.0137777211866437,2.259546274609567,0.0137777211866437,0.0,0.0051365265447884,2.259546274609567,0.0137777211866437,0.0695375047872062,0.0644009782424177,4.61986931437717e-05,0.0133850322949186,1.6255602262138495,1558.0,1394.0,164.0,8.5,0
297,1.6474116807495989,0.016810323272955,1.6392608079930122,0.0167271511019695,1.6392608079930122,0.0167271511019695,0.0,0.0081508727567438,1.6392608079930122,0.0167271511019695,0.218716472679489,0.2105655999227451,5.329425459953054e-05,0.0145785225313276,2.0324842704033586,4049.0,3951.0,98.0,40.31632653061224,0
298,4.556504801848291,0.0159877361468361,4.547160040099001,0.0159549475091193,4.547160040099001,0.0159549475091193,0.0,0.0093447617486503,4.547160040099001,0.0159549475091193,0.1592400193570142,0.1498952576083638,5.576460476501632e-05,0.0154289992368114,1.2904073619856715,2973.0,2688.0,285.0,9.43157894736842,0
299,3.815637136300893,0.0158984880679203,3.81533090568662,0.0158972121070275,3.81533090568662,0.0158972121070275,0.0,0.0003062306141714,3.81533090568662,0.0158972121070275,0.179410262837564,0.1791040322233925,5.309932766777129e-05,0.0151509453060972,0.2265136237399474,3613.0,3373.0,240.0,14.054166666666667,0
300,4.3170819008548165,0.0156416010900536,4.31055797128775,0.015617963664086,4.31055797128775,0.015617963664086,0.0,0.0065239295647074,4.31055797128775,0.015617963664086,0.1870591137265478,0.1805351841618403,5.413348850429995e-05,0.0149638506780009,1.3713560117948305,3611.0,3335.0,276.0,12.083333333333334,0
301,0.3624036390399396,0.0302003032533283,0.3576498336723967,0.029804152806033,0.3576498336723967,0.029804152806033,0.0,0.0047538053674429,0.3576498336723967,0.029804152806033,0.1970349762293608,0.1922811708619178,5.5284982996526125e-05,0.0137807219008815,0.196329757662113,3490.0,3478.0,12.0,289.8333333333333,0
302,4.367226408780596,0.0148545115944918,4.365422808607417,0.0148483769000252,4.365422808607417,0.0148483769000252,0.0,0.0018036001710584,4.365422808607417,0.0148483769000252,0.0976647463248241,0.0958611461537657,5.096286345229438e-05,0.0145223185797815,1.163720825845246,2175.0,1881.0,294.0,6.3979591836734695,0
303,1.9266626866460117,0.015413301493168,1.9254890952658508,0.0154039127621268,1.9254890952658508,0.0154039127621268,0.0,0.0011735913790289,1.9254890952658508,0.0154039127621268,0.1645432907174608,0.1633696993384319,5.564363056486101e-05,0.0140969551674284,0.9026563251910602,3061.0,2936.0,125.0,23.488,0
304,4.261523666867902,0.0156099768017139,4.254696188425313,0.0155849677231696,4.254696188425313,0.0155849677231696,0.0,0.0068274784415507,4.254696188425313,0.0155849677231696,0.1041948920126856,0.0973674135711348,5.162641228586155e-05,0.0152283105306051,0.4206639662305633,2159.0,1886.0,273.0,6.908424908424909,0
305,16.404350038088523,0.0140809871571575,16.39830314802452,0.0140757966935832,16.39830314802452,0.0140757966935832,0.0,0.0060468900587125,16.39830314802452,0.0140757966935832,0.0296254735172283,0.0235785834585158,0.0001684184532751,0.0140555575661556,0.8354638403086483,1305.0,140.0,1165.0,0.1201716738197424,0
306,0.6040937208637729,0.0172598205961077,0.6036969803247962,0.017248485152137,0.6036969803247962,0.017248485152137,0.0,0.0003967405393723,0.6036969803247962,0.017248485152137,0.0876045192195533,0.087207778680181,4.6986949719925126e-05,0.0147568343326919,1.0614755731451735,1891.0,1856.0,35.0,53.02857142857143,0
307,2.921484536820742,0.0181458666883275,2.9095789775083523,0.0180719191149587,2.9095789775083523,0.0180719191149587,0.0,0.0119055593117991,2.9095789775083523,0.0180719191149587,0.1849827188336803,0.1730771595218811,5.200635802941141e-05,0.0169969057017829,0.272608066451653,3489.0,3328.0,161.0,20.67080745341615,0
308,7.229111445294848,0.0155799815631354,7.223461930441727,0.0155678058845726,7.223461930441727,0.0155678058845726,0.0,0.0056495148520525,7.223461930441727,0.0155678058845726,0.099973981493747,0.0943244666416944,4.854578828702752e-05,0.015364520396123,0.4918621367235687,2407.0,1943.0,464.0,4.1875,0
309,4.932517625060598,0.0166078034513824,4.932407301516085,0.0166074319916366,4.932407301516085,0.0166074319916366,0.0,0.0001103235443906,4.932407301516085,0.0166074319916366,0.1244128520053777,0.1243025284609871,4.932640018293139e-05,0.0161889049597818,0.4973272521448848,2817.0,2520.0,297.0,8.484848484848484,0
310,1.468696436308505,0.02098137766155,1.4630277570492858,0.0209003965292755,1.4630277570492858,0.0209003965292755,0.0,0.0056686792592586,1.4630277570492858,0.0209003965292755,0.2200038831834945,0.2143352039242358,5.502829369043284e-05,0.017838465044643,0.1322643013710944,3965.0,3895.0,70.0,55.642857142857146,0
311,2.4989715789849924,0.0168849431012499,2.4924741043321457,0.0168410412454874,2.4924741043321457,0.0168410412454874,0.0,0.0064974746537131,2.4924741043321457,0.0168410412454874,0.2475215061335234,0.2410240314798102,6.39830187097983e-05,0.0152125004922396,0.340759487843286,3915.0,3767.0,148.0,25.4527027027027,0
312,1.4292459216989073,0.0152047438478607,1.4235891774965632,0.0151445657180485,1.4235891774965632,0.0151445657180485,0.0,0.0056567442027812,1.4235891774965632,0.0151445657180485,0.1248868989322886,0.1192301547295073,5.71299256011056e-05,0.0138761598166661,1.2071313804921149,2181.0,2087.0,94.0,22.20212765957447,0
313,1.960418744307276,0.0173488384451971,1.959631994484746,0.0173418760573871,1.959631994484746,0.0173418760573871,0.0,0.0007867498218274,1.959631994484746,0.0173418760573871,0.2111543843058712,0.2103676344840437,5.627812586518024e-05,0.0154802155752336,1.4059945236303977,3851.0,3738.0,113.0,33.07964601769911,0
314,4.615676505681847,0.0146996067059931,4.604324372704149,0.0146634534162552,4.604324372704149,0.0146634534162552,0.0,0.0113521329784589,4.604324372704149,0.0146634534162552,0.0998271422565153,0.0884750092780564,5.726537817349929e-05,0.0143816858707813,0.6752107267167275,1859.0,1545.0,314.0,4.920382165605096,0
315,1.283373325012349,0.0175804565070184,1.2827294030859009,0.0175716356587109,1.2827294030859009,0.0175716356587109,0.0,0.0006439219257003,1.2827294030859009,0.0175716356587109,0.2225830188737063,0.2219390969480059,5.958096562362576e-05,0.0145313740566937,0.7058113149008705,3798.0,3725.0,73.0,51.02739726027397,0
316,1.481264787994064,0.0143812115339229,1.469903523880329,0.0142709079988381,1.469903523880329,0.0142709079988381,0.0,0.0113612641128497,1.469903523880329,0.0142709079988381,0.1113270794634786,0.0999658153506288,6.0769492614364055e-05,0.0133003661022386,0.4680696232261994,1748.0,1645.0,103.0,15.970873786407768,0
317,2.5361700459290546,0.0148314037773628,2.530287334730525,0.0147970019574884,2.530287334730525,0.0147970019574884,0.0,0.0058827111993764,2.530287334730525,0.0147970019574884,0.0957286852826087,0.0898459740832322,4.7587910001712e-05,0.0142715869043651,1.3724930692545172,2059.0,1888.0,171.0,11.04093567251462,0
318,4.423636177775279,0.0146964657068946,4.416618246506697,0.0146731503206202,4.416618246506697,0.0146731503206202,0.0,0.0070179312686491,4.416618246506697,0.0146731503206202,0.1866584186191175,0.1796404873504684,5.106324256693248e-05,0.0140763380702862,0.4779324848030342,3819.0,3518.0,301.0,11.687707641196011,0
319,3.020117473142193,0.0149510765997138,3.0100505914804483,0.0149012405518834,3.0100505914804483,0.0149012405518834,0.0,0.0100668816600091,3.0100505914804483,0.0149012405518834,0.1344584907081412,0.124391609048132,5.729691803230404e-05,0.0142854405070992,1.1272568604940147,2373.0,2171.0,202.0,10.747524752475249,0
320,1.7285297109353337,0.0157139064630484,1.727515238134333,0.0157046839830393,1.727515238134333,0.0157046839830393,0.0,0.0010144728001364,1.727515238134333,0.0157046839830393,0.1497383270240675,0.148723854223931,5.233070169737195e-05,0.0143526489446478,0.7530723791420542,2952.0,2842.0,110.0,25.83636363636364,0
321,2.3625688402160563,0.0140629097631908,2.351591201825199,0.0139975666775309,2.351591201825199,0.0139975666775309,0.0,0.0109776383896473,2.351591201825199,0.0139975666775309,0.141078314821982,0.1301006764323347,5.844594628586464e-05,0.0132231578892504,0.7062130059410947,2394.0,2226.0,168.0,13.25,0
322,1.2666314210761698,0.0124179551085899,1.2621530753363477,0.0123740497581994,1.2621530753363477,0.0123740497581994,0.0,0.0044783457374251,1.2621530753363477,0.0123740497581994,0.1153930398957641,0.1109146941583389,4.4401398782361486e-05,0.0112866507958863,3.380301047128114,2600.0,2498.0,102.0,24.49019607843137,0
323,1.7277122229043016,0.0131886429229336,1.727712222906053,0.0131886429229469,1.727712222906053,0.0131886429229469,0.0,0.0,1.727712222906053,0.0131886429229469,0.1793894928929944,0.1793894928929944,4.852298969245184e-05,0.0118192574810023,2.523357298239489,3828.0,3697.0,131.0,28.221374045801525,0
324,2.393715673736665,0.0125325427944328,2.384912978342428,0.0124864553839917,2.384912978342428,0.0124864553839917,0.0,0.0088026953942517,2.384912978342428,0.0124864553839917,0.1154387874155986,0.1066360920213469,5.094892117598994e-05,0.011928151237283,1.1222918252891532,2284.0,2093.0,191.0,10.958115183246074,0
325,1.1212136650220828,0.013673337378318,1.1164159380988687,0.0136148285134008,1.1164159380988687,0.0136148285134008,0.0,0.0047977269239254,1.1164159380988687,0.0136148285134008,0.0828159216668495,0.0780181947429241,5.0269455375595457e-05,0.0126633871140882,1.403417915175055,1634.0,1552.0,82.0,18.92682926829268,0
326,1.4377250875736536,0.0126116235752074,1.4265018600474686,0.0125131742109427,1.4265018600474686,0.0125131742109427,0.0,0.0112232275260453,1.4265018600474686,0.0125131742109427,0.0476903357238711,0.0364671081978258,4.547020972297486e-05,0.0121932872969279,0.1740824920981936,916.0,802.0,114.0,7.035087719298246,0
327,0.9810911444227486,0.0134396047181198,0.9762379552016462,0.0133731226739951,0.9762379552016462,0.0133731226739951,0.0,0.0048531892197161,0.9762379552016462,0.0133731226739951,0.1449527069029841,0.140099517683268,4.8443816626302906e-05,0.0114539511989008,0.5452983826863829,2965.0,2892.0,73.0,39.61643835616438,0
328,4.634643926888373,0.010778241690438,4.634643926891994,0.0107782416904464,4.634643926891994,0.0107782416904464,0.0,0.0,4.634643926891994,0.0107782416904464,0.0542467198774829,0.0542467198774829,4.0756363544314784e-05,0.0106520865279323,1.5325818034296503,1761.0,1331.0,430.0,3.0953488372093023,0
329,35.09544078289605,0.0124012158243448,35.086886008387694,0.012398192935826,35.086886008387694,0.012398192935826,0.0,0.0085547745170515,35.086886008387694,0.012398192935826,0.0193289747376752,0.0107742002206236,0.0107742002206236,0.0123943857979358,1.203542594534838,2831.0,1.0,2830.0,0.0003533568904593,0
330,0.6293551035300311,0.0128439817046945,0.6281761257896115,0.0128199209344818,0.6281761257896115,0.0128199209344818,0.0,0.0011789777415174,0.6281761257896115,0.0128199209344818,0.0888769681087637,0.0876979903672463,5.235700917447543e-05,0.0110301660290054,0.2784885618104908,1724.0,1675.0,49.0,34.18367346938776,0
331,1.2230519724723194,0.0140580686491071,1.2163227782644963,0.013980721589247,1.2163227782644963,0.013980721589247,0.0,0.0067291942085603,1.2163227782644963,0.013980721589247,0.1201728571464855,0.1134436629379251,5.4357289380893713e-05,0.0126767714405268,3.653933513125424,2174.0,2087.0,87.0,23.988505747126435,0
332,2.2771193308387865,0.0147864891612908,2.2275884676157083,0.0144648601793227,2.2275884676157083,0.0144648601793227,0.0,0.0495308632235378,2.2275884676157083,0.0144648601793227,0.217938687163496,0.1684078239399582,5.092465193225226e-05,0.0133713028810083,0.0451524320421299,3461.0,3307.0,154.0,21.47402597402597,0
333,2.890782854077941,0.0135717504886288,2.885333646677576,0.0135461673552937,2.885333646677576,0.0135461673552937,0.0,0.0054492073995788,2.885333646677576,0.0135461673552937,0.1533860537222153,0.1479368463226364,4.893709769190754e-05,0.0128516281706841,1.3098397453898087,3236.0,3023.0,213.0,14.192488262910798,0
334,2.514008884091936,0.0137377534649832,2.502110525486495,0.013672735111948,2.502110525486495,0.013672735111948,0.0,0.0118983586052081,2.502110525486495,0.013672735111948,0.2113896540330415,0.1994912954278334,5.953186971884016e-05,0.0125826187434912,0.113444262964208,3534.0,3351.0,183.0,18.311475409836067,0
335,2.6090392634963564,0.0146575239522267,2.6001648485861915,0.0146076676886864,2.6001648485861915,0.0146076676886864,0.0,0.0088744149107924,2.6001648485861915,0.0146076676886864,0.1779782791783191,0.1691038642675266,5.428695482103584e-05,0.0136576459793148,2.8909398099698933,3293.0,3115.0,178.0,17.5,0
336,1.1183500746761297,0.0151128388469747,1.0707027546320058,0.0144689561436757,1.0707027546320058,0.0144689561436757,0.0,0.0476473200445752,1.0707027546320058,0.0144689561436757,0.2158180784219894,0.1681707583774141,5.4654130119406605e-05,0.0121963783277586,0.1018578549169433,3151.0,3077.0,74.0,41.58108108108108,0
337,1.8299569149545505,0.0153777892012987,1.825923109825793,0.0153438916792083,1.825923109825793,0.0153438916792083,0.0,0.0040338051296657,1.825923109825793,0.0153438916792083,0.2019604035858151,0.1979265984561493,5.086779708459248e-05,0.0136806429526784,1.8254821932943628,4010.0,3891.0,119.0,32.69747899159664,0
338,1.8620939948435196,0.0142144579759047,1.860609431355775,0.0142031254301967,1.860609431355775,0.0142031254301967,0.0,0.0014845634880202,1.860609431355775,0.0142031254301967,0.2053097740130169,0.2038252105249967,5.549284250612488e-05,0.0126472077925992,0.2130297176916542,3804.0,3673.0,131.0,28.0381679389313,0
339,1.7948546542505142,0.0139136019709342,1.790356761013474,0.0138787345814997,1.790356761013474,0.0138787345814997,0.0,0.0044978932386925,1.790356761013474,0.0138787345814997,0.1956581171520497,0.1911602239133571,4.818760370893804e-05,0.0123968723806082,5.341801140024302,4096.0,3967.0,129.0,30.751937984496124,0
340,0.7580153403384884,0.0145772180834324,0.7471290755546673,0.0143678668375897,0.7471290755546673,0.0143678668375897,0.0,0.0108862647842897,0.7471290755546673,0.0143678668375897,0.1199367523329328,0.1090504875486431,5.255445183067137e-05,0.0122707420770299,0.6801015052550952,2127.0,2075.0,52.0,39.90384615384615,0
341,1.5497993485087136,0.0132461482778522,1.545706609094042,0.0132111675990943,1.545706609094042,0.0132111675990943,0.0,0.0040927394130108,1.545706609094042,0.0132111675990943,0.1101277657300556,0.1060350263170448,4.44964441112232e-05,0.0123048853228945,1.3815138798636897,2500.0,2383.0,117.0,20.36752136752137,0
342,4.564821506512715,0.013917138739368,4.564124352362695,0.0139150132693984,4.564124352362695,0.0139150132693984,0.0,0.0006971541508846,4.564124352362695,0.0139150132693984,0.1738321111305367,0.1731349569796521,5.36852579781867e-05,0.0133871627907993,1.1522225885928492,3553.0,3225.0,328.0,9.832317073170731,0
343,3.936789518695832,0.0138619349249853,3.930093360747344,0.0138383569040399,3.930093360747344,0.0138383569040399,0.0,0.0066961579495341,3.930093360747344,0.0138383569040399,0.0927700490738061,0.086073891124272,4.600421759715232e-05,0.0135352798226127,0.78810880320151,2155.0,1871.0,284.0,6.588028169014085,0
344,2.403484149707253,0.0150217759356703,2.4019557387914707,0.0150122233674466,2.4019557387914707,0.0150122233674466,0.0,0.0015284109165918,2.4019557387914707,0.0150122233674466,0.1754926938921244,0.1739642829755325,5.152970467284732e-05,0.0139249465988445,1.6965057777087509,3536.0,3376.0,160.0,21.1,0
345,7.06173483207948,0.013249033456059,7.053715293062733,0.013233987416628,7.053715293062733,0.013233987416628,0.0,0.0080195390221433,7.053715293062733,0.013233987416628,0.1341336484478006,0.1261141094256572,5.16015177682722e-05,0.0129973755790463,0.8706032299436401,2977.0,2444.0,533.0,4.585365853658536,0
346,2.0305689692705755,0.0148216713085443,2.025121529478425,0.014781908974295,2.025121529478425,0.014781908974295,0.0,0.0054474397920785,2.025121529478425,0.014781908974295,0.0991088202090964,0.0936613804170178,4.840381416900149e-05,0.0140982492632224,3.2242384797337422,2072.0,1935.0,137.0,14.124087591240876,0
347,3.2118557127238887,0.0142117509412561,3.209877431144935,0.0142029974829421,3.209877431144935,0.0142029974829421,0.0,0.0019782815803637,3.209877431144935,0.0142029974829421,0.2277342448219315,0.2257559632415677,6.055685709269522e-05,0.0132040772916015,0.0718187219639503,3954.0,3728.0,226.0,16.495575221238937,0
348,2.8630717640680814,0.0153105441928774,2.86284741974706,0.0153093444906259,2.86284741974706,0.0153093444906259,0.0,0.0002243443204861,2.86284741974706,0.0153093444906259,0.1991381232128333,0.1989137788923471,5.314287440351248e-05,0.0142456344430761,6.304547616676757,3930.0,3743.0,187.0,20.016042780748663,0
349,1.1953623098042383,0.018111550148549,1.195352546911434,0.0181114022259308,1.195352546911434,0.0181114022259308,0.0,9.762892204889797e-06,1.195352546911434,0.0181114022259308,0.1721097916948224,0.1721000288026175,5.072208334884101e-05,0.0155038260319608,0.9739300598141654,3459.0,3393.0,66.0,51.40909090909091,0
350,2.9720203470457704,0.0142201930480658,2.962714759648484,0.014175668706452,2.962714759648484,0.014175668706452,0.0,0.0093055873988419,2.962714759648484,0.014175668706452,0.1576911745620464,0.1483855871632045,5.2488711412523695e-05,0.0134656898204962,0.3468697400179508,3036.0,2827.0,209.0,13.526315789473683,0
351,1.9284433413878328,0.0141797304513811,1.9228335150023967,0.0141384817279587,1.9228335150023967,0.0141384817279587,0.0,0.0056098263866601,1.9228335150023967,0.0141384817279587,0.1295321950108245,0.1239223686241643,5.75579975030954e-05,0.0132272878410074,0.6900736539614059,2289.0,2153.0,136.0,15.830882352941176,0
352,1.0905209210334306,0.0131388062775112,1.0834534398441134,0.0130536559017363,1.0834534398441134,0.0130536559017363,0.0,0.0070674811896083,1.0834534398441134,0.0130536559017363,0.1280390922430569,0.1209716110534486,5.310430687157536e-05,0.0115961666119322,1.4624116111992862,2361.0,2278.0,83.0,27.44578313253012,0
353,1.883091795063649,0.0116962223295878,1.8830917950661248,0.0116962223296032,1.8830917950661248,0.0116962223296032,0.0,0.0,1.8830917950661248,0.0116962223296032,0.1245094340569608,0.1245094340569608,4.68432784262456e-05,0.0109228718074949,1.1727257430266036,2819.0,2658.0,161.0,16.509316770186334,0
354,2.5822931795753448,0.0116845845229653,2.582293179572593,0.0116845845229529,2.582293179572593,0.0116845845229529,0.0,0.0,2.582293179572593,0.0116845845229529,0.1299527171850059,0.1299527171850059,4.399211820751723e-05,0.0110965631782368,2.4558902454314198,3175.0,2954.0,221.0,13.366515837104073,0
355,5.915267340046853,0.0136927484723306,5.91526734004419,0.0136927484723245,5.91526734004419,0.0136927484723245,0.0,0.0,5.91526734004419,0.0136927484723245,0.156354967504626,0.156354967504626,4.520236123290722e-05,0.013330815677181,2.677339067984235,3891.0,3459.0,432.0,8.006944444444445,0
356,2.005038089881793,0.0141199865484633,1.994031021891001,0.0140424719851478,1.994031021891001,0.0140424719851478,0.0,0.0110070679893965,1.994031021891001,0.0140424719851478,0.206661769104187,0.1956547011147904,5.060907943993545e-05,0.012664621977307,1.1124079497686807,4008.0,3866.0,142.0,27.225352112676056,0
357,2.7410413081731235,0.0148164395036385,2.738003064497976,0.0148000165648539,2.738003064497976,0.0148000165648539,0.0,0.0030382436757463,2.738003064497976,0.0148000165648539,0.1010873754723888,0.0980491317966425,5.552045968099804e-05,0.0142700212578418,1.852136400322081,1951.0,1766.0,185.0,9.545945945945943,0
358,35.95604305677682,0.0134364884367626,35.9529021695584,0.013435314712092,35.9529021695584,0.013435314712092,0.0,0.0031408872150109,35.9529021695584,0.013435314712092,0.073618367338895,0.0704774801238841,5.633691456745332e-05,0.0134089778361128,0.7907949545673887,3927.0,1251.0,2676.0,0.4674887892376682,0
359,1.7219638590559043,0.0167180957189893,1.7098749506869395,0.0166007276765722,1.7098749506869395,0.0166007276765722,0.0,0.0120889083692645,1.7098749506869395,0.0166007276765722,0.2158348718459706,0.203745963476706,5.354690235918687e-05,0.01462261152631,0.1353134232847423,3908.0,3805.0,103.0,36.94174757281554,0
360,21.821653132549216,0.0140061958488762,21.8128490860548,0.0140005449846308,21.8128490860548,0.0140005449846308,0.0,0.0088040464917185,21.8128490860548,0.0140005449846308,0.1362654445837847,0.1274613980920662,5.051977728579717e-05,0.0139187340744322,0.6398665430314736,4081.0,2523.0,1558.0,1.6193838254172015,0
361,2.1640428559734346,0.0131154112483238,2.151301834063536,0.0130381929337184,2.151301834063536,0.0130381929337184,0.0,0.0127410219103012,2.151301834063536,0.0130381929337184,0.0771329538349618,0.0643919319246606,6.023567064982286e-05,0.0126479388008392,0.3458984462093326,1234.0,1069.0,165.0,6.478787878787879,0
362,3.2531884126332216,0.0145231625563983,3.2479810689673907,0.0144999154864615,3.2479810689673907,0.0144999154864615,0.0,0.0052073436645514,3.2479810689673907,0.0144999154864615,0.1446954206053305,0.1394880769407791,4.767193333587804e-05,0.0138772008572673,2.319844933756599,3150.0,2926.0,224.0,13.0625,0
363,0.8260511540647713,0.0183566923125504,0.8144910598068136,0.0180998013290403,0.8144910598068136,0.0180998013290403,0.0,0.0115600942573905,0.8144910598068136,0.0180998013290403,0.224030578186273,0.2124704839288824,5.299837463928223e-05,0.0133782350195221,0.2692981687442284,4054.0,4009.0,45.0,89.08888888888889,0
364,0.8459994356082348,0.0179999879916645,0.8346063381561042,0.0177575816628958,0.8346063381561042,0.0177575816628958,0.0,0.0113930974515596,0.8346063381561042,0.0177575816628958,0.2151387929948214,0.2037456955432617,5.318342352995608e-05,0.0134225668641151,1.498938174322916,3878.0,3831.0,47.0,81.51063829787235,0
365,1.1864839212972242,0.0136377462218071,1.185889893863869,0.0136309183202743,1.185889893863869,0.0136309183202743,0.0,0.0005940274338627,1.185889893863869,0.0136309183202743,0.0408597297450796,0.0402657023112169,4.371954648340603e-05,0.0131680941557717,2.6738980653595377,1008.0,921.0,87.0,10.586206896551724,0
366,2.2347920339213942,0.0142343441651044,2.2315846484959425,0.0142139149585728,2.2315846484959425,0.0142139149585728,0.0,0.0032073854253553,2.2315846484959425,0.0142139149585728,0.1207199505455491,0.1175125651201938,5.425326182834433e-05,0.0134654272826486,0.1574827836180361,2323.0,2166.0,157.0,13.796178343949045,0
367,2.3524998352417583,0.0139201173682944,2.340998962029729,0.0138520648640812,2.340998962029729,0.0138520648640812,0.0,0.0115008732133219,2.340998962029729,0.0138520648640812,0.1624816960981547,0.1509808228848328,4.9762960739892165e-05,0.0129586872138674,1.1168905125446713,3203.0,3034.0,169.0,17.952662721893493,0
368,1.8652625491510548,0.0152890372881234,1.858434903295592,0.0152330729778327,1.858434903295592,0.0152330729778327,0.0,0.006827645855651,1.858434903295592,0.0152330729778327,0.1745745425251925,0.1677468966695414,5.310126516921224e-05,0.013858098414966,3.0687418699329783,3281.0,3159.0,122.0,25.89344262295082,0
369,1.0822058179611531,0.0152423354642415,1.0806968862110753,0.0152210829043813,1.0806968862110753,0.0152210829043813,0.0,0.0015089317507204,1.0806968862110753,0.0152210829043813,0.0880928348124712,0.0865839030617507,5.4730659331068766e-05,0.0140015913119532,0.6070493690936587,1653.0,1582.0,71.0,22.281690140845072,0
370,2.1021559960484524,0.0161704307388342,2.095750288232075,0.0161211560633236,2.095750288232075,0.0161211560633236,0.0,0.006405707816782,2.095750288232075,0.0161211560633236,0.1065261213684038,0.1001204135516218,5.959548425691775e-05,0.0153509990360003,0.579012578934055,1810.0,1680.0,130.0,12.923076923076923,0
371,3.0283635730233414,0.0154508345562415,3.0177254619854224,0.0153965584795174,3.0177254619854224,0.0153965584795174,0.0,0.010638111036485,3.0177254619854224,0.0153965584795174,0.1252058452541291,0.1145677342176441,5.371201791732025e-05,0.0148120292233123,0.7812267027353528,2329.0,2133.0,196.0,10.88265306122449,0
372,1.4630891567913409,0.0170126646138528,1.4609292238291505,0.0169875491142924,1.4609292238291505,0.0169875491142924,0.0,0.002159932961149,1.4609292238291505,0.0169875491142924,0.1466481932896499,0.1444882603285009,5.652905333665921e-05,0.0153074530639731,0.2422881564716021,2642.0,2556.0,86.0,29.72093023255814,0
373,5.684169030236319,0.0147258265032028,5.680994491099142,0.014717602308547,5.680994491099142,0.014717602308547,0.0,0.0031745391338517,5.680994491099142,0.014717602308547,0.1930939676138336,0.1899194284799819,5.4449377431187466e-05,0.0142255830637888,0.2118645365107454,3874.0,3488.0,386.0,9.036269430051814,0
374,3.2490768084376214,0.0153984682864342,3.237209040831237,0.0153422229423281,3.237209040831237,0.0153422229423281,0.0,0.0118677676051106,3.237209040831237,0.0153422229423281,0.1969942769686667,0.1851265093635561,5.75642131105585e-05,0.0144648461207059,3.655354693910056,3427.0,3216.0,211.0,15.24170616113744,0
375,1.6562327449400982,0.0186093566847202,1.6477591141661934,0.0185141473501819,1.6477591141661934,0.0185141473501819,0.0,0.0084736307741764,1.6477591141661934,0.0185141473501819,0.2211260844044886,0.2126524536303122,5.401383124976181e-05,0.0161247939386023,2.8246822838975163,4026.0,3937.0,89.0,44.235955056179776,0
376,1.3267977702203098,0.0176906369362707,1.3137974103409311,0.0175172988045457,1.3137974103409311,0.0175172988045457,0.0,0.0130003598798111,1.3137974103409311,0.0175172988045457,0.1937678334193719,0.1807674735395608,5.396043986255546e-05,0.0151070658240125,0.6927614939070281,3425.0,3350.0,75.0,44.66666666666666,0
377,4.657236605812329,0.0132307858119668,4.655295986706367,0.0132252726895067,4.655295986706367,0.0132252726895067,0.0,0.001940619103891,4.655295986706367,0.0132252726895067,0.1991993667539304,0.1972587476500393,6.078852007705374e-05,0.0126648785200522,0.3805764801556961,3597.0,3245.0,352.0,9.21875,0
378,0.9177333345735406,0.0150448087635006,0.9115926279966496,0.014944141442568,0.9115926279966496,0.014944141442568,0.0,0.0061407065774119,0.9115926279966496,0.014944141442568,0.1443149835194503,0.1381742769420384,5.318486410394089e-05,0.0126789893615424,1.5813639121586789,2659.0,2598.0,61.0,42.59016393442623,0
379,26.359741315887614,0.0130558401762692,26.358673939388996,0.0130553115103462,26.358673939388996,0.0130553115103462,0.0,0.0010673765039541,26.358673939388996,0.0130553115103462,0.0565937709629906,0.0555263944590365,5.061658565089928e-05,0.0130278095814386,5.115170085280624,3116.0,1097.0,2019.0,0.5433382862803368,0
380,1.134415600662294,0.0143596911476239,1.125848966131754,0.0142512527358449,1.125848966131754,0.0142512527358449,0.0,0.0085666345303252,1.125848966131754,0.0142512527358449,0.1215311695583523,0.112964535028027,4.675684396855425e-05,0.0128213219127081,2.5497555240111183,2495.0,2416.0,79.0,30.582278481012654,0
381,0.850336949442692,0.0141722824907115,0.8407490875489916,0.0140124847924831,0.8407490875489916,0.0140124847924831,0.0,0.0095878618935216,0.8407490875489916,0.0140124847924831,0.0715575201434717,0.06196965824995,5.60811386877376e-05,0.012979657154987,0.5718628635013374,1165.0,1105.0,60.0,18.416666666666668,0
382,1.7035614971375708,0.0136284919771005,1.7019986788652306,0.0136159894309218,1.7019986788652306,0.0136159894309218,0.0,0.0015628182728164,1.7019986788652306,0.0136159894309218,0.0984142020383842,0.0968513837655677,5.57257674140206e-05,0.0128411783607934,0.7791087998656394,1863.0,1738.0,125.0,13.904,0
383,3.410303732482248,0.0146364967059323,3.4025753955067675,0.0146033278777114,3.4025753955067675,0.0146033278777114,0.0,0.0077283369766973,3.4025753955067675,0.0146033278777114,0.1232823180785658,0.1155539811018684,4.906750789888256e-05,0.0141073880446509,1.2888403955682293,2588.0,2355.0,233.0,10.107296137339056,0
384,2.629184740624112,0.0150239128035663,2.6216778401031773,0.014981016229161,2.6216778401031773,0.014981016229161,0.0,0.0075069005220029,2.6216778401031773,0.014981016229161,0.1527986311348286,0.1452917306128256,4.987701016574858e-05,0.0141507777685101,0.8833208690372771,3088.0,2913.0,175.0,16.645714285714284,0
385,46.97355972290688,0.0139098488963301,46.97182221163308,0.0139093343830716,46.97182221163308,0.0139093343830716,0.0,0.0017375112816466,46.97182221163308,0.0139093343830716,0.0181967891322187,0.0164592778505721,0.0001891871017307,0.0139044604482601,0.3812572629070132,3464.0,87.0,3377.0,0.0257625111045306,0
386,1.767899355841962,0.0153730378768866,1.755652526346141,0.0152665437073577,1.755652526346141,0.0152665437073577,0.0,0.0122468294965756,1.755652526346141,0.0152665437073577,0.1699804325108971,0.1577336030143215,5.700527756209667e-05,0.0138949471594005,0.3778262446959957,2882.0,2767.0,115.0,24.06086956521739,0
387,0.6783457837394167,0.0178512048352478,0.6674114192399112,0.0175634584010502,0.6674114192399112,0.0175634584010502,0.0,0.0109343644999171,0.6674114192399112,0.0175634584010502,0.1837956427105496,0.1728612782106324,5.563607280676938e-05,0.0130144773954965,1.2742337740066887,3145.0,3107.0,38.0,81.76315789473684,0
388,5.274388164531558,0.0144503785329631,5.269521904918653,0.0144370463148456,5.269521904918653,0.0144370463148456,0.0,0.0048662596139479,5.269521904918653,0.0144370463148456,0.1381877294562059,0.133321469842258,4.741161800933784e-05,0.014071782013905,4.109419326561067,3177.0,2812.0,365.0,7.704109589041096,0
389,2.144557727249037,0.0153182694803502,2.1366574847431625,0.0152618391767368,2.1366574847431625,0.0152618391767368,0.0,0.0079002425061958,2.1366574847431625,0.0152618391767368,0.184540064301359,0.1766398217951632,5.096359544003556e-05,0.0140001261639119,0.2254990552848994,3606.0,3466.0,140.0,24.757142857142856,0
390,2.826507421898554,0.01449490985589,2.820509851750819,0.0144641530859016,2.820509851750819,0.0144641530859016,0.0,0.0059975701494181,2.820509851750819,0.0144641530859016,0.217092278173709,0.2110947080242908,5.4490115649016746e-05,0.0133816161216658,1.399074997513651,4069.0,3874.0,195.0,19.866666666666667,0
391,2.581788966887359,0.0149236356467477,2.576616843273709,0.0148937389784607,2.576616843273709,0.0148937389784607,0.0,0.005172123614102,2.576616843273709,0.0148937389784607,0.1282431821999807,0.1230710585858787,4.944598577174719e-05,0.0141823455762276,3.087860974884848,2662.0,2489.0,173.0,14.38728323699422,0
392,2.580157467416825,0.0153580801631953,2.4942410627516525,0.0148466729925693,2.4942410627516525,0.0148466729925693,0.0,0.0859164046656246,2.4942410627516525,0.0148466729925693,0.2624610444872246,0.1765446398215999,5.954288020964585e-05,0.0137958120412476,0.0149857342455561,3133.0,2965.0,168.0,17.648809523809526,0
393,15.136345480416708,0.0142930552223009,15.131005808349808,0.014288013039046,15.131005808349808,0.014288013039046,0.0,0.0053396720687146,15.131005808349808,0.014288013039046,0.0487204867361583,0.0433808146674437,4.561599859878413e-05,0.0142470490969599,0.645489558305087,2010.0,951.0,1059.0,0.8980169971671388,0
394,1.8053004287122008,0.0144424034296976,1.800496278305412,0.0144039702264432,1.800496278305412,0.0144039702264432,0.0,0.0048041504077787,1.800496278305412,0.0144039702264432,0.1940866068672448,0.1892824564594661,5.337914733769492e-05,0.0128897105747596,1.58580844042001,3671.0,3546.0,125.0,28.368,0
395,2.356847438485488,0.013623395598182,2.351279488086208,0.0135912109137931,2.351279488086208,0.0135912109137931,0.0,0.0055679504008594,2.351279488086208,0.0135912109137931,0.143424667868544,0.1378567174676845,4.926973462033044e-05,0.0127943512752424,2.674603663455116,2971.0,2798.0,173.0,16.173410404624278,0
396,52.35414504021401,0.01408884419812,52.35024239621448,0.0140877939709942,52.35024239621448,0.0140877939709942,0.0,0.0039026439966391,52.35024239621448,0.0140877939709942,0.0163693982240715,0.0124667542274323,0.0124667542274323,0.0140844390855731,3.3145822608757958,3717.0,1.0,3716.0,0.0002691065662002,0
397,3.8312936563755775,0.0171039895373909,3.83071639974644,0.017101412498868,3.83071639974644,0.017101412498868,0.0,0.0005772566291852,3.83071639974644,0.017101412498868,0.2148314289535164,0.2142541723243312,6.021758637558493e-05,0.0161449206581342,0.3929518622559271,3782.0,3558.0,224.0,15.883928571428571,0
398,5.427628234114536,0.0168559883047035,5.327398052005983,0.0165447144472235,5.327398052005983,0.0165447144472235,0.0,0.1002301821071682,5.327398052005983,0.0165447144472235,0.2628583688504022,0.1626281867432339,5.468331766752992e-05,0.0160396579666588,0.0830444125815574,3296.0,2974.0,322.0,9.236024844720497,0
399,0.7355083305167227,0.0179392275735786,0.7352994509195122,0.0179341329492563,0.7352994509195122,0.0179341329492563,0.0,0.0002088795974373,0.7352994509195122,0.0179341329492563,0.1595281955865175,0.1593193159890802,5.369710683824746e-05,0.0140482959739074,0.4016207511824063,3008.0,2967.0,41.0,72.36585365853658,0
400,2.1881586073128005,0.0169624698241302,2.182648965035189,0.0169197594188774,2.182648965035189,0.0169197594188774,0.0,0.0055096422772749,2.182648965035189,0.0169197594188774,0.0965251414963859,0.091015499219111,5.559896103794197e-05,0.0162142129133055,0.9516836314143688,1766.0,1637.0,129.0,12.689922480620154,0
401,2.66288014563429,0.0177525343042285,2.6615395661678325,0.0177435971077855,2.6615395661678325,0.0177435971077855,0.0,0.001340579465932,2.6615395661678325,0.0177435971077855,0.1777131479107083,0.1763725684447763,5.786501589395549e-05,0.0165677799848238,0.3115066200300589,3198.0,3048.0,150.0,20.32,0
402,3.2842731831772767,0.0165872382988751,3.2691120692253777,0.0165106670162897,3.2691120692253777,0.0165106670162897,0.0,0.0151611139500005,3.2691120692253777,0.0165106670162897,0.1165793817181679,0.1014182677681674,5.514859585000948e-05,0.0159984535427227,0.5051809456883234,2037.0,1839.0,198.0,9.287878787878787,0
403,2.6306319887765994,0.0166495695492189,2.626296931396475,0.0166221324771928,2.626296931396475,0.0166221324771928,0.0,0.0043350573779434,2.626296931396475,0.0166221324771928,0.1051385158750122,0.1008034584970687,5.478448831362432e-05,0.0159841359044404,1.6693768305717072,1998.0,1840.0,158.0,11.645569620253164,0
404,2.736723076470298,0.0169982799780763,2.678856074516837,0.0166388576056946,2.678856074516837,0.0166388576056946,0.0,0.057867001951422,2.678856074516837,0.0166388576056946,0.2463514088810257,0.1884844069296036,6.748457104532892e-05,0.01546814700366,0.0206738874027792,2954.0,2793.0,161.0,17.347826086956523,0
405,3.6432190932280832,0.0176855295787771,3.640965498442944,0.0176745897982667,3.640965498442944,0.0176745897982667,0.0,0.0022535947847472,3.640965498442944,0.0176745897982667,0.1889807326522259,0.1867271378674786,6.00022936592155e-05,0.0167681473814362,2.0900468619085477,3318.0,3112.0,206.0,15.106796116504857,0
406,6.379172275309941,0.0172410061494863,6.2459422233478845,0.0168809249279672,6.2459422233478845,0.0168809249279672,0.0,0.1332300519625846,6.2459422233478845,0.0168809249279672,0.3225570862326776,0.189327034270093,5.905397201188179e-05,0.0163692302407493,0.0248755073528172,3576.0,3206.0,370.0,8.664864864864866,0
407,4.858367421199489,0.0173513122185696,4.848539655662814,0.0173162130559386,4.848539655662814,0.0173162130559386,0.0,0.009827765538148,4.848539655662814,0.0173162130559386,0.1950940566857184,0.1852662911475704,5.804081802868748e-05,0.0166545477304063,1.1265274966819447,3472.0,3192.0,280.0,11.4,0
408,8.802299706738324,0.0155517662663221,8.704820692274781,0.0153795418591427,8.704820692274781,0.0153795418591427,0.0,0.0974790144674671,8.704820692274781,0.0153795418591427,0.3090149534627926,0.2115359389953255,6.10141156606073e-05,0.0150058034510168,0.0694738737454372,4033.0,3467.0,566.0,6.125441696113074,0
409,5.301606706037262,0.0163629836606088,5.296792549369648,0.0163481251523754,5.296792549369648,0.0163481251523754,0.0,0.0048141566692265,5.296792549369648,0.0163481251523754,0.0744494990476027,0.0696353423783762,5.046039302780885e-05,0.0161332012561409,0.3765293935184104,1704.0,1380.0,324.0,4.25925925925926,0
410,1.1759623656209328,0.0175516770988198,1.1662028100397943,0.0174060120901461,1.1662028100397943,0.0174060120901461,0.0,0.0097595555822636,1.1662028100397943,0.0174060120901461,0.0893363545847023,0.0795767990024387,5.315751436368654e-05,0.0162182986721825,0.6871866784604777,1564.0,1497.0,67.0,22.34328358208955,0
411,3.3040008882878737,0.0158846196552301,3.2975821535519207,0.015853760353615,3.2975821535519207,0.015853760353615,0.0,0.0064187347392135,3.2975821535519207,0.015853760353615,0.1622972040223089,0.1558784692830954,5.631447589707206e-05,0.0151043446358921,2.559171066473823,2976.0,2768.0,208.0,13.307692307692308,0
412,2.583201243307144,0.0159456866870811,2.574985027692399,0.0158949693067432,2.574985027692399,0.0158949693067432,0.0,0.0082162156171534,2.574985027692399,0.0158949693067432,0.1511251302222263,0.1429089146050728,5.7554939430154176e-05,0.0150128155128698,0.2539089334422328,2645.0,2483.0,162.0,15.32716049382716,0
413,1.4655076306920591,0.0142282294241947,1.4552032106008608,0.0141281865106879,1.4552032106008608,0.0141281865106879,0.0,0.0103044200915292,1.4552032106008608,0.0141281865106879,0.1913485609496206,0.1810441408580914,5.64528035104744e-05,0.0123704764052663,4.571663678796938,3310.0,3207.0,103.0,31.135922330097088,0
414,3.740947508790555,0.0174810631251895,3.738928574570497,0.0174716288531331,3.738928574570497,0.0174716288531331,0.0,0.0020189342198477,3.738928574570497,0.0174716288531331,0.1475292723825418,0.1455103381626941,5.178303849206196e-05,0.0167916740019066,2.5625742297133343,3024.0,2810.0,214.0,13.130841121495328,0
415,3.17684873514537,0.0181534213436878,3.148031152857088,0.0179887494448976,3.148031152857088,0.0179887494448976,0.0,0.0288175822887524,3.148031152857088,0.0179887494448976,0.2115160553029227,0.1826984730141703,5.743428890731541e-05,0.0169447581705282,0.0931908355410087,3356.0,3181.0,175.0,18.177142857142854,0
416,1.8746228671953984,0.0228612544779926,1.7030552654022042,0.0207689666512463,1.7030552654022042,0.0207689666512463,0.0,0.1715676017931287,1.7030552654022042,0.0207689666512463,0.4259306350062957,0.254363033213167,6.839554536519682e-05,0.0176669784413305,0.0105111204289869,3801.0,3719.0,82.0,45.35365853658536,0
417,3.770510468051782,0.0172959195782191,3.5768833921288463,0.0164077219822424,3.5768833921288463,0.0164077219822424,0.0,0.1936270759232456,3.5768833921288463,0.0164077219822424,0.3942776202932236,0.2006505443699779,5.865259993276176e-05,0.0154873066410943,0.199745495826221,3639.0,3421.0,218.0,15.692660550458717,0
418,3.0157125743261872,0.0157068363246155,3.009891912799947,0.0156765203791663,3.009891912799947,0.0156765203791663,0.0,0.0058206615267977,3.009891912799947,0.0156765203791663,0.2065765888676765,0.2007559273408787,5.7081582980062206e-05,0.0146309165909297,1.1466374526060008,3709.0,3517.0,192.0,18.31770833333333,0
419,2.395897457668923,0.0158668705805888,2.3848703338527417,0.0157938432705479,2.3848703338527417,0.0157938432705479,0.0,0.0110271238171435,2.3848703338527417,0.0157938432705479,0.2054060490046936,0.19437892518755,5.4129469559328895e-05,0.0145065656202929,7.257764292186209,3742.0,3591.0,151.0,23.781456953642383,0
420,1.5817857285899208,0.0147830441924291,1.5758141467049454,0.014727235015934,1.5758141467049454,0.014727235015934,0.0,0.0059715818859444,1.5758141467049454,0.014727235015934,0.1857774073106952,0.1798058254247507,5.2223591468123954e-05,0.0130468067409273,0.417876569766122,3550.0,3443.0,107.0,32.177570093457945,0
421,1.338756619182675,0.0147116111998096,1.3296662040008416,0.0146117165274817,1.3296662040008416,0.0146117165274817,0.0,0.0090904151810491,1.3296662040008416,0.0146117165274817,0.100099136286758,0.0910087211057089,4.650420087159371e-05,0.0136116206911639,1.644293072260325,2048.0,1957.0,91.0,21.505494505494507,0
422,2.359050017247853,0.0137154070770224,2.3576338066894422,0.013707173294706,2.3576338066894422,0.013707173294706,0.0,0.0014162105579202,2.3576338066894422,0.013707173294706,0.2073325460588648,0.2059163355009445,5.351256120086917e-05,0.0125099852976103,0.0986829257288377,4020.0,3848.0,172.0,22.37209302325581,0
423,34.326515378479144,0.013719630447034,34.32182508113009,0.0137177558277898,34.32182508113009,0.0137177558277898,0.0,0.0046902973454052,34.32182508113009,0.0137177558277898,0.0711692948046334,0.0664789974592281,4.452712488896727e-05,0.0136911854850817,1.8369519470490443,3995.0,1493.0,2502.0,0.596722621902478,0
424,2.349300028511891,0.0121097939614015,2.348077481334033,0.0121034921718249,2.348077481334033,0.0121034921718249,0.0,0.0012225471769511,2.348077481334033,0.0121034921718249,0.0579467202912269,0.0567241731142758,5.470026336960058e-05,0.0118110995269106,2.339001167084348,1231.0,1037.0,194.0,5.345360824742268,0
425,1.1313123900139317,0.0122968738044992,1.1246309112212336,0.0122242490350134,1.1246309112212336,0.0122242490350134,0.0,0.0066814787909947,1.1246309112212336,0.0122242490350134,0.0467165110525229,0.0400350322615281,4.394624836611214e-05,0.0117890856408848,2.6082403183096403,1003.0,911.0,92.0,9.902173913043478,0
426,6.541076986855444,0.0152472657036257,6.5409601571066105,0.0152469933732088,6.5409601571066105,0.0152469933732088,0.0,0.0001168297473554,6.5409601571066105,0.0152469933732088,0.1382632763092601,0.1381464465619046,5.1837315783078673e-05,0.0149249736842568,2.647996416149624,3094.0,2665.0,429.0,6.212121212121212,0
427,2.2783025380580284,0.0177992385785783,2.270488434131893,0.0177381908916554,2.270488434131893,0.0177381908916554,0.0,0.0078141039242609,2.270488434131893,0.0177381908916554,0.1901599220477123,0.1823458181234514,5.364690147792039e-05,0.0163136141875805,1.9358749751469877,3527.0,3399.0,128.0,26.5546875,0
428,4.776681845856729,0.0165857008536691,4.713970388778648,0.0163679527388147,4.713970388778648,0.0163679527388147,0.0,0.0627114570771709,4.713970388778648,0.0163679527388147,0.2430293719748988,0.1803179148977278,6.071310265916763e-05,0.0157418488676452,0.0997559767537268,3258.0,2970.0,288.0,10.3125,0
429,2.3363491348022194,0.0169300661942189,2.3358710906074016,0.0169266021058507,2.3358710906074016,0.0169266021058507,0.0,0.0004780441936986,2.3358710906074016,0.0169266021058507,0.0460330517016132,0.0455550075079145,4.930195617739668e-05,0.0165964933558014,0.9695158749401572,1062.0,924.0,138.0,6.695652173913044,0
430,5.570338388540392,0.0154731621903899,5.5572442710749295,0.0154367896418748,5.5572442710749295,0.0154367896418748,0.0,0.0130941174658687,5.5572442710749295,0.0154367896418748,0.1769570321930018,0.1638629147271331,5.500601367141091e-05,0.0149816148787427,0.5133389777078605,3339.0,2979.0,360.0,8.275,0
431,2.611696240036508,0.0158284620608273,2.6111982911608003,0.0158254441888533,2.6111982911608003,0.0158254441888533,0.0,0.0004979488767276,2.6111982911608003,0.0158254441888533,0.0771122672296087,0.0766143183528811,5.934494062965231e-05,0.0153611149867084,0.5511394353002856,1456.0,1291.0,165.0,7.824242424242424,0
432,1.950984458048481,0.0151239105275076,1.9391572829017412,0.0150322269992383,1.9391572829017412,0.0150322269992383,0.0,0.0118271751466068,1.9391572829017412,0.0150322269992383,0.169636037515886,0.1578088623692792,5.8556164144445e-05,0.0138089024847487,2.62778140004076,2824.0,2695.0,129.0,20.89147286821705,0
433,1.905735194865656,0.0160145814694592,1.9046400516402533,0.0160053785852122,1.9046400516402533,0.0160053785852122,0.0,0.0010951432261663,1.9046400516402533,0.0160053785852122,0.2009937481168435,0.1998986048906772,5.442379659424918e-05,0.0143255583760404,2.5354258616276297,3792.0,3673.0,119.0,30.865546218487395,0
434,3.2672086437145254,0.0153390077169696,3.256583295650418,0.0152891234537578,3.256583295650418,0.0152891234537578,0.0,0.0106253480635132,3.256583295650418,0.0152891234537578,0.1575801161970957,0.1469547681335825,5.2222732101486336e-05,0.0145991949648705,1.3757582526185388,3027.0,2814.0,213.0,13.211267605633802,0
435,1.0350010318720706,0.0156818338162434,1.0318049359739234,0.015633408120817,1.0318049359739234,0.015633408120817,0.0,0.0031960959000798,1.0318049359739234,0.015633408120817,0.1329157489470844,0.1297196530470046,5.972359716712919e-05,0.0136679588321967,0.2959576704512301,2238.0,2172.0,66.0,32.90909090909091,0
436,3.1681879403964786,0.0152316727903676,3.158150142634218,0.0151834141472798,3.158150142634218,0.0151834141472798,0.0,0.0100377977601056,3.158150142634218,0.0151834141472798,0.1575758280099535,0.1475380302498479,5.133543154135279e-05,0.0144740966941659,1.2969883830716071,3082.0,2874.0,208.0,13.817307692307692,0
437,1.1288146141199604,0.0156779807516661,1.1269740857504906,0.0156524178576457,1.1269740857504906,0.0156524178576457,0.0,0.0018405283686888,1.1269740857504906,0.0156524178576457,0.1244488156770557,0.1226082873083669,5.718670116994726e-05,0.0139495249783736,0.3381536877857343,2216.0,2144.0,72.0,29.77777777777778,0
438,2.73018063739255,0.0159659686397225,2.7196274713442588,0.0159042542183874,2.7196274713442588,0.0159042542183874,0.0,0.0105531660482256,2.7196274713442588,0.0159042542183874,0.185279449657969,0.1747262836097434,5.060129846792453e-05,0.0148824630861671,1.7465183763777077,3624.0,3453.0,171.0,20.19298245614035,0
439,1.6653247030609464,0.0147373867527517,1.6558290457168978,0.0146533543868752,1.6558290457168978,0.0146533543868752,0.0,0.0094956573428817,1.6558290457168978,0.0146533543868752,0.1550687459392747,0.145573088596393,5.5308924238751165e-05,0.0133650969656785,0.2275981064026382,2745.0,2632.0,113.0,23.292035398230087,0
440,25.49316073144485,0.0127977714515285,25.485781702218876,0.0127940671195877,25.485781702218876,0.0127940671195877,0.0,0.0073790292358353,25.485781702218876,0.0127940671195877,0.0209642681996911,0.0135852389638557,0.0006469161411359,0.0127872472205045,1.3926633036646765,2013.0,21.0,1992.0,0.0105421686746987,0
441,2.9571074623288496,0.0161590571711959,2.9482555856245574,0.0161106862602434,2.9482555856245574,0.0161106862602434,0.0,0.0088518767080358,2.9482555856245574,0.0161106862602434,0.2244405042004018,0.2155886274923659,6.00024011946468e-05,0.0149326063285707,0.5591412328116121,3776.0,3593.0,183.0,19.633879781420767,0
442,3.0220653304817238,0.0159897636533424,2.9403750042802845,0.0155575397051866,2.9403750042802845,0.0155575397051866,0.0,0.081690326205944,2.9403750042802845,0.0155575397051866,0.3115743561132831,0.229884029907339,6.179678223315565e-05,0.0143412220866055,0.1111651154416222,3909.0,3720.0,189.0,19.682539682539684,0
443,3.6433793793404448,0.0134442043518097,3.634479619391666,0.0134113639091943,3.634479619391666,0.0134113639091943,0.0,0.0088997599528966,3.634479619391666,0.0134113639091943,0.1032305271239693,0.0943307671710727,4.980505130468463e-05,0.0130632798974777,1.6236209532426074,2165.0,1894.0,271.0,6.988929889298893,0
444,1.939274787391696,0.0145810134390353,1.9300135981706517,0.0145113804373733,1.9300135981706517,0.0145113804373733,0.0,0.0092611892254126,1.9300135981706517,0.0145113804373733,0.1321725574345009,0.1229113682090883,5.2103165836832696e-05,0.0135872348117082,0.1493421425988117,2492.0,2359.0,133.0,17.736842105263158,0
445,2.3653025948894992,0.0167751957084361,2.3567382570556696,0.016714455723799,2.3567382570556696,0.016714455723799,0.0,0.0085643378340591,2.3567382570556696,0.016714455723799,0.1736877998007457,0.1651234619666866,5.242014665609098e-05,0.0155433673410549,5.027085818025398,3291.0,3150.0,141.0,22.34042553191489,0
446,3.8085886871928096,0.015803272560966,3.796635788136023,0.015753675469444,3.796635788136023,0.015753675469444,0.0,0.0119528990569506,3.796635788136023,0.015753675469444,0.1546178274539897,0.1426649283970391,5.39988373947915e-05,0.0151617048121942,0.7751289473856104,2883.0,2642.0,241.0,10.962655601659751,0
447,1.786278284671539,0.0180432149966822,1.781763298179796,0.0179976090725231,1.781763298179796,0.0179976090725231,0.0,0.0045149864905624,1.781763298179796,0.0179976090725231,0.1851544879341418,0.1806395014435793,5.3970571091598247e-05,0.016172967643812,0.4177885361505105,3446.0,3347.0,99.0,33.80808080808081,0
448,2.768096117574032,0.0160935820789187,2.761135530438026,0.0160531135490582,2.761135530438026,0.0160531135490582,0.0,0.006960587134813,2.761135530438026,0.0160531135490582,0.1928827623140705,0.1859221751792574,5.54164456570067e-05,0.014972170670116,0.234638412123445,3527.0,3355.0,172.0,19.50581395348837,0
449,1.451668064847354,0.0152807164720774,1.450975139139089,0.0152734225172535,1.450975139139089,0.0152734225172535,0.0,0.0006929257083356,1.450975139139089,0.0152734225172535,0.1267019260066035,0.1260090002982679,5.48819687710226e-05,0.0139470119877973,0.8582026881693992,2391.0,2296.0,95.0,24.16842105263158,0
450,1.0930459726395156,0.0147708915221556,1.0923058592641812,0.0147608899900565,1.0923058592641812,0.0147608899900565,0.0,0.0007401133748317,1.0923058592641812,0.0147608899900565,0.2049767887874622,0.2042366754126305,5.37040955594611e-05,0.0120009349169196,1.6366045547401882,3877.0,3803.0,74.0,51.391891891891895,0
451,2.073798913693281,0.0122709994893093,2.071764143603142,0.0122589594296043,2.071764143603142,0.0122589594296043,0.0,0.0020347700900629,2.071764143603142,0.0122589594296043,0.1369067013094991,0.1348719312194362,4.5641939498963176e-05,0.0114609006649927,2.089643406410005,3124.0,2955.0,169.0,17.485207100591715,0
452,38.39130745906528,0.0128356093142979,38.38188884939285,0.0128324603307899,38.38188884939285,0.0128324603307899,0.0,0.009418609670206,38.38188884939285,0.0128324603307899,0.022071338326441,0.012652728656235,0.0002635985136715,0.0128282300637709,1.0341654557132642,3039.0,48.0,2991.0,0.0160481444332999,0
453,3.4335893085191174,0.013518068143776,3.4282435246855183,0.0134970217507303,3.4282435246855183,0.0134970217507303,0.0,0.005345783837356,3.4282435246855183,0.0134970217507303,0.1735263132452473,0.1681805294078913,4.791468074298897e-05,0.0128348936821805,3.9854814160668175,3764.0,3510.0,254.0,13.818897637795276,0
454,4.864318463205677,0.0134373438210101,4.857232782492363,0.0134177701173822,4.857232782492363,0.0134177701173822,0.0,0.0070856807187738,4.857232782492363,0.0134177701173822,0.1464734116808586,0.1393877309620848,4.969259570840812e-05,0.0130327211368088,1.82541617179686,3167.0,2805.0,362.0,7.748618784530387,0
455,1.6852628863821335,0.0137013242795295,1.6841283447924773,0.0136921003641664,1.6841283447924773,0.0136921003641664,0.0,0.0011345415916821,1.6841283447924773,0.0136921003641664,0.0915987268950857,0.0904641853034036,4.995261474511519e-05,0.0129566191828215,0.209926336766216,1934.0,1811.0,123.0,14.723577235772357,0
456,1.4085666763087374,0.0156507408478748,1.4048324327656574,0.0156092492529517,1.4048324327656574,0.0156092492529517,0.0,0.0037342435437039,1.4048324327656574,0.0156092492529517,0.1781176875374512,0.1743834439937472,5.057524477776893e-05,0.013671655430792,3.807190112268472,3538.0,3448.0,90.0,38.31111111111111,0
457,1.0466185448524357,0.0147411062655272,1.0406719763351429,0.0146573517793682,1.0406719763351429,0.0146573517793682,0.0,0.0059465685171744,1.0406719763351429,0.0146573517793682,0.1532400095729826,0.1472934410558082,5.56454254083144e-05,0.0125827962715415,0.4751111810621751,2718.0,2647.0,71.0,37.28169014084507,0
458,2.854570017380752,0.0145641327417385,2.8503535294242663,0.0145426200480829,2.8503535294242663,0.0145426200480829,0.0,0.0042164879555457,2.8503535294242663,0.0145426200480829,0.1103247097034909,0.1061082217479452,4.377401887291469e-05,0.0140012515697819,3.999977271051989,2620.0,2424.0,196.0,12.36734693877551,0
459,2.436535320536564,0.0149480694511445,2.4296976184174075,0.014906120358389,2.4296976184174075,0.014906120358389,0.0,0.0068377021177639,2.4296976184174075,0.014906120358389,0.1513358072116943,0.1444981050939304,4.784705466686439e-05,0.0140196289161034,0.3649766779344645,3183.0,3020.0,163.0,18.52760736196319,0
460,1.7486705984199489,0.0152058312906082,1.7363877394006593,0.0150990238208752,1.7363877394006593,0.0150990238208752,0.0,0.012282859016409,1.7363877394006593,0.0150990238208752,0.1075452030642054,0.0952623440477964,5.677136117270348e-05,0.014270655611789,0.6186487162412959,1793.0,1678.0,115.0,14.591304347826089,0
461,2.05908675355488,0.0142005983003784,2.055362662031297,0.0141749149105606,2.055362662031297,0.0141749149105606,0.0,0.0037240915268057,2.055362662031297,0.0141749149105606,0.1897363630262134,0.1860122714994077,5.739348086991906e-05,0.0128920716588183,1.348450743995727,3386.0,3241.0,145.0,22.351724137931036,0
462,1.902296398906401,0.0141962417828835,1.827399207321176,0.0136373075173222,1.827399207321176,0.0136373075173222,0.0,0.0748971915883203,1.827399207321176,0.0136373075173222,0.2273801438374221,0.1524829522491018,6.244183138783857e-05,0.0124993750378282,0.0866862824531153,2576.0,2442.0,134.0,18.22388059701493,0
463,2.23104752672009,0.0184384093117362,2.2291983863042435,0.0184231271595392,2.2291983863042435,0.0184231271595392,0.0,0.0018491404133555,2.2291983863042435,0.0184231271595392,0.1692491395813249,0.1673999991679693,4.7610921265065225e-05,0.0170396560920559,3.0988508807971584,3637.0,3516.0,121.0,29.05785123966942,0
464,1.78421295094779,0.0196067357247009,1.7780165992564545,0.0195386439478731,1.7780165992564545,0.0195386439478731,0.0,0.0061963516892546,1.7780165992564545,0.0195386439478731,0.0909433421879839,0.0847469904987292,5.237762082739756e-05,0.0186073583380198,0.5277916023103444,1709.0,1618.0,91.0,17.78021978021978,0
465,2.737530642775141,0.0183726888776855,2.729101471636525,0.0183161172593055,2.729101471636525,0.0183161172593055,0.0,0.0084291711366404,2.729101471636525,0.0183161172593055,0.1592780877314226,0.1508489165947821,5.399030658367293e-05,0.0173037084231122,0.3050411811814228,2943.0,2794.0,149.0,18.751677852348998,0
466,1.6007823554763263,0.0210629257299516,1.5393348769646675,0.0202544062758508,1.5393348769646675,0.0202544062758508,0.0,0.0614474785098764,1.5393348769646675,0.0202544062758508,0.1632540632705286,0.1018065847606521,6.299912423307685e-05,0.0189148459500762,0.0714199915967128,1692.0,1616.0,76.0,21.26315789473684,0
467,1.94414630518088,0.0198382276038865,1.836766664125873,0.0187425169808762,1.836766664125873,0.0187425169808762,0.0,0.107379641053626,1.836766664125873,0.0187425169808762,0.2359330385706926,0.1285533975170665,6.136200358809858e-05,0.0174307476184712,0.0299675722080792,2193.0,2095.0,98.0,21.377551020408163,0
468,2.4074336575456527,0.0195726313621597,2.233234492964409,0.0181563779915805,2.233234492964409,0.0181563779915805,0.0,0.1741991645799316,2.233234492964409,0.0181563779915805,0.332414966954957,0.1582158023750253,6.127645328234907e-05,0.0168700706552089,0.0342976767179834,2705.0,2582.0,123.0,20.991869918699187,0
469,4.832680725209457,0.0141306453953492,4.820181714499517,0.0140940985804079,4.820181714499517,0.0140940985804079,0.0,0.0124990107082112,4.820181714499517,0.0140940985804079,0.1731793334449776,0.1606803227367663,6.220686129956111e-05,0.0136242730753347,0.4486030077845271,2925.0,2583.0,342.0,7.552631578947368,0
470,1.9377288023290475,0.0164214305282122,1.9334233635463067,0.016384943758867,1.9334233635463067,0.016384943758867,0.0,0.0043054387818983,1.9334233635463067,0.016384943758867,0.1472326597229312,0.1429272209410328,5.692043844724525e-05,0.0151736961237806,0.4295730480006341,2629.0,2511.0,118.0,21.279661016949152,0
471,1.0126636193366494,0.0158228690521351,1.0032520884809315,0.0156758138825145,1.0032520884809315,0.0156758138825145,0.0,0.0094115308554592,1.0032520884809315,0.0156758138825145,0.1676891907804929,0.1582776599250337,5.32383652623726e-05,0.0132027254461899,1.200662377545882,3037.0,2973.0,64.0,46.453125,0
472,2.0635799654100992,0.012659999787792,2.052501188200231,0.0125920318294492,2.052501188200231,0.0125920318294492,0.0,0.0110787772130152,2.052501188200231,0.0125920318294492,0.1229731840790009,0.1118944068659857,4.792051685909453e-05,0.0119055630756509,2.6941341093443043,2498.0,2335.0,163.0,14.325153374233128,0
473,1.4172133961978943,0.0124316964578762,1.4067222526600116,0.0123396688829825,1.4067222526600116,0.0123396688829825,0.0,0.0104911435396388,1.4067222526600116,0.0123396688829825,0.0510415449955417,0.0405504014559028,4.277468508006628e-05,0.0119839636070381,1.379499143718817,1062.0,948.0,114.0,8.31578947368421,0
474,1.226738358147145,0.0134806412983202,1.2190954842013046,0.0133966536725418,1.2190954842013046,0.0133966536725418,0.0,0.007642873944178,1.2190954842013046,0.0133966536725418,0.1223371916897804,0.1146943177456023,4.675675407484808e-05,0.0121362765544765,1.2828931605782827,2544.0,2453.0,91.0,26.95604395604396,0
475,2.446644098075126,0.0126115675158511,2.438505213592808,0.0125696145030557,2.438505213592808,0.0125696145030557,0.0,0.0081388844799903,2.438505213592808,0.0125696145030557,0.0790087668805199,0.0708698824005296,5.71992594031716e-05,0.0122043058309,0.6515763850225085,1433.0,1239.0,194.0,6.38659793814433,0
476,0.8997563971947784,0.0121588702323618,0.8946266451816733,0.0120895492592118,0.8946266451816733,0.0120895492592118,0.0,0.0051297520099069,0.8946266451816733,0.0120895492592118,0.0480888347291283,0.0429590827192214,6.190069556083781e-05,0.0115090211144006,1.138848384598191,768.0,694.0,74.0,9.37837837837838,0
477,4.337157154474085,0.0151648851555037,4.333515821987035,0.0151521532237308,4.333515821987035,0.0151521532237308,0.0,0.0036413324855857,4.333515821987035,0.0151521532237308,0.0957714951107391,0.0921301626251533,5.49047453070044e-05,0.0148300197879837,0.9419115354953648,1964.0,1678.0,286.0,5.867132867132868,0
478,2.6678353143048525,0.0154210133774846,2.659687448159243,0.0153739158853135,2.659687448159243,0.0153739158853135,0.0,0.0081478661455776,2.659687448159243,0.0153739158853135,0.1030542585548346,0.094906392409257,6.060433742609005e-05,0.0148253240216764,0.0631665549564104,1739.0,1566.0,173.0,9.052023121387284,0
479,26.415212019558,0.0143952109098408,26.404669393624157,0.0143894656096044,26.404669393624157,0.0143894656096044,0.0,0.0105426259417527,26.404669393624157,0.0143894656096044,0.0286352224741222,0.0180925965323694,4.149678103754472e-05,0.0143796058839694,0.3161410849430695,2271.0,436.0,1835.0,0.2376021798365122,0
480,2.276518429236148,0.0158091557585843,2.27275820186926,0.0157830430685365,2.27275820186926,0.0157830430685365,0.0,0.0037602273680477,2.27275820186926,0.0157830430685365,0.0948659714474615,0.0911057440794138,4.745090837469471e-05,0.0151503642901992,0.3050179867492488,2064.0,1920.0,144.0,13.333333333333334,0
481,38.80754193401208,0.0131908708137362,38.80309795828504,0.0131893602849371,38.80309795828504,0.0131893602849371,0.0,0.0044439757409691,38.80309795828504,0.0131893602849371,0.0415695528428159,0.0371255771018468,4.943485632735929e-05,0.0131767411220833,0.0904219957064924,3693.0,751.0,2942.0,0.2552685248130523,0
482,0.8944727440135694,0.0194450596524689,0.893299294030374,0.0194195498702255,0.893299294030374,0.0194195498702255,0.0,0.0011734499836393,0.893299294030374,0.0194195498702255,0.1277591826175239,0.1265857326338846,6.042278407345328e-05,0.0166676861173053,0.538148291455741,2141.0,2095.0,46.0,45.54347826086956,0
483,5.14784624225797,0.0160870195070561,5.117923313613994,0.0159935103550437,5.117923313613994,0.0159935103550437,0.0,0.0299229286445097,5.117923313613994,0.0159935103550437,0.2486016384572167,0.2186787098127069,6.224842294697039e-05,0.0153101393868773,0.0697819784281819,3833.0,3513.0,320.0,10.978125,0
484,2.942003725923541,0.0163444651440196,2.939128353406503,0.0163284908522583,2.939128353406503,0.0163284908522583,0.0,0.0028753725179058,2.939128353406503,0.0163284908522583,0.1877420618438918,0.184866689325986,5.312261187528335e-05,0.0153014536893313,1.7697693559538266,3660.0,3480.0,180.0,19.33333333333333,0
485,3.40298329215625,0.0150574481953816,3.393997752860572,0.0150176891719494,3.393997752860572,0.0150176891719494,0.0,0.0089855392964182,3.393997752860572,0.0150176891719494,0.1669174126913049,0.1579318733948866,5.632377795823348e-05,0.0143188755728537,1.8114887361278988,3030.0,2804.0,226.0,12.4070796460177,0
486,2.8254627129867917,0.0153557756140586,2.8128831395525284,0.0152874083671333,2.8128831395525284,0.0152874083671333,0.0,0.0125795734363691,2.8128831395525284,0.0152874083671333,0.176083916441712,0.1635043430053429,6.651926078329653e-05,0.0143987978073102,0.1267467288300849,2642.0,2458.0,184.0,13.358695652173912,0
487,23.31476813584402,0.0140789662656062,23.26821471915998,0.0140508542990096,23.26821471915998,0.0140508542990096,0.0,0.0465534166911538,23.26821471915998,0.0140508542990096,0.1225417778988458,0.0759883612076919,8.268592079183017e-05,0.0140049676074548,0.1013794421257898,2575.0,919.0,1656.0,0.5549516908212561,0
488,1.856025581386916,0.0164250051450169,1.8546583083713688,0.0164129053838174,1.8546583083713688,0.0164129053838174,0.0,0.0013672730151483,1.8546583083713688,0.0164129053838174,0.1679105523223825,0.1665432793072341,4.941937071431279e-05,0.0149390710536684,3.682038690117452,3483.0,3370.0,113.0,29.82300884955752,0
489,1.7662925416013875,0.0169835821307825,1.7567725242386818,0.016892043502295,1.7567725242386818,0.016892043502295,0.0,0.0095200173628882,1.7567725242386818,0.016892043502295,0.1905309634748846,0.1810109461119964,5.174698287935861e-05,0.0151515536358317,0.3690685157740745,3602.0,3498.0,104.0,33.63461538461539,0
490,3.116229798346012,0.0154268801898317,3.1094834261874817,0.0153934823078588,3.1094834261874817,0.0153934823078588,0.0,0.0067463721586591,3.1094834261874817,0.0153934823078588,0.2155418148191756,0.2087954426605165,5.6985655747957566e-05,0.0143598415026081,0.8288672406353044,3866.0,3664.0,202.0,18.138613861386137,0
491,4.335233877375003,0.0149490823357758,4.333941844811343,0.0149446270510735,4.333941844811343,0.0149446270510735,0.0,0.0012920325654022,4.333941844811343,0.0149446270510735,0.1571978959549369,0.1559058633895347,5.1795967903499904e-05,0.0144070206255864,0.723204271887198,3300.0,3010.0,290.0,10.379310344827584,0
492,4.252635391578679,0.0155205671225499,4.2397030798378745,0.0154733689045177,4.2397030798378745,0.0154733689045177,0.0,0.0129323117452031,4.2397030798378745,0.0154733689045177,0.1688552957010642,0.1559229839558611,5.175007764880887e-05,0.0149043069192613,1.4979227274596951,3287.0,3013.0,274.0,10.996350364963504,0
493,3.3610523608322183,0.015779588548508,3.3559000410715787,0.0157553992538571,3.3559000410715787,0.0157553992538571,0.0,0.0051523197646474,3.3559000410715787,0.0157553992538571,0.2251018277253251,0.2199495079606777,5.860631706919203e-05,0.0147227724559009,1.219466046209163,3966.0,3753.0,213.0,17.619718309859156,0
494,4.353382125482085,0.0164900838086442,4.343142374678341,0.0164512968737815,4.343142374678341,0.0164512968737815,0.0,0.0102397508055673,4.343142374678341,0.0164512968737815,0.2339665766241978,0.2237268258186304,5.970825348775833e-05,0.0156038467759768,2.6923464621937683,4011.0,3747.0,264.0,14.193181818181818,0
495,2.293422992290516,0.0152894866152701,2.281235993252767,0.0152082399550184,2.281235993252767,0.0152082399550184,0.0,0.0121869990392724,2.281235993252767,0.0152082399550184,0.1190433055908215,0.1068563065515491,6.212575962299366e-05,0.0144958645779979,0.2217795775849254,1870.0,1720.0,150.0,11.466666666666669,0
496,4.053080915084138,0.0158944349611142,4.042422406281547,0.0158526368873786,4.042422406281547,0.0158526368873786,0.0,0.0106585088030897,4.042422406281547,0.0158526368873786,0.1309615673728785,0.1203030585697888,5.054750360075162e-05,0.0153808601871029,1.214830609254932,2635.0,2380.0,255.0,9.333333333333334,0
497,2.94640354905448,0.0162784726467098,2.9432789157446373,0.0162612094792521,2.9432789157446373,0.0162612094792521,0.0,0.0031246333087437,2.9432789157446373,0.0162612094792521,0.074624772444622,0.0715001391358782,5.03522106590692e-05,0.0158661810862423,0.5055982844417031,1601.0,1420.0,181.0,7.845303867403315,0
498,2.6935985894549503,0.0164243816430179,2.682538015013773,0.0163569391159376,2.682538015013773,0.0163569391159376,0.0,0.0110605744403073,2.682538015013773,0.0163569391159376,0.2232227742659915,0.2121621998256841,5.947917012214303e-05,0.0150632671657863,0.8409665478520765,3731.0,3567.0,164.0,21.75,0
499,3.294106197194651,0.013725442488311,3.2837585468622192,0.0136823272785925,3.2837585468622192,0.0136823272785925,0.0,0.0103476503311412,3.2837585468622192,0.0136823272785925,0.1501830085519486,0.1398353582208074,5.327061265554568e-05,0.0130996799526779,4.875903953014358,2865.0,2625.0,240.0,10.9375,0
