request_id,request_e2e_time,request_e2e_time_normalized,request_e2e_time_piecewise_normalized,request_execution_time,request_execution_time_normalized,request_preemption_time,request_scheduling_delay,request_execution_plus_preemption_time,request_execution_plus_preemption_time_normalized,prefill_e2e_time,prefill_e2e_time_normalized,prefill_e2e_time_piecewise_normalized,prefill_time_execution_plus_preemption,prefill_time_execution_plus_preemption_normalized,decode_time_execution_plus_preemption_normalized,request_inter_arrival_delay,request_num_tokens,request_num_prefill_tokens,request_num_decode_tokens,request_pd_ratio,request_num_restarts,request_num_pauses,request_num_ignored
0_0,6.119322765967809,0.1133207919623668,1.811945429399472,4.323764606495388,0.0800697149350997,0.0648840005742386,1.7306741588981822,4.3886486070696265,0.0812712705012893,5.23678488493897,0.0013883310935681,1.7316036686346723,3.506110726040788,0.0009295097364901,0.0163432940931266,,3826,3772,54,69.85185185185185,0,289,0
0_1,9.729386111954229,0.0623678596920142,5.250942983433981,4.411194943939336,0.0282768906662777,0.0961413660552352,5.222049801959656,4.507336309994571,0.0288931814743241,7.16244922298938,0.0035545653712106,5.22301277933982,1.940399421029724,0.0009629773801636,0.0164547236472105,0.0,2171,2015,156,12.916666666666666,0,285,0
0_10,42.650021492969245,0.0989559663409959,32.319879966943574,10.088742005638778,0.0234077540734078,0.2654231053311378,32.29585638199933,10.354165110969916,0.0240235849442457,35.39696386992,0.0111521625299054,32.29683341649458,3.101107487920672,0.0009770344952491,0.0168284399606711,0.0,3605,3174,431,7.364269141531323,0,635,0
0_100,296.30902825598605,0.9466742116804666,285.87613178666805,10.148600100772455,0.0324236424944806,0.3177351392805576,285.84269301593304,10.466335240053011,0.0334387707349936,290.4152950459393,0.082975798584554,285.8439994736559,4.572602030006237,0.0013064577228589,0.0188298185624497,0.0,3813,3500,313,11.182108626198085,0,574,0
0_101,296.2340847409796,2.2787237287767663,290.4432500305433,5.647674864740111,0.0434436528056931,0.1880500372499227,290.3983598389896,5.835724901990034,0.0448901915537694,293.7253394849831,0.1263334793483798,290.39979079797706,3.326979645993561,0.0014309589875241,0.0192980404307421,0.0,2455,2325,130,17.884615384615383,0,309,0
0_102,305.10535025200807,0.910762239558233,293.74089760431366,11.028686025296338,0.0329214508217801,0.3697919297264889,293.70687229698524,11.398477955022829,0.0340253073284263,298.6744562749518,0.0858013376256684,293.7082993535718,4.967583977966569,0.0014270565866034,0.0191966984389739,0.0,3816,3481,335,10.391044776119402,0,602,0
0_103,303.893436951912,2.689322450901876,298.70240026674816,5.052699014078826,0.0447141505670692,0.1846862129168585,298.6560517249163,5.237385226995684,0.0463485418318202,301.7045387389371,0.1460331746074235,298.65752727526194,3.048487014020793,0.0014755503456054,0.0193707806457954,0.0,2179,2066,113,18.283185840707965,0,272,0
0_104,306.6606397619471,1.5807249472265317,301.7118958093336,4.831258793012239,0.0249033958402692,0.1431263199774548,301.6862546489574,4.974385112989694,0.0256411603762355,303.0156273499597,0.3717983157668217,301.6878857811059,1.3293727010022849,0.001631132148469,0.0187887237731309,0.0,1009,815,194,4.201030927835052,0,262,0
0_105,307.38091342593543,6.985929850589442,303.09641116054,4.1954670085106045,0.0953515229206955,0.1886748444521799,302.99677157297265,4.3841418529627845,0.099639587567336,306.6042508799583,0.1321570046896371,302.9983265209498,3.607479306985624,0.0015549479771489,0.0176514214994809,0.0,2364,2320,44,52.72727272727273,0,234,0
0_106,311.92770551599097,2.736207943122728,306.63325546419026,5.152285274933092,0.0451954848678341,0.1890183171490207,306.58640192390885,5.341303592082113,0.046853540281422,309.9248697189614,0.1186996820064961,306.5876805404524,3.3384677950525656,0.00127861654349,0.0175687350616626,0.0,2725,2611,114,22.903508771929825,0,304,0
0_107,316.3525217719143,1.797457510067695,309.94405004544456,6.250270425225608,0.0355129001433273,0.194821139681153,309.9074302070076,6.445091564906761,0.0366198384369702,313.28359501599334,0.1137558442323868,309.90865612015534,3.376164808985777,0.0012259131477798,0.0174370838404601,0.0,2930,2754,176,15.647727272727272,0,370,0
0_108,319.92481043201406,1.516231329061678,313.29859763719816,6.46933745208662,0.0306603670715005,0.1884287369903177,313.2670442429371,6.657766189076938,0.0315533942610281,316.2250043069944,0.1338801881062635,313.2682965545646,2.9579600640572608,0.0012523116274586,0.0175346261849273,0.0,2573,2362,211,11.19431279620853,0,379,0
0_109,324.2971385489218,1.2191621749959467,316.23781123883623,7.824587230337784,0.0294157414674352,0.2651526356348768,316.20739868294913,8.08973986597266,0.0304125558871152,319.8509894380113,0.1111365494920122,316.208664697805,3.6435907550621778,0.0012660148558242,0.0167148462816183,0.0,3144,2878,266,10.819548872180452,0,472,0
0_11,40.37615825200919,0.3670559841091744,35.4278069770969,4.8779772446723655,0.0443452476788396,0.1157717483583837,35.38240925897844,4.993748993030749,0.0453977181184613,38.47227177396417,0.0136717383702786,35.38350729114439,3.0898625149857253,0.0010980321659508,0.0173080588913184,0.0,2924,2814,110,25.581818181818186,0,298,0
0_110,323.49222168501,3.718301398678276,319.87524141211344,3.5562050817534328,0.0408759204799245,0.1028331012930721,319.8331835019635,3.659038183046505,0.0420579101499598,322.02073857199866,0.1682448999853702,319.8343264251976,2.18755507003516,0.0011429232340831,0.0169135990001304,0.0,2001,1914,87,22.0,0,217,0
0_111,327.1519934099633,2.195650962482975,322.0390218381236,4.992687401361764,0.0335079691366561,0.1548312756931409,322.0044747329084,5.147518677054904,0.0345471052151335,324.6630071179243,0.1378026346001376,322.0056031422399,2.65853238501586,0.0011284093315007,0.0167046059868392,0.0,2505,2356,149,15.812080536912752,0,310,0
0_112,351.6352509639692,0.2236865464147386,324.6658731931485,26.13599374878686,0.0166259502218745,0.8505510352551937,324.6487061799271,26.986544784042053,0.0171670132214007,324.6801629869733,29.51637845336121,324.65156588965857,0.0314568070461973,0.0028597097314724,0.0171470025298955,0.0,1583,11,1572,0.0069974554707379,0,1573,0
0_113,331.1927592359716,2.3999475306954463,324.710973523418,6.3592239638092,0.0460813330710811,0.169874053215608,324.6636612189468,6.529098017024808,0.0473123044711942,328.8667995199794,0.0901251848506383,324.664813079265,4.203138301032595,0.0011518603181782,0.0168547805506682,0.0,3787,3649,138,26.44202898550725,0,391,0
0_114,335.03998446895275,1.9255171521204184,328.88617694576004,6.026332665700465,0.0346340957798877,0.1630459992447868,328.8506058040075,6.189378664945252,0.0355711417525589,332.0933489309391,0.1214235279454987,328.85179145048903,3.2427431269316003,0.0011856464815106,0.0169346870000784,0.0,2909,2735,174,15.718390804597702,0,366,0
0_115,342.2586819540011,0.857791182842108,332.1026311984509,9.909608093672432,0.0248361105104572,0.2719603773439303,332.0771134829847,10.181568471016362,0.0255177154662064,335.3199412309332,0.1247470019460317,332.0783198921171,3.242827747948468,0.0012064091324213,0.0173903276267365,0.0,3087,2688,399,6.7368421052631575,0,589,0
0_116,337.9845091319876,4.828350130456966,335.3418268324242,2.607717914856039,0.0372531130693719,0.0732641281792894,335.30352708895225,2.6809820430353284,0.0382997434719332,336.77322255191393,0.2818185962777522,335.3047569596325,1.4696954629616812,0.0012298706803026,0.0173040940010521,0.0,1265,1195,70,17.071428571428573,0,156,0
0_117,347.7349607469514,0.927293228658537,336.78566965438426,10.67218194657471,0.0284591518575325,0.3063853253843263,336.7563934749924,10.978567271959037,0.0292761793918907,340.98300888296217,0.1024280591417729,336.75766311014047,4.226615407969803,0.0012696351480834,0.0180052049706379,0.0,3704,3329,375,8.877333333333333,0,617,0
0_118,348.1021152449539,2.7195477753512023,341.0198641624629,6.920134294778109,0.0540635491779539,0.2178825442679226,340.96409840590786,7.138016839046031,0.0557657565550471,345.7469439829001,0.0939785115474042,340.9653984454776,4.782845576992258,0.0013000395697179,0.0183997754847951,0.0,3807,3679,128,28.7421875,0,396,0
0_119,350.82510438992176,3.8552209273617777,345.7848939373539,4.937803120701574,0.0542615727549623,0.1584096702281385,345.72889159899205,5.096212790929712,0.0560023383618649,349.2870536169503,0.1262331238225335,345.7301775267181,3.5581620179582387,0.001285927726042,0.0169016568458403,0.0,2858,2767,91,30.406593406593405,0,291,0
0_12,45.30290235695429,0.1696737915990797,38.48117942586698,6.66079144529067,0.0249467844392909,0.1865770607255399,38.45553385093808,6.84736850601621,0.0256455749288996,40.80564383498859,0.0212529394973898,38.45675786655477,2.350109984050505,0.0012240156166929,0.016843664876276,0.0,2187,1920,267,7.191011235955056,0,402,0
0_120,354.72876015491784,2.5704982619921584,349.3103839998417,5.3066624320345,0.0384540755944529,0.1512639139546081,349.2708338089287,5.457926345989108,0.0395501909129645,352.49623463395983,0.1180496432129805,349.27191398335106,3.2254008250311017,0.0010801744223145,0.0161777211663623,0.0,3124,2986,138,21.63768115942029,0,339,0
0_121,358.472444520914,2.757480342468569,352.527940190896,5.857536708470434,0.0450579746805418,0.1330490504624322,352.4818587619812,5.990585758932866,0.0460814289148682,356.33771412994247,0.0923872735623392,352.48285846521367,3.85585536796134,0.0009997032325541,0.0164210030074732,0.0,3987,3857,130,29.66923076923077,0,380,0
0_122,361.8001304009231,2.584286645720879,356.36203350321404,5.351270252489485,0.0382233589463534,0.1259496444836259,356.32291050395,5.477219896973111,0.0391229992640936,359.5103102949215,0.1150801249343538,356.3239307983773,3.18739979097154,0.0010202944273276,0.0163558579000112,0.0,3264,3124,140,22.314285714285717,0,343,0
0_123,363.81973201490473,2.842341656366443,359.52962818705873,4.217085613752715,0.032945981357443,0.1067985591944307,359.4958478419576,4.323884172947146,0.0337803451011495,361.7318101939745,0.1781930099477707,359.4969493012443,2.2359623520169407,0.0011014592867078,0.0163118892260172,0.0,2158,2030,128,15.859375,0,263,0
0_124,366.7442166839028,3.395779784110211,361.76176358118687,4.916944471537136,0.0455272636253438,0.1120736134471371,361.7151985989185,5.029018084984273,0.0465649822683729,364.9844893759582,0.1133140296106669,361.7162135913982,3.269290777039714,0.001014992479677,0.016293771369857,0.0,3329,3221,108,29.824074074074076,0,318,0
0_125,370.23449594096746,2.1156256910912425,364.9992249691333,5.144128651241772,0.0293950208642386,0.1212300847982987,364.9691372049274,5.265358736040071,0.0300877642059432,367.3834838469047,0.1565332270331933,364.97016589970457,2.4143466419773176,0.0010286947771526,0.0162914976803585,0.0,2522,2347,175,13.411428571428573,0,328,0
0_126,375.6591907489346,1.2865040779073105,367.39766009270505,8.087831523735076,0.0276980531634762,0.2020892722066491,367.3692699529929,8.289920795941725,0.0283901397121291,370.77289453696,0.1155775855788528,367.3703309332248,3.40362458396703,0.0010609802319099,0.0167338911368996,0.0,3500,3208,292,10.986301369863014,0,504,0
0_127,376.5060062769335,2.768426516742158,370.8005664343655,5.607090740813874,0.0412286083883373,0.1406116191064939,370.7583039170131,5.747702359920368,0.0422625173523556,374.1656050420133,0.1207375298618952,370.7594034010805,3.407301125000231,0.0010994840674411,0.0172088326097068,0.0,3235,3099,136,22.78676470588235,0,342,0
0_128,378.99345684598666,1.857811062970523,374.17254606987336,4.718197908601724,0.0231284211205966,0.1264611964579671,374.14879774092697,4.844659105059691,0.023748328946371,375.6588702299632,0.3170117048354119,374.1500720637025,1.5100724890362471,0.001274322775558,0.0163460128236443,0.0,1389,1185,204,5.8088235294117645,0,289,0
0_129,383.3219834580086,1.5456531591048734,375.6719200047232,7.488542930106632,0.0301957376213977,0.1924924399936571,375.6409480879083,7.68103537010029,0.0309719168149205,379.2223792109871,0.1164687896839641,375.642048036042,3.5814311230788007,0.0010999481336237,0.0165306622863769,0.0,3504,3256,248,13.129032258064516,0,467,0
0_13,45.550787769956514,0.4648039568362909,40.83776326143606,4.631626814021729,0.0472614981022625,0.1299855760298669,40.78917537990492,4.761612390051596,0.0485878815311387,43.897353265900165,0.0165213975407979,40.79034518716348,3.1081778859952465,0.0011698072585604,0.0168717806536362,0.0,2755,2657,98,27.112244897959183,0,282,0
0_130,385.075854586903,3.929345454968398,379.2676646923076,5.724297801498324,0.0584112020561053,0.1437703394331038,379.2077864459716,5.868068140931428,0.0598782463360349,383.48341399396304,0.0987595709487414,379.2088875604573,4.275627547991462,0.0011011144857047,0.0162493938055098,0.0,3981,3883,98,39.62244897959184,0,356,0
0_131,387.2437520798994,5.612228291013035,383.5231620383877,3.692785896244459,0.0535186361774559,0.082518704701215,383.46844747895375,3.775304600945674,0.0547145594339952,386.1316021599341,0.1448355596999002,383.4694464116923,2.663154680980369,0.0009989327385522,0.0161181147821058,0.0,2735,2666,69,38.63768115942029,0,242,0
0_132,389.5201243569609,4.188388433945816,386.15380279962926,3.3267280583968386,0.0357712694451273,0.0761839506449177,386.1172123479191,3.4029120090417564,0.0365904517101264,388.0104497479042,0.2025106731460877,386.1182004676477,1.8932373999850824,0.0009881197285934,0.0162330603124373,0.0,2009,1916,93,20.602150537634408,0,217,0
0_133,394.8932548830053,1.4153880103333525,388.0211689594693,6.726949404110201,0.0241109297638358,0.1698562529636547,387.9964492259314,6.896805657073855,0.0247197335378991,390.3095551689621,0.169921443260323,387.9974562376611,2.3131059430306777,0.0010070117296607,0.0164290312331296,0.0,2576,2297,279,8.232974910394265,0,428,0
0_134,394.17588687490206,5.186524827301343,390.34593373576735,3.791141788242385,0.0498834445821366,0.0898773927474394,390.2948676939122,3.881019180989824,0.0510660418551292,392.9018191309879,0.165293150665119,390.2959644341045,2.6069514370756224,0.0010967401922909,0.0167640492620289,0.0,2453,2377,76,31.276315789473685,0,235,0
0_135,396.9589792439947,5.364310530324253,392.94050805153626,3.972408715402708,0.0536811988567933,0.1011100276373326,392.88546050095465,4.07351874304004,0.0550475505816221,395.7710771979764,0.1453971628207113,392.8865206099543,2.88561669702176,0.0010601089996406,0.0160527303515983,0.0,2796,2722,74,36.78378378378378,0,256,0
0_136,401.3329030199675,3.135413304843496,395.80051733888376,5.4577226374531165,0.0426384581051024,0.1182251356076449,395.7569552469067,5.575947773060761,0.0435620919770372,399.2340429649921,0.1083991428088493,395.75789933806016,3.477087718085386,0.0009440911534307,0.0163973441794951,0.0,3811,3683,128,28.7734375,0,363,0
0_137,401.7731122509576,4.960161879641452,399.2509451092589,2.494385968428105,0.0307948884991124,0.0593082625418901,399.2194180199877,2.5536942309699957,0.0315270892712345,400.4408875029767,0.3620622852648975,399.2205224227752,1.2214694829890504,0.0011044027875127,0.0164472191108758,0.0,1187,1106,81,13.65432098765432,0,155,0
0_138,405.8283779378981,3.828569603187717,400.4755069625131,5.290353021933697,0.0499089907729594,0.1134976770263165,400.424527238938,5.403850698960014,0.0509797235750944,404.1063477179269,0.1062040335658152,400.4254948658708,3.6818204789888114,0.0009676269327171,0.0162455681129358,0.0,3911,3805,106,35.89622641509434,0,352,0
0_139,409.405636460986,3.68833906721609,404.1391051275433,5.203654636978172,0.0468797715043078,0.1107542540412396,404.0912275699666,5.314408891019411,0.0478775575767514,407.608524755924,0.1129735379035266,404.0922024306057,3.517297185957432,0.0009748606391234,0.0161901955410989,0.0,3719,3608,111,32.5045045045045,0,343,0
0_14,49.21812907094136,0.3700611208341455,43.93799966131862,5.193207629374228,0.0390466739050693,0.1269227606244385,43.89799868094269,5.320130389998667,0.0400009803759298,47.06859147490468,0.0151006068254426,43.899015874652655,3.170592793961987,0.0010171937099653,0.0161619368123058,0.0,3250,3117,133,23.43609022556391,0,338,0
0_140,411.5065582279349,3.8821373417729705,407.6308721648485,3.817424656474032,0.0360134401554153,0.0951727024512365,407.5939608690096,3.912597358925268,0.0369112958389176,409.7931615919806,0.1952325686479183,407.59500860637166,2.199200722971,0.0010477373620633,0.0161641192071157,0.0,2205,2099,106,19.80188679245283,0,244,0
0_141,417.3774976439309,1.5458425838664105,409.8071705040164,7.421341683482751,0.0274864506795657,0.1771279365057125,409.7790280239424,7.598469619988464,0.0281424800740313,412.9016175059369,0.1296394403472329,409.7800084288033,3.1225894819945097,0.0009804048609087,0.016577333844422,0.0,3455,3185,270,11.796296296296296,0,475,0
0_142,418.9072769739432,3.843186027283883,412.957406610258,5.8551755712833256,0.0537172070759938,0.1497861846582964,412.9023152180016,6.004961755941622,0.0550913922563451,417.1162338199792,0.1098830963698575,412.90342531247,4.213918601977639,0.0011100944683818,0.0164315885684769,0.0,3905,3796,109,34.825688073394495,0,362,0
0_143,422.1043870350113,4.263680677121326,417.14972637480975,4.887150380411185,0.0493651553576887,0.1180680416291579,417.09916861297097,5.005218422040343,0.0505577618387913,420.4802142549306,0.123779868782729,417.1001639163687,3.381045641959645,0.0009953033976919,0.0164057856573807,0.0,3496,3397,99,34.313131313131315,0,319,0
0_144,421.8771244089585,6.591830068889976,420.4878161864017,1.380686249351129,0.0215732226461113,0.0306744846748188,420.4657636749325,1.4113607340259475,0.0220525114691554,420.8214674049523,1.3150670856404758,420.4668752490888,0.3557037300197407,0.0011115741563116,0.0164946406875969,0.0,384,320,64,5.0,0,85,0
0_145,427.0844612439396,1.889754253291768,420.832991146465,6.124134152079932,0.0270979387260174,0.1551202569389715,420.8052068349207,6.279254409018904,0.0277843115443314,423.3554053439293,0.1660217275858546,420.8062069127674,2.550198509008624,0.00100007784667,0.0165002473451782,0.0,2776,2550,226,11.283185840707963,0,394,0
0_146,427.1670015819837,4.187911780215526,423.37877462652176,3.738142745569348,0.0366484582898955,0.0875914074713364,423.34126742894296,3.8257341530406848,0.0375071975788302,425.4492004159838,0.2198703878118779,423.3423567999957,2.10793298704084,0.0010893710527342,0.0168411879019592,0.0,2037,1935,102,18.97058823529412,0,231,0
0_147,431.83075377496425,2.2608939988218024,425.4660156258042,6.231794600258581,0.0326271968599925,0.1664421707391739,425.4325170039665,6.398236770997755,0.0334986218376845,428.6603958979249,0.1370397685095667,425.4335489345592,3.2278788939584047,0.0010319305926976,0.0165987323405201,0.0,3319,3128,191,16.376963350785342,0,399,0
0_148,433.4361856629839,2.8145206861232723,428.6769629427498,4.664791098213755,0.0302908512871023,0.1255376528715714,428.6458569118986,4.790328751085326,0.0311060308512034,430.8881218929309,0.2125743077912831,428.6469631107052,2.242264981032349,0.0011061988066267,0.0165458686367076,0.0,2181,2027,154,13.162337662337665,0,289,0
0_149,434.8873216479551,3.953521105890501,430.9081158601266,3.90862400829792,0.035532945529981,0.1070882546482607,430.8716093850089,4.015712262946181,0.0365064751176925,433.0993154029129,0.2226731698729629,430.87275473514666,2.227706017903984,0.0011453501377398,0.0162546022276563,0.0,2055,1945,110,17.681818181818183,0,243,0
0_15,53.66468859394081,0.2964899922317172,47.10569888968355,6.452177191851661,0.0356473878002854,0.1432513440959155,47.06926005799323,6.595428535947576,0.0364388316903181,50.70887276891153,0.0137945790992686,47.07025015938358,3.6396127109183,0.0009901013903477,0.0163304741714324,0.0,3857,3676,181,20.30939226519337,0,418,0
0_150,436.9843038578984,4.284159841744102,433.1214108414829,3.806652358267456,0.0373201211594848,0.0944871236570179,433.08316437597387,3.901139481924474,0.0382464655090634,435.343125916901,0.2040033392300379,433.0842234020005,2.259961540927179,0.0010590260266762,0.0160899798136989,0.0,2236,2134,102,20.92156862745098,0,244,0
0_151,440.1020134539576,3.964883004089709,435.3719400641842,4.668466408853419,0.0420582559356163,0.1046076480997726,435.3289393970044,4.773074056953192,0.0430006671797584,438.305850773002,0.1439900955233252,435.3299173573776,2.976911375997588,0.0009779603731923,0.0161816457743748,0.0,3155,3044,111,27.423423423423426,0,307,0
0_152,444.6927642209921,2.814511165955646,438.331903198328,6.249391166260466,0.0395531086472181,0.1519848947646096,438.291388159967,6.401376061025076,0.0405150383609182,442.0413568679942,0.114845766918159,438.2923624308706,3.749968708027154,0.0009742709036183,0.0167810591961893,0.0,4007,3849,158,24.360759493670887,0,406,0
0_153,503.42815034498926,0.1446632615933877,442.0443601862789,59.260202415287495,0.0170287937974964,2.141231833724305,442.0267160959775,61.4014342490118,0.0176440903014401,442.6097351869103,0.8288571819979593,442.0278078920279,0.5830190909327939,0.0010917960504359,0.0174765560799077,0.0,4014,534,3480,0.1534482758620689,0,3515,0
0_154,448.46130925999023,5.038891115280789,442.65943268947353,5.70722064236179,0.0641260746332785,0.1605863437289372,442.5935022738995,5.867806986090727,0.0659304155740531,446.9380774329184,0.1184883556290875,442.59465407007104,4.344575159018859,0.001151796171532,0.0171149643491221,0.0,3861,3772,89,42.38202247191011,0,349,0
0_155,449.30089841992594,4.047755841620955,446.9433405126176,2.3215858411276717,0.0209151877579069,0.0574044107925146,446.92190816800576,2.378990251920186,0.0214323446118935,447.4094035630114,1.1241442300578175,446.92313303080726,0.4874953950056806,0.0012248628015218,0.0170404942064369,0.0,509,398,111,3.5855855855855854,0,139,0
0_156,454.6082926909439,2.7386041728370114,447.4359778477116,7.025475496775471,0.0423221415468401,0.1903079212643206,447.39250927290414,7.215783418039791,0.0434685748074686,451.7596339340089,0.1208883152084583,447.3936778906888,4.367124661104754,0.0011686177846145,0.0171605949212954,0.0,3903,3737,166,22.512048192771083,0,427,0
0_157,457.3372672270052,7.2593217020159555,451.83198623465273,5.436403000843711,0.0862921111245033,0.157672846224159,451.7431913799373,5.59407584706787,0.088794854715363,456.27353583695367,0.1188521843805558,451.74437146445337,4.530344457016327,0.001180084516024,0.0168846252389133,0.0,3902,3839,63,60.93650793650794,0,330,0
0_158,461.3772387609352,2.796225689460213,456.28776071668096,4.983102492406033,0.0302006211660971,0.1374089545570314,456.2567273139721,5.120511446963064,0.031033402708867,458.55963550391607,0.229050766984973,456.25787761776326,2.302908189943992,0.0011503037911808,0.0170763833758731,0.0,2167,2002,165,12.133333333333333,0,302,0
0_159,463.7871390669607,2.0891312570583813,458.566024512719,5.102557882783003,0.022984494967491,0.1421816241927445,458.5423995599849,5.244739506975748,0.0236249527341249,459.92493451200426,0.4077348710212803,458.5436252115381,1.3825349520193413,0.0012256515532086,0.0173973178151189,0.0,1350,1128,222,5.081081081081081,0,303,0
0_16,67.26883768092375,0.0837719024669038,50.730078687970085,16.097347563831136,0.0200465100421309,0.4620333231287077,50.70945679396391,16.559380886959843,0.0206218940061766,53.54324104497209,0.0206650872423666,50.71055049687824,2.8337842510081828,0.0010937029143219,0.0170928974295786,0.0,3394,2591,803,3.2266500622665006,0,975,0
0_160,470.3682960019214,0.9259218425234672,459.9288800280089,10.189039381570185,0.0200571641369491,0.2709671563934535,459.9082894639578,10.460006537963636,0.0205905640511095,461.4623041379964,0.4019706482038296,459.9096431352766,1.5540146740386265,0.0013536713188489,0.0175314800470964,0.0,1656,1148,508,2.25984251968504,0,596,0
0_161,467.0609192079864,4.717787062706933,461.50236177872017,5.431420939858072,0.0548628377763441,0.1838564631761983,461.4456418049522,5.61527740303427,0.0567199737680229,465.2924236729741,0.1577797299670987,461.4469462409875,3.8467818680219352,0.0013044360352736,0.0178635912627508,0.0,3048,2949,99,29.78787878787879,0,319,0
0_162,475.58759501890745,1.5341535323190565,465.3085554262792,9.996483639348298,0.0322467214172525,0.3158214535797015,465.27528992597945,10.312305092928,0.0332655002997677,469.9328987610061,0.1311196704132271,465.276589482016,4.657608835026622,0.0012995560365587,0.0182409556706496,0.0,3894,3584,310,11.561290322580644,0,573,0
0_163,477.8358567679534,2.1621531980450377,469.95125864532815,7.683124045026489,0.0347652671720655,0.2373131599742919,469.9154195629526,7.9204372050007805,0.0358390823755691,473.76717660191935,0.1596788596568653,469.9167177621569,3.8517570389667526,0.0012981992042355,0.0184103174933666,0.0,3188,2967,221,13.425339366515836,0,435,0
0_164,480.8119741149712,3.5353821626100825,473.8010966774232,6.826493092579767,0.0501948021513218,0.2363167704315856,473.7491642519599,7.062809863011353,0.0519324254633187,478.4096827559406,0.1367275458004974,473.75049620923454,4.660518503980711,0.0013319572746443,0.0176639070516958,0.0,3635,3499,136,25.727941176470587,0,390,0
0_165,484.42572972993366,6.055321621624171,478.4681945566277,5.840527441352606,0.0730065930169075,0.1924195695901289,478.3927827189909,6.032947010942735,0.0754118376367841,483.022557085962,0.1250381975371374,478.39398121093166,4.629774366971105,0.0011984919407121,0.0175396580496453,0.0,3943,3863,80,48.2875,0,346,0
0_166,489.50536153896246,2.287408231490479,483.0359738182824,6.322666751220822,0.0295451717346767,0.1770936817629262,483.0056011059787,6.499760432983749,0.0303727123036623,485.7325414489024,0.2121102801086909,483.00679190962194,2.7269403429236263,0.001190803643198,0.0176300004208416,0.0,2504,2290,214,10.700934579439252,0,372,0
0_167,493.25145708292257,2.901479159311309,485.7603225955528,7.301995379268192,0.0429529139956952,0.2334653476718813,485.7159963559825,7.535460726940073,0.0443262395702357,490.206553024007,0.1362063220405687,485.7172440794246,4.49055666802451,0.001247723442074,0.0179112003465621,0.0,3769,3599,170,21.17058823529412,0,424,0
0_168,497.9035601519281,1.9679982614700715,490.2378522327686,7.477000054321252,0.0295533598985029,0.2191273407079279,490.2074327568989,7.69612739502918,0.0304194758696805,493.3704524649074,0.2003941724065424,490.2087174927673,3.1630197080085054,0.0012847358684031,0.0179174216878287,0.0,2715,2462,253,9.731225296442688,0,428,0
0_169,502.70601390697993,1.904189446617348,493.3892478598873,9.070521331159398,0.0343580353453007,0.281669681891799,493.3538228939288,9.352191013051195,0.0354249659585272,497.8466660189442,0.1425269584938288,493.35510913587694,4.492843125015497,0.0012862419481865,0.018406620788014,0.0,3757,3493,264,13.231060606060606,0,513,0
0_17,58.93133249494713,0.5507601167752068,53.57689307632782,5.276440783170983,0.0493125306838409,0.1285122148692608,53.52637949690688,5.404952998040244,0.0505135794209368,57.082410819944926,0.0176835225588429,53.52748111751501,3.5560313230380416,0.0011016206081282,0.0172796418224504,0.0,3335,3228,107,30.16822429906542,0,323,0
0_170,505.4645562799415,2.373073034178129,497.8642837172675,7.370851671672426,0.0346049374256921,0.2652712332783267,497.8284333749907,7.636122904950753,0.0358503422767641,501.701290970901,0.1700106035143683,497.8297457631967,3.872857595910318,0.0013123882060014,0.0176679122490161,0.0,3164,2951,213,13.854460093896714,0,424,0
0_171,506.9009193219245,2.76995037880833,501.71135613239176,5.046800342854112,0.0275781439500224,0.1712769301375374,501.6828420489328,5.21807727299165,0.0285140834589707,503.8865374169545,0.3091328450410764,501.68419400928127,2.2036953680217266,0.0013519603484795,0.0164720322675952,0.0,1813,1630,183,8.907103825136613,0,302,0
0_172,512.650299893925,1.6020321871685157,503.8978343390463,8.522697154199705,0.026633428606874,0.2572055967757478,503.8703971429495,8.779902750975452,0.0274371960967982,507.2256280319998,0.1687377338762474,503.87151332089,3.35523088905029,0.0011161779404691,0.0169520995685161,0.0,3326,3006,320,9.39375,0,525,0
0_173,509.960751931998,5.92977618525579,507.24330990910016,2.6880739701446146,0.031256674071449,0.0613379589049145,507.2113400029484,2.749411929049529,0.0319699061517387,508.5183025219012,0.4287675400690566,507.2124419949543,1.306962518952787,0.0011019920058623,0.0167726675592644,0.0,1272,1186,86,13.790697674418604,0,165,0
0_174,512.7200881339377,4.101760705071501,508.5357875088481,4.096825288957916,0.0327746023116633,0.1212196960113942,508.5020431489684,4.218044984969311,0.0337443598797544,510.5321646259399,0.2961323460707308,508.5032207136302,2.0301214769715443,0.0011775646618164,0.0175033880639821,0.0,1849,1724,125,13.792,0,245,0
0_175,554.390674093971,0.2197347103028026,510.53281091026486,42.33205672819168,0.0167784608514433,1.543196567799896,510.51542079797946,43.87525329599157,0.0173901122853712,510.7662191619165,2.71684159128679,510.5167548318302,0.250798363937065,0.001334033850729,0.0172907074641516,0.0,2711,188,2523,0.0745144669044788,0,2537,0
0_176,513.5275199050084,5.135275199050084,510.7774962269119,2.7013452287064865,0.0270134522870648,0.0764564663404598,510.74971820996143,2.7778016950469464,0.0277780169504694,511.8148367089452,0.6478668819100573,510.751066461226,1.065118498983793,0.0013482512645364,0.0171268319606315,0.0,890,790,100,7.9,0,160,0
0_177,520.5613637889037,2.133448212249605,511.8515692289397,8.494934875052422,0.0348153068649689,0.2507024608785286,511.8157264529728,8.745637335930951,0.0358427759669301,516.2581130668987,0.1347932410096341,511.8168863450391,4.442386613925919,0.0011598920662991,0.0176362734508402,0.0,4074,3830,244,15.69672131147541,0,512,0
0_178,520.8196342939045,2.516036880646882,516.2641889562826,4.460176886990666,0.0215467482463317,0.1173822629498317,516.242075143964,4.577559149940498,0.0221138123185531,517.1321763389278,0.7113234887743162,516.2432994922377,0.8901011949637905,0.0012243482736778,0.0178138065457811,0.0,934,727,207,3.5120772946859904,0,259,0
0_179,527.2257009779569,1.1461428282129498,517.1373513063176,9.81560455134604,0.0213382707637957,0.2947240956127643,517.1153723309981,10.110328646958806,0.0219789753194756,519.151599277975,0.3477237771453282,517.1167361802593,2.036226946976967,0.0013638492612035,0.0175523949999605,0.0,1953,1493,460,3.2456521739130437,0,574,0
0_18,62.930471061961725,0.3535419722582119,57.09858253763615,5.716709372936748,0.0321163447917794,0.1481276741251349,57.06563401489984,5.864837047061883,0.0329485227363027,59.8506001009373,0.0257865575617997,57.0668339141183,2.784966086037457,0.0011998992184564,0.0173026458484518,0.0,2499,2321,178,13.039325842696629,0,340,0
0_180,524.7799856020138,3.522013326188012,519.1903398258099,5.454441915382631,0.0366069927206888,0.1729717376874759,519.1525719489437,5.627413653070107,0.0377678768662423,522.1420194009552,0.2360497375230358,519.1539234170504,2.989447452011518,0.0013514681066959,0.0177044711480442,0.0,2361,2212,149,14.845637583892618,0,319,0
0_181,524.4779559979215,6.4750364938015,522.1543187683816,2.287688591517508,0.0282430690310803,0.0649941033916547,522.1252733030124,2.352682694909163,0.0290454653692489,523.0276594149182,0.7794749022577022,522.126618140735,0.9023861119057984,0.0013448377226613,0.0179048960864612,0.0,752,671,81,8.283950617283951,0,132,0
0_182,531.1658730889903,1.4592469040906328,523.0327727829796,7.9338116904255,0.0217961859627074,0.2216938505880534,523.0103675479768,8.155505541013554,0.0224052350027844,524.864300479996,0.4202276224819824,523.0118518817894,1.8539329320192337,0.0014843338126655,0.0173120126620723,0.0,1613,1249,364,3.431318681318681,0,466,0
0_183,530.6458528869553,6.393323528758497,524.917773390942,5.61344623262994,0.0676318823208426,0.1844878913834691,524.8479187629418,5.797934124013409,0.0698546280001615,529.1776582559105,0.1570260113519022,524.8492035521089,4.329739492968656,0.001284789167053,0.0176890919402982,0.0,3453,3370,83,40.60240963855421,0,333,0
0_184,535.2369023769861,5.097494308352249,529.2185160562341,5.896225989446975,0.0561545332328283,0.1800294305430725,529.1606469569961,6.076255419990048,0.0578690992380004,533.445731901913,0.1483029557692279,529.1618382511148,4.285084944916889,0.0011912941186869,0.0170587664292681,0.0,3702,3597,105,34.25714285714286,0,358,0
0_185,538.6867846199311,4.89715258745392,533.4770499686573,5.105414922581986,0.0464128629325635,0.152115459437482,533.4292542379117,5.257530382019468,0.0477957307456315,536.8144446249353,0.1841558986706467,533.4304155382159,3.385190387023613,0.0011613003042962,0.0170212726817804,0.0,3025,2915,110,26.5,0,311,0
0_186,544.7409525898984,1.448779129228453,536.8191266870838,7.733871744596399,0.0205688078313734,0.2090790272923186,536.7980018180097,7.942950771888718,0.0211248690741721,538.1589907289017,0.4905733734994546,536.7992424642365,1.360988910892047,0.0012406462268842,0.0175052177154166,0.0,1473,1097,376,2.917553191489361,0,455,0
0_187,547.8697039259132,1.7616389193759268,538.1734003346432,9.446022481191903,0.0303730626404884,0.2815595087595284,538.1421219359618,9.727581989951432,0.0312783986815158,542.2487799099181,0.1635742925821774,538.1433607468136,4.106657973956317,0.0012388108518721,0.0180737106623637,0.0,3626,3315,311,10.659163987138264,0,550,0
0_188,545.46198877797,25.97438041799857,542.3852281818178,3.099828840931877,0.1476108971872322,0.130769785027951,542.2313901520101,3.2305986259598285,0.1538380298076108,545.0991182789439,0.265902008916558,542.2327890437793,2.867728126933798,0.0013988917692359,0.0172795475726681,0.0,2071,2050,21,97.61904761904762,0,177,0
0_189,552.1535105309449,2.454015602359755,545.1130670691757,6.862042547785677,0.0304979668790474,0.2098314651520922,545.0816365180071,7.071874012937769,0.0314305511686123,548.1886615209514,0.2261504379211845,545.0829182939984,3.107025002944283,0.0012817759913136,0.0176215511555266,0.0,2649,2424,225,10.773333333333332,0,398,0
0_19,69.67962453095242,0.2191183161350705,59.86498786785798,9.583625406725332,0.0301371868136016,0.2619722553063184,59.83402686892077,9.84559766203165,0.0309609989372064,64.09073079295922,0.0181817676008394,59.83523444450206,4.256703924038447,0.0012075755812875,0.0175751375408591,0.0,3843,3525,318,11.08490566037736,0,564,0
0_190,554.1395253419178,3.5295511168275016,548.2101565393164,5.786772449733689,0.0368584232467113,0.1806051272433251,548.1721477649407,5.967377576977015,0.0380087743756497,551.3624093179824,0.2179298060545385,548.1734087378866,3.190261553041637,0.0012609729458662,0.0176886370951297,0.0,2687,2530,157,16.11464968152866,0,338,0
0_191,556.4098309539258,5.104677348201155,551.3913901821035,4.890639510587789,0.0448682523907136,0.1742683054180815,551.34492313792,5.064907816005871,0.0464670441835401,554.656663978938,0.2084391822543923,551.3461676853988,3.311740841018036,0.0012445474787741,0.0160841006879617,0.0,2770,2661,109,24.412844036697248,0,298,0
0_192,561.5754931619158,2.5182757540893084,554.6734227063714,6.774025369435549,0.0303767953786347,0.1591354935662821,554.642332298914,6.933160863001831,0.0310904074574073,557.8857696019113,0.1683929277397861,554.6433113020238,3.243437302997336,0.0009790031098694,0.0165458455605582,0.0,3536,3313,223,14.856502242152466,0,437,0
0_193,566.431571511901,1.5185833016404853,557.8942059075516,8.336517772404477,0.0223499135989396,0.223797739483416,557.8712560000131,8.560315511887893,0.0229499075385734,560.1145966949407,0.2729603297733629,557.8723492459658,2.2433406949276105,0.0010932459526937,0.0169355893216093,0.0,2425,2052,373,5.501340482573727,0,510,0
0_194,566.3457761789905,3.826660649858044,560.1402934333167,6.09177483827807,0.0411606407991761,0.1559220757335424,560.0980792649789,6.2476969140116125,0.0422141683379163,563.7806415609084,0.1751959731388777,560.0992236286507,3.6825622959295288,0.0011443636718239,0.0173319906627167,0.0,3366,3218,148,21.74324324324324,0,368,0
0_195,570.22726155899,2.218783118906576,563.7891978742696,6.27505224768538,0.024416545710838,0.1881601233035326,563.7640491880011,6.463212370988913,0.0251486862684393,565.9308594089234,0.3250608037960502,563.7652937659568,2.1668102209223434,0.0012445779557279,0.0167175180936442,0.0,1998,1741,257,6.77431906614786,0,381,0
0_196,612.636468562996,0.2385656030229735,565.9316446786535,45.16905679018237,0.0175891965693856,1.5539614158915356,565.9134503569221,46.7230182060739,0.0181943217313371,567.5802602219628,0.3955263137435281,565.9146118968978,1.6668098650407046,0.0011615399756381,0.0175452524692496,0.0,4003,1435,2568,0.5588006230529595,0,2667,0
0_197,577.3115381289972,1.917978531990024,567.6132757920734,9.48228398268111,0.0315026045936249,0.2483058953657746,567.5809482509503,9.730589878046883,0.0323275411230793,571.9305705099832,0.152718443393854,567.5821096988166,4.3496222590329126,0.0011614478662304,0.0178769688339334,0.0,4046,3745,301,12.44186046511628,0,561,0
0_198,578.2036995439557,3.779109147346116,571.9550742399354,6.123432507971302,0.0400224346926228,0.1663021730491891,571.9139648629352,6.289734681020491,0.0411093770001339,575.4208753790008,0.2056543514578273,571.9152182262362,3.5069105160655454,0.0012533633009526,0.0181883932349996,0.0,2951,2798,153,18.287581699346404,0,352,0
0_199,580.0320900219958,5.08800078966663,575.4421681684479,4.494590807007626,0.0394262351491897,0.1359498240053653,575.4015493909828,4.630540631012991,0.0406187774650262,578.0967837889912,0.2976811451024671,575.4029372562753,2.695234398008324,0.0013878652924862,0.0169763704649532,0.0,2056,1942,114,17.035087719298247,0,260,0
0_2,13.291900226962753,0.0999390994508477,7.20905404102803,5.9965826336992905,0.0450870874714232,0.1323457203106954,7.162971872952767,6.128928354009986,0.046082168075263,11.101726080989463,0.0028775858167416,7.163992804577452,3.9387542080366975,0.0010209316246855,0.016467474781754,0.0,3991,3858,133,29.00751879699248,0,383,0
0_20,71.73903156397864,0.3795715955766066,64.13190994885746,7.438359081512317,0.0393563972566789,0.2092259464552626,64.09144653601106,7.64758502796758,0.0404634128463893,68.5437070169719,0.0189871764589949,64.09267984916369,4.452260480960831,0.0012333131526207,0.0169064790846917,0.0,3799,3610,189,19.1005291005291,0,441,0
0_200,580.9140517299529,22.34284814345973,578.1885273039717,2.7496518903644755,0.1057558419370952,0.0848935126559808,578.0795063269325,2.8345454030204564,0.1090209770392483,580.4911752860062,0.2914112325732962,578.0807170041207,2.4116689590737224,0.00121067718829,0.0162644786133359,0.0,2018,1992,26,76.61538461538461,0,167,0
0_201,587.0418239649152,3.646222509098852,580.515611203702,6.402309375698678,0.03976589674347,0.1646922152722254,580.4748223739443,6.567001590970904,0.0407888297575832,584.223966844962,0.1729496645485382,580.4759322450133,3.749144471017644,0.0011098710689809,0.0175022181363556,0.0,3539,3378,161,20.981366459627328,0,388,0
0_202,590.9860298919957,3.1435427121914667,584.2428828915718,6.57776690996252,0.0349881218615027,0.201439700089395,584.2068232819438,6.779206610051915,0.0360596096279357,587.6436342369998,0.2107760524522954,584.2080559974944,3.4368109550559893,0.0012327155505939,0.0177787002925315,0.0,2976,2788,188,14.829787234042554,0,384,0
0_203,591.2446101399837,4.655469371180974,587.6728287176165,3.504625488887541,0.027595476290453,0.0955034050857648,587.6444812460104,3.600128893973306,0.028347471606089,588.9597081179963,0.5540542879755375,587.6457185243472,1.315226871985942,0.0012372783367694,0.0179913545038375,0.0,1190,1063,127,8.37007874015748,0,202,0
0_204,594.4405435170047,3.962936956780031,588.9791561157078,5.33086944615934,0.0355391296410622,0.1671715618576854,588.9425025089877,5.498041008017026,0.0366536067201135,591.8536154729081,0.2693917230190751,588.9438275490259,2.911112963920459,0.0013250400381977,0.0172461869606437,0.0,2347,2197,150,14.646666666666668,0,313,0
0_205,598.8468773579225,3.766332561999513,591.8812363495019,6.807543469360098,0.0428147388010069,0.2021838745567947,591.8371500140056,7.009727343916893,0.0440863354963326,596.0266960019944,0.170050412554064,591.8383453195656,4.189545987988822,0.0011953055600538,0.0177369896599249,0.0,3664,3505,159,22.044025157232703,0,402,0
0_206,607.124043371994,1.6679231960769068,596.0401386337417,10.788478100090288,0.0296386760991491,0.3259608109947294,596.009604460909,11.114438911085015,0.0305341728326511,600.2973736679414,0.1717097750766422,596.0108309395151,4.287769207032397,0.0012264786061305,0.0187545870990456,0.0,3860,3496,364,9.604395604395604,0,608,0
0_207,605.2628600649768,3.6461618076203424,600.3103516583719,4.842077593668364,0.0291691421305323,0.140446015400812,600.2803364559077,4.982523609069176,0.0300152024642721,602.0895163599635,0.4234103490576396,600.2816087343213,1.8091799040557817,0.0012722784135413,0.0191165283434541,0.0,1588,1422,166,8.566265060240964,0,267,0
0_208,608.5448254569201,2.1352450016032285,602.0945249387042,6.315315177780576,0.0221590006237914,0.1576976662036031,602.0718126129359,6.473012843984179,0.0227123257683655,603.1522732309531,0.8128736835996673,602.0732687593214,1.0804606180172414,0.0014561463854679,0.0189212358805857,0.0,1027,742,285,2.6035087719298247,0,342,0
0_209,610.947320684907,4.559308363320202,603.2115347123012,7.514546275604516,0.0560787035492874,0.2794035013066605,603.1533709079958,7.793949776911177,0.0581638043053072,608.5442307079211,0.1662689154939675,603.1548438205095,5.390859799925238,0.0014729125136407,0.0179335072909398,0.0,3794,3660,134,27.31343283582089,0,417,0
0_21,73.2126019729767,2.614735784749168,68.69390391237019,4.573256174684502,0.1633305776673036,0.1128010733518749,68.52654472494032,4.686057248036377,0.1673591874298706,72.77970897697378,0.018519009917805,68.5276269550299,4.253164252033457,0.0010822300895759,0.0154604641429614,0.0,3958,3930,28,140.35714285714286,0,289,0
0_210,617.922701281961,1.4303766233378727,608.5480047061272,9.100332999252714,0.0210655856464183,0.2961146127199754,608.5262536699884,9.39644761197269,0.0217510361388256,610.3684008358978,0.4292323493923332,608.5275491321304,1.8421471659094093,0.0012954621419897,0.0174868065881094,0.0,1854,1422,432,3.2916666666666665,0,534,0
0_211,618.8846538199577,2.0358047823024927,610.3786045099976,8.27302126493305,0.0272138857399113,0.2611008150270208,610.3505317399977,8.53412207996007,0.0280727699998686,613.587406228995,0.2350909602409942,610.3517719217942,3.236874488997273,0.0012401817965506,0.0174251565492197,0.0,2914,2610,304,8.585526315789474,0,488,0
0_212,618.5874676319072,4.208078011101409,613.6057739525259,4.883797573740594,0.0332231127465346,0.1320172952255234,613.5716527629411,5.0158148689661175,0.0341211895848035,615.9647415699437,0.3163660716846141,613.572881878918,2.3930888070026413,0.0012291159768888,0.017841673890908,0.0,2094,1947,147,13.244897959183673,0,286,0
0_213,620.6915128689725,15.517287821724311,616.0836651367775,4.591709222877398,0.1147927305719349,0.1342884511686861,615.9655151949264,4.725997674046084,0.1181499418511521,620.060041003977,0.1758536701656202,615.9666764331025,4.094525809050538,0.0011612381761345,0.0157867966248886,0.0,3566,3526,40,88.15,0,286,0
0_214,622.7181593879359,8.193659991946525,620.0805899603522,2.616113448748365,0.0344225453782679,0.0566235712030902,620.0454223679844,2.6727370199514557,0.0351675923677823,621.5021287999116,0.401746689592703,620.0463640011014,1.4567064319271594,0.0009416331169535,0.0160004024740038,0.0,1623,1547,76,20.355263157894736,0,175,0
0_215,627.6468841049355,2.582908988086154,621.5135297763043,6.009693748434074,0.0247312499935558,0.1490050195716321,621.4881853369297,6.158698768005706,0.025344439374509,623.6487145189894,0.2829622116692329,621.4891656133282,2.1605291820596904,0.0009802763983936,0.0164533727816708,0.0,2447,2204,243,9.069958847736626,0,386,0
0_216,628.686770612956,5.195758434817819,623.6764617369536,4.927241917699575,0.040721007584294,0.1248195322696119,623.6347091629868,5.052061449969187,0.0417525739666875,626.6610627799528,0.2251746542507915,623.6357966058963,3.026353616965934,0.0010874429094379,0.0167413870496136,0.0,2904,2783,121,23.0,0,306,0
0_217,630.8815493299626,5.213897101900518,626.6795357666209,4.1235060293693095,0.0340785622261926,0.1135243136668577,626.6445189869264,4.237030343036167,0.0350167796945137,628.8967878469266,0.3166650492683417,626.645653059867,2.2522688600001857,0.0011340729405841,0.0164029874631072,0.0,2107,1986,121,16.41322314049587,0,256,0
0_218,634.9137872409774,3.895176608840352,628.9196940651727,5.897206044872291,0.0361791781894005,0.1338877060916274,628.8826934900135,6.031093750963919,0.0370005751592878,632.2319543199847,0.1894611789990964,628.8836971642208,3.349260829971172,0.0010036742073632,0.0164529627054769,0.0,3500,3337,163,20.47239263803681,0,379,0
0_219,638.3489395859651,3.22398454336346,632.248301025349,5.97660733689554,0.0301848855398764,0.1549989321501925,632.2173333169194,6.131606269045733,0.0309677084295239,635.0847005039686,0.2429551264361012,632.2184302439229,2.86736718704924,0.0010969270034618,0.0164860559696792,0.0,2812,2614,198,13.202020202020202,0,372,0
0_22,75.06936545600183,0.7218208216923253,72.78694889599305,2.2518745402339846,0.0216526398099421,0.0527014038525521,72.7647895119153,2.3045759440865368,0.0221593840777551,73.40033002896234,0.118578885345658,72.76581623326756,0.6355405170470476,0.0010267213522569,0.0160484175676873,0.0,723,619,104,5.951923076923077,0,145,0
0_220,639.8848055809503,4.128289068264196,635.101424394714,4.700516329263337,0.0303259118016989,0.1139257737668231,635.0703634779202,4.81444210303016,0.0310609167937429,637.3491942159599,0.3062706363363575,635.0714585431475,2.2788307380396877,0.0010950652273136,0.0163587829999385,0.0,2236,2081,155,13.425806451612903,0,293,0
0_221,643.5755622289144,4.04764504546487,637.3890983467005,6.075062371906824,0.0382079394459548,0.1505563450045883,637.3499435120029,6.225618716911413,0.039154834697556,640.9853688459843,0.1834006777813975,637.3509836909254,3.635425333981402,0.0010401789224553,0.0162905244209434,0.0,3654,3495,159,21.9811320754717,0,390,0
0_222,645.4141411369201,4.577405256290214,641.0023803519505,4.332124657579698,0.030724288351629,0.1111487044254317,640.970867774915,4.4432733620051295,0.0315125770354973,643.1203183829784,0.3276211504752819,640.9719627573949,2.149450608063489,0.00109498247991,0.0162682464818556,0.0,2104,1963,141,13.921985815602836,0,272,0
0_223,646.4984492909862,11.972193505388631,643.1666431752943,3.306124517112039,0.0612245280946673,0.0885458649136126,643.1037789089605,3.394670382025652,0.0628642663338083,645.638376220013,0.2775745383577012,643.1048685896617,2.5345973110524938,0.0010896807012263,0.0159272790920955,0.0,2380,2326,54,43.07407407407408,0,210,0
0_224,650.7974916339153,4.042220444931151,645.6563742694926,5.063299396424554,0.0314490645740655,0.1099499515257775,645.624242285965,5.173249347950332,0.0321319835276418,648.1924635459436,0.2339200518029388,645.6251691070621,2.5682212599786,0.0009268210970691,0.0161802986830542,0.0,2932,2771,161,17.211180124223603,0,337,0
0_225,654.7380662480136,3.4279479908272967,648.2124086363133,6.400223722215742,0.0335090247236426,0.159779455862008,648.1780630699359,6.56000317807775,0.0343455663773704,651.5869704049546,0.1976302609660159,648.179097012106,3.408907335018739,0.0010339421701603,0.0164978839950733,0.0,3488,3297,191,17.26178010471204,0,407,0
0_226,657.403118217946,2.694275074663713,651.6110253272169,5.677804738050327,0.0232696915493865,0.1381239258917048,651.587189554004,5.815928663942032,0.0238357732128771,653.3750649709255,0.3971884893440276,651.5882764083608,1.7878754169214517,0.0010868543567911,0.0165084149468056,0.0,1889,1645,244,6.741803278688525,0,353,0
0_227,660.0290841159876,4.04925818476066,653.3996863990545,6.495742005528882,0.0398511779480299,0.1745779195334762,653.3587641909253,6.670319925062358,0.0409222081292169,657.3692515279399,0.1861708443862758,653.3598999845636,4.010487337014638,0.0011357936383502,0.016317991337716,0.0,3694,3531,163,21.66257668711657,0,404,0
0_228,663.6038892529905,4.309116163980458,657.3933409360168,6.105620850226842,0.0396468886378366,0.1455192858120426,657.3527491169516,6.2511401360388845,0.0405918190651875,661.0917240179842,0.1825211827769144,657.3537814126173,3.738974901032634,0.0010322956656633,0.0163127612662743,0.0,3776,3622,154,23.51948051948052,0,391,0
0_229,668.4027739329031,2.413006404089902,661.1036331890825,7.099548547994345,0.0256301391624344,0.2260383579414338,661.0771870269673,7.325586905935779,0.0264461621152916,663.6621660919627,0.2810936747530549,661.0782818931532,2.584979064995423,0.0010948661859362,0.0171141077290265,0.0,2638,2361,277,8.52346570397112,0,434,0
0_23,79.24774693895597,0.5248195161520263,73.42555966578186,5.735046753892675,0.0379804420787594,0.1259551011025905,73.3867450839607,5.861001854995266,0.0388145818211607,76.78765689197462,0.0218705943867771,73.38771372873656,3.400911808013916,0.0009686447758513,0.0162919870661016,0.0,3662,3511,151,23.251655629139076,0,377,0
0_230,699.1508274399675,0.3413822399609216,663.6648765310613,34.33367282152176,0.0167644886823836,1.1696136764949188,663.6475409419509,35.50328649801668,0.0173355891103597,663.662373219966,663.662373219966,663.662373219966,0.014832278015092,0.014832278015092,0.0173283467871101,0.0,2049,1,2048,0.00048828125,0,2048,0
0_231,669.2812608629465,3.598286348725519,663.6778492443551,5.486549490480684,0.0294975779058101,0.1471508395625278,663.6475605329033,5.633700330043212,0.0302887114518452,666.0619141259231,0.3326982588041574,663.648766503729,2.4143535930197686,0.0012059708256842,0.0173083157904486,0.0,2188,2002,186,10.763440860215054,0,329,0
0_232,678.6260896399617,1.5013851540707115,666.0731895153812,12.21742286661174,0.0270296966075481,0.3633107393980026,666.045356033952,12.580733606009744,0.027833481429225,670.4830154919764,0.1874428335174661,666.0465966432497,4.437659458024427,0.0012406092977423,0.018015650769879,0.0,4029,3577,452,7.913716814159292,0,711,0
0_233,678.7537295270013,3.0033350864026604,670.5033807537587,8.054855311405845,0.0356409527053356,0.2321616786066442,670.4667125369888,8.28701699001249,0.0366682167699667,674.5006422059378,0.2069655238434911,670.4679503184153,4.033929668948986,0.0012377814264955,0.0188189704471836,0.0,3485,3259,226,14.420353982300885,0,459,0
0_234,682.1744123069802,3.667604367241829,674.5242768077771,7.439195632236078,0.0399956754421294,0.2522919507464394,674.4829247239977,7.691487582982518,0.0413520837794759,678.9870604620082,0.216169073690547,674.4843587054488,4.504135738010518,0.0014339814511335,0.0171363002417849,0.0,3327,3141,186,16.887096774193548,0,425,0
0_235,685.1096172259422,7.528677112372991,679.0379742210345,5.95551552856341,0.0654452255886089,0.1835901763988658,678.9705115209799,6.139105704962276,0.0674627000545305,683.5585975229042,0.1776861444041861,678.9717041609596,4.588086001924239,0.0011926399797047,0.0170441725608575,0.0,3938,3847,91,42.27472527472528,0,360,0
0_236,687.062712078914,5.496501696631312,683.5698821879328,3.4255868375767022,0.0274046947006136,0.0954110363963991,683.541714204941,3.5209978739731014,0.0281679829917848,684.9682555199834,0.5945904995833189,683.5429525220547,1.4265413150424138,0.001238317113752,0.0167556524714455,0.0,1277,1152,125,9.216,0,207,0
0_237,696.2183957359521,1.758127261959475,684.979674708303,10.958732967847029,0.0276735681006238,0.3084405180998146,684.9512222500052,11.267173485946842,0.0284524582978455,689.0984045389341,0.1921099538720195,684.9523784201443,4.147182288928889,0.0011561701390936,0.0179797757500453,0.0,3983,3587,396,9.058080808080808,0,644,0
0_238,695.1926235109568,5.793271862591307,689.1328366089078,5.924967918661423,0.0493747326555118,0.1857415623962879,689.081914029899,6.110709481057711,0.0509225790088142,692.9532756409608,0.2255707277477086,689.0831742387568,3.8713616110617295,0.0012602088577674,0.0186612322499665,0.0,3192,3072,120,25.6,0,339,0
0_239,696.3218182689743,20.480053478499244,693.0532763449078,3.24576056515798,0.0954635460340582,0.1218280838802456,692.9542296199361,3.3675886490382254,0.0990467249717125,695.7249051339459,0.3556875793118332,692.9556461207101,2.770675514009781,0.0014165007740336,0.0175562686773071,0.0,1990,1956,34,57.52941176470589,0,182,0
0_24,83.80828387395013,0.2694800124564313,76.79579806491812,6.853169071371667,0.0220359134127706,0.181937659624964,76.7731771429535,7.035106730996631,0.0226209219646193,78.60514678794425,0.0467887778499668,76.77426760107552,1.8319696449907497,0.0010904581220183,0.0167303443279931,0.0,1991,1680,311,5.401929260450161,0,423,0
0_240,702.6000821529888,4.3104299518588265,695.7495754463426,6.703291867626831,0.0411244899854406,0.1895019174553454,695.7072883679066,6.892793785082176,0.0422870784360869,699.9317170319846,0.1797000557206635,695.7083729452273,4.224428664078005,0.0010845773206875,0.0163703381656697,0.0,4058,3895,163,23.895705521472397,0,423,0
0_241,707.5512513029389,2.40663690919367,699.9428540192082,7.443943853373639,0.0253195369162368,0.1904206565814092,699.9168867929839,7.634364509955049,0.0259672262243369,702.7145678349771,0.2739627944775739,699.9179775068404,2.797681041993201,0.0010907138565275,0.0164513043127954,0.0,2859,2565,294,8.724489795918368,0,464,0
0_242,707.1622025289107,11.985800042862891,702.7758494845623,4.357895768946037,0.0738626401516277,0.1040840520290657,702.7002227079356,4.461979820975103,0.0756267766266966,706.1597272169311,0.2233269219534886,702.7013167953831,3.459504508995451,0.0010940874475001,0.0169911069827059,0.0,3221,3162,59,53.59322033898305,0,270,0
0_243,711.5009360379772,5.83197488555719,706.1868472501233,5.238841003039852,0.0429413196970479,0.119165873969905,706.1429291609675,5.358006877009757,0.0439180891558176,709.5250375899486,0.2063172543151929,706.143912617911,3.382108428981155,0.0009834569435827,0.0161958889182672,0.0,3561,3439,122,28.188524590163933,0,346,0
0_244,715.949653095915,3.425596426296244,709.5413630417828,6.291327815037221,0.0301020469619005,0.1477713258937001,709.5105539549841,6.439099140930921,0.0308090867987125,712.5363133699866,0.2378292100700889,709.5115638880332,3.02575941500254,0.0010099330490662,0.0163317690235807,0.0,3205,2996,209,14.334928229665072,0,404,0
0_245,717.9719031169079,8.446728271963623,712.5856788316522,5.325929295737296,0.0626579917145564,0.1244167071999982,712.5215571139706,5.450346002937295,0.0641217176816152,716.6072520340094,0.1853614205985539,712.5226139414202,4.085694920038804,0.0010568274495703,0.0160547186223351,0.0,3951,3866,85,45.48235294117647,0,339,0
0_246,720.1517305219313,7.501580526270118,716.6296647742141,3.480437823338434,0.0362545606597753,0.0787023006705567,716.5925903979223,3.559140124008991,0.0370743762917603,718.6142618809827,0.3578756284267842,716.5935972064299,2.021671483060345,0.0010068085075001,0.016015298343215,0.0,2104,2008,96,20.916666666666668,0,227,0
0_247,725.7989979019621,2.728567661285572,718.6272548782342,7.029891773825511,0.0264281645632538,0.1689144311239943,718.6001916970126,7.198806204949506,0.0270631812216146,721.4004106409848,0.2517977000492093,718.6011690858238,2.800218943972141,0.0009773888111595,0.0165360423345013,0.0,3131,2865,266,10.770676691729324,0,451,0
0_248,733.2414853969822,1.5469229649725362,721.4110650284692,11.530368389328942,0.024325671707445,0.3250634387368336,721.3860535689164,11.855431828065775,0.0250114595528813,725.1042333209189,0.2145278796807452,721.3871536220975,3.71817975200247,0.0011000531810658,0.0171671984727073,0.0,3854,3380,474,7.1308016877637135,0,699,0
0_249,731.6516151499236,6.09709679291603,725.14194262143,6.396923203137703,0.0533076933594808,0.1674524558475241,725.0872394909384,6.564375658985227,0.0547031304915435,729.5053552149329,0.1876299781931412,725.0883758375752,4.4181157239945605,0.0011363466368298,0.0178854994582555,0.0,4008,3888,120,32.4,0,382,0
0_25,84.5907425279729,0.4229537126398645,78.61866773110873,5.857767483685166,0.0292888374184258,0.1443177392939105,78.58865730499383,6.002085222979076,0.0300104261148953,81.20953928993549,0.0348239876886515,78.58978118234586,2.6208819849416614,0.0011238773520333,0.016906016190187,0.0,2532,2332,200,11.66,0,358,0
0_250,738.7369372539688,1.5818778099656718,729.507951821751,9.004922020016238,0.0192824882655593,0.2438681019702926,729.4881471319823,9.24879012198653,0.0198046897687077,730.8363963799784,0.6947114034030213,729.4894287377313,1.3482492479961363,0.0012816057490457,0.0169176464111143,0.0,1519,1052,467,2.252676659528908,0,542,0
0_251,737.6279792030109,5.996975440674886,730.8740529204214,6.6245253920787945,0.0538579300169007,0.184760942007415,730.8186928689247,6.8092863340862095,0.0553600514966358,735.5230078299064,0.1860670396736419,730.8198829308931,4.704314960981719,0.0011900619683738,0.0171135883992234,0.0,4076,3953,123,32.13821138211382,0,399,0
0_252,742.5407697469927,3.9081093144578567,735.5435130123392,6.847011237288825,0.0360369012488885,0.187268019770272,735.5064904899336,7.034279257059097,0.0370225224055741,739.406227141968,0.2125952349459367,735.5076117483155,3.899736652034335,0.0011212583818385,0.016497592658025,0.0,3668,3478,190,18.305263157894736,0,427,0
0_253,744.6798102830071,4.773588527455174,739.4255290744454,5.141099508851767,0.0329557660823831,0.1470802881522104,739.3916304860031,5.288179797003977,0.0338985884423331,742.0480885059806,0.306378236377366,739.3927272894796,2.6564580199774355,0.0010968034764564,0.0168700113911957,0.0,2578,2422,156,15.525641025641026,0,317,0
0_254,798.1103243730031,0.2576211505400268,742.0491902885561,53.78160166088492,0.0173601038285619,2.297634178190492,742.0310885339277,56.07923583907541,0.0181017546284943,742.0483236559667,742.0483236559667,742.0483236559667,0.0172351220389828,0.0172351220389828,0.0180961913224778,0.0,3099,1,3098,0.0003227888960619,0,3098,0
0_255,749.3082362879068,4.117078221362125,742.0710839330638,7.072740556788631,0.0388612118504869,0.2043960652081295,742.03109966591,7.27713662199676,0.0399842671538283,746.1764475659002,0.2117413301832861,742.0322759848374,4.145347899990156,0.0011763189273524,0.0172076303406956,0.0,3706,3524,182,19.36263736263736,0,429,0
0_256,752.0605260389857,2.881457954172359,746.1828914418517,5.748218090971932,0.0220238241033407,0.1520227930741384,746.1602851549396,5.90024088404607,0.0226062869120539,747.5767087659333,0.6444626799706321,746.1615062097767,1.416423610993661,0.0012210548370635,0.017179376525105,0.0,1421,1160,261,4.444444444444445,0,344,0
0_257,755.9389441789826,2.976137575507805,747.5928547158934,8.119101049029268,0.0319649647599577,0.2599769099615514,747.5598662199918,8.37907795899082,0.0329884959015386,751.4597844230011,0.2450146020290189,747.5611377942347,3.899918203009293,0.0012715742429114,0.0176344872282737,0.0,3321,3067,254,12.0748031496063,0,480,0
0_258,799.1655473329592,0.3085581263833819,751.4613242730674,46.24616092909128,0.0178556605903827,1.4764878639252856,751.4428985399427,47.72264879301656,0.0184257331247168,751.6141600399278,6.4794324141373085,751.4443749321839,0.1712614999851212,0.001476392241251,0.0183596089934484,0.0,2706,116,2590,0.0447876447876447,0,2599,0
0_259,757.8960841399385,6.827892649909356,751.6541121746068,6.085961813456379,0.0548284848059133,0.2127553515601903,751.5973669749219,6.298717165016569,0.0567451996848339,755.9741621079156,0.2378773323184127,751.5987441917667,4.3767951329937205,0.001377216844869,0.0173146129011067,0.0,3289,3178,111,28.63063063063063,0,357,0
0_26,87.19377546699252,0.577442221635712,81.23297365073235,5.846273738658056,0.0387170446268745,0.1542667563771829,81.19323497195728,6.000540495035239,0.0397386787750678,84.40538660099264,0.0316480639673763,81.19443937826738,3.212151629035361,0.0012044063100994,0.0184661514304627,0.0,2818,2667,151,17.662251655629138,0,339,0
0_260,760.4885659039719,10.86412237005674,756.022212091361,4.381444665021263,0.0625920666431609,0.1496389129897579,755.9574823259609,4.531083578011021,0.0647297654001574,759.2911331579089,0.2931625996748683,755.9587694498342,3.3336508319480345,0.001287123873339,0.017106182086614,0.0,2660,2590,70,37.0,0,263,0
0_261,767.5823946099263,4.039907340052244,759.3181248549372,8.058284582570195,0.0424120241187905,0.2497114674188196,759.2743985599373,8.307996049989015,0.0437262949999421,764.1244264009874,0.1960801710035893,759.2756431141689,4.850027841050178,0.0012445542317295,0.0181998326786254,0.0,4087,3897,190,20.510526315789477,0,474,0
0_262,770.4423697309103,3.910874973253352,764.1390907108361,6.145889755920507,0.0311974099285304,0.1895488509908318,764.106931123999,6.335438606911339,0.0321595868371133,766.8991096799728,0.3832579258770479,764.1083265155811,2.792178555973805,0.0013953915821958,0.0179860916291245,0.0,2198,2001,197,10.157360406091373,0,350,0
0_263,773.7938221719814,4.137934877925034,766.9178068890519,6.687626527389512,0.0357627087026177,0.2253565796418115,766.8808390649501,6.912983107031323,0.0369678241017717,770.4233242009068,0.3092827475716205,766.8822611786137,3.542485135956668,0.0014221136635715,0.0180240533212548,0.0,2678,2491,187,13.320855614973262,0,382,0
0_264,776.7073027109727,4.045350534952983,770.4383764972221,6.106759303831495,0.031806038040789,0.1949885131325572,770.4055548940087,6.301747816964053,0.0328216032133544,773.231078449986,0.3816540367472784,770.4069495255762,2.82552355597727,0.0013946315676097,0.0181053346926394,0.0,2218,2026,192,10.552083333333334,0,348,0
0_265,779.4388701089192,5.607473885675677,773.2576182997491,6.005176587728784,0.0432027092642358,0.2208669012179598,773.2128266199725,6.226043488946743,0.0447916797765952,776.9015627659392,0.2977775250156915,773.2142404705459,3.6887361459666863,0.001413850573387,0.018254009661727,0.0,2748,2609,139,18.769784172661872,0,341,0
0_266,811.1570639979327,0.4637833413367254,776.9040154784526,33.259184986003675,0.0190161149148105,1.0134590989910066,776.884419912938,34.27264408499468,0.0195955655145767,778.2730820599245,0.7813986767669925,776.8858141520415,1.3886621469864622,0.0013942391034,0.0188015905877691,0.0,2745,996,1749,0.5694682675814752,0,1825,0
0_267,785.134535309975,6.182161695354134,778.3280941591586,6.608037377824076,0.0520317903765675,0.2524231472052634,778.2740747849457,6.860460525029339,0.0540193742128294,782.6827473709127,0.2562811877442412,778.2755183581565,4.408672585966997,0.0014435732108601,0.0193054168430105,0.0,3181,3054,127,24.04724409448819,0,366,0
0_268,792.0823020419339,3.584082814669384,782.7071228966636,9.087798486929389,0.0411212601218524,0.3299951090011745,782.6645084460033,9.41779359593056,0.0426144506603192,787.6692618319066,0.2405831587757808,782.6660370817351,5.004753385903314,0.0015286357317969,0.0199685077376798,0.0,3495,3274,221,14.81447963800905,0,483,0
0_269,796.3502017349238,7.1102696583475336,787.7284162520258,8.32315031660255,0.0743138421125227,0.3763089093845337,787.6507425089367,8.699459225987084,0.0776737430891704,794.0872902279953,0.2000723835293512,787.6523642140813,6.436547719058581,0.0016217051446355,0.0202045670261473,0.0,4081,3969,112,35.4375,0,434,0
0_27,90.754962457926,0.480184986549873,84.42262946922276,6.215968935401179,0.0328887245259321,0.1500466755824163,84.38894684694242,6.366015610983595,0.0336826222803364,87.65714959800243,0.0315881620172981,84.39012457766351,3.2682027510600165,0.0011777307211027,0.0163905442323998,0.0,2964,2775,189,14.682539682539682,0,372,0
0_270,802.0266818479868,3.80107432155444,794.1058999848495,7.644145367550664,0.0362281770973965,0.3143545044586062,794.0681819759775,7.95849987200927,0.0377180088720818,798.3072414729977,0.2992156077484998,794.0697708288625,4.239059497020207,0.0015888528849401,0.0176276795023178,0.0,2879,2668,211,12.644549763033176,0,424,0
0_271,811.1179401269183,1.70761671605667,798.3166295742342,12.474889595294371,0.0262629254637776,0.3534279416780919,798.2896225899458,12.828317536972463,0.027006984288363,802.4434780889424,0.2453955590486062,798.2908928821473,4.153855498996563,0.001270292201528,0.0182620253431071,0.0,3745,3270,475,6.88421052631579,0,710,0
0_272,809.7579885479063,4.998506102147569,802.4720913935827,7.128631242201664,0.0440038965568003,0.2025199317140504,802.4268373739906,7.331151173915714,0.0452540195920723,806.6758539439179,0.2407269035941265,802.4281053586429,4.249016569927335,0.0012679846523208,0.0190255222468418,0.0,3513,3351,162,20.685185185185187,0,401,0
0_273,812.7220280639594,11.28780594533277,806.760702257216,5.8334513931768015,0.0810201582385666,0.2118367488728836,806.6767399219098,6.045288142049685,0.0839623353062456,811.5669129999587,0.2259373365812802,806.6781013286687,4.890173078048974,0.0013614067589223,0.0160432647777876,0.0,3664,3592,72,49.888888888888886,0,336,0
0_274,816.7307213780005,3.798747541293025,811.5763182418779,5.059796487679705,0.0235339371519986,0.11869264440611,811.5522322459146,5.178489132085815,0.0240859959631898,813.2278296248987,0.4869627722304783,811.5532355976386,1.6755973789840937,0.0010033517239425,0.0162925197818684,0.0,1885,1670,215,7.767441860465116,0,323,0
0_275,819.6173037890112,5.090790706764045,813.2536220060717,6.247757913195528,0.0388059497714008,0.1556968808872625,813.2138489949284,6.403454794082791,0.0397730111433713,816.9769721749472,0.2351689614781079,813.2149322197931,3.763123180018738,0.0010832248647146,0.0163995752426338,0.0,3635,3474,161,21.577639751552795,0,392,0
0_276,824.0971610409906,4.120485805204953,816.9980005274329,6.969013880938292,0.0348450694046914,0.1658208060543984,816.9623263539979,7.13483468699269,0.0356741734349634,820.7954989989521,0.2201114237058064,816.9633542898105,3.833172644954175,0.0010279358125379,0.0165083102101925,0.0,3929,3729,200,18.645,0,443,0
0_277,826.0943832359044,7.442291740864004,820.8286725124711,5.182852303725667,0.0466923630966276,0.1307285171933472,820.7808024149854,5.313580820919015,0.0478700974857568,824.2993572569685,0.2570312931889518,820.7818995633614,3.518554841983132,0.0010971483760471,0.0161714052156385,0.0,3318,3207,111,28.89189189189189,0,324,0
0_278,826.4343974899966,165.28687949799934,824.7146532075946,2.0987551213474944,0.4197510242694989,0.0509252316551283,824.284717136994,2.1496803530026227,0.4299360706005245,826.3697155339178,0.4179917630419412,824.2857717644077,2.084998396923765,0.0010546274137196,0.0129363912157714,0.0,1982,1977,5,395.4,0,135,0
0_279,832.4673652499914,2.747417047029675,826.3758910064441,5.95497032313142,0.0196533674030739,0.1566743649309501,826.355720561929,6.11164468806237,0.0201704445150573,827.4528701920062,0.6479662256789399,826.356579723738,1.0971496300771832,0.0008591618089876,0.0165494886402151,0.0,1580,1277,303,4.214521452145214,0,383,0
0_28,90.83782290993258,1.1645874732042638,87.68371139614669,3.12095752323512,0.0400122759389117,0.0741164777427911,87.64274890895467,3.195074000977911,0.0409624871920245,89.53847257001325,0.0513703227596174,87.64383653010273,1.8957236610585824,0.0010876211480542,0.0166583376912734,0.0,1821,1743,78,22.346153846153847,0,194,0
0_280,833.6000754470006,4.007692670418272,827.4686441499731,6.005545594263822,0.0288728153570376,0.1555061438120901,827.4390237089247,6.161051738075912,0.0296204410484418,830.0809123539366,0.3428669609062109,827.4401149475224,2.641888645011932,0.0010912385976918,0.0169190533320383,0.0,2629,2421,208,11.639423076923077,0,370,0
0_281,833.5343551939586,7.647104176091363,830.0966689432597,3.379099672078155,0.0310009144227353,0.0904170068679377,830.0648385150125,3.4695166789460927,0.0318304282472118,831.6777741139522,0.6206550553089195,830.0660421982953,1.6129355989396572,0.0012036832827907,0.0170328539450131,0.0,1449,1340,109,12.293577981651376,0,204,0
0_282,838.1227456229972,3.809648843740896,831.690377527758,6.298142765765078,0.0286279216625685,0.1635968732880428,831.661005983944,6.461739639053121,0.0293715438138778,834.5436359859305,0.3206083887767693,831.6621134099917,2.8826300019863997,0.0011074260476321,0.016268680168485,0.0,2823,2603,220,11.831818181818182,0,400,0
0_283,839.9312545309076,10.499140681636344,834.5968383237007,5.278057392919436,0.0659757174114929,0.1238830700749531,834.5293140679132,5.401940462994389,0.0675242557874298,838.6408080689143,0.216703051180598,834.5303764694638,4.11149400100112,0.0010624015506462,0.0161305807749158,0.0,3950,3870,80,48.375,0,335,0
0_284,843.1638434319757,10.158600523276816,838.6807417407581,4.447418023715727,0.053583349683322,0.0903556393459439,838.626069768914,4.537773663061671,0.0546719718441165,841.8331997449277,0.2493581752798956,838.6270197481723,3.2071299760136758,0.0009499792582978,0.0160318516511806,0.0,3459,3376,83,40.67469879518072,0,299,0
0_285,845.7599192879861,7.904298311102674,841.8554601877607,3.8542578757042074,0.0360211016420953,0.087035744334571,841.8186256679473,3.9412936200387776,0.0368345198134465,844.0466215799097,0.3756326753804671,841.8196172104093,2.2279959119623527,0.0009915424619325,0.0160121281128637,0.0,2354,2247,107,21.0,0,253,0
0_286,853.4802313249093,1.8924173643567832,844.0531327219838,9.18883977632504,0.020374367575,0.2592079346068203,844.0321836139774,9.44804771093186,0.0209491080065007,845.939617279917,0.4686646079113113,844.0332403639309,1.9074336659396067,0.0010567499534291,0.0167197650665016,0.0,2256,1805,451,4.0022172949002215,0,570,0
0_287,849.6688878919231,7.262127246939514,845.9577073942457,3.656401154818013,0.0312512919215214,0.0867722781840711,845.925714458921,3.743173433002085,0.0319929353248041,847.7058972379891,0.5245704809641022,845.9268160571754,1.7801827790681273,0.0011015982543738,0.0167776978968714,0.0,1733,1616,117,13.811965811965813,0,225,0
0_288,852.9710890249116,7.615813294865283,847.7372387948188,5.143116318620741,0.0459206814162566,0.1378857153467834,847.6900869909441,5.281002033967525,0.04715180387471,851.0590055099456,0.2946880212984576,847.691253513977,3.368918519001454,0.0011665230328952,0.0170721742407684,0.0,3000,2888,112,25.785714285714285,0,312,0
0_289,855.3435220649699,8.553435220649698,851.0856411292474,4.18106726615224,0.0418106726615224,0.1198225679108873,851.0426322309067,4.300889834063128,0.0430088983406312,853.7340029119514,0.3705442720972011,851.0438003605426,2.6913706810446456,0.00116812963587,0.0160951915301848,0.0,2404,2304,100,23.04,0,260,0
0_29,99.60201169596984,0.2223259189642184,89.54472286455841,9.813159256940708,0.0219043733413855,0.2666291020577773,89.52222333697136,10.079788358998483,0.0224995275870501,92.05777888093144,0.0366910238664533,89.52323392108613,2.535555543960072,0.0010105841147708,0.0168398053907107,0.0,2957,2509,448,5.600446428571429,0,614,0
0_290,865.0785536119947,1.7910529060289746,853.7432451035717,11.058509093127212,0.0228954639609259,0.3003166528651491,853.7197278660024,11.358825745992362,0.0235172375693423,856.9143227708992,0.2609361518790801,853.720700641552,3.194594904896803,0.0009727755496031,0.016903169443262,0.0,3767,3284,483,6.799171842650104,0,694,0
0_291,861.6296219069045,24.61798919734013,857.03482414651,4.613443457870744,0.1318126702248784,0.1164954131236299,856.8996830359101,4.729938870994374,0.1351411105998392,861.0152724729851,0.2320795882676509,856.9007923592085,4.115589437074959,0.0011093232984029,0.0175528409691261,0.0,3745,3710,35,106.0,0,283,0
0_292,899.2297750419239,0.4057896096759584,861.0155796304372,36.96133488998749,0.0166793027481893,1.2701129799243065,860.9983271720121,38.23144786991179,0.0172524584250504,861.0331801009597,47.83517667227554,861.0002634458425,0.0348529289476573,0.0019362738304254,0.0172367305690271,0.0,2234,18,2216,0.0081227436823104,0,2217,0
0_293,867.7323992130114,6.674864609330856,861.0678285940496,6.505401833564974,0.0500415525658844,0.2108321235282346,861.0161652559182,6.716233957093209,0.0516633381314862,865.5068334639072,0.2390242566870773,861.0174054294083,4.490668207989074,0.001240173490193,0.0171197365315702,0.0,3751,3621,130,27.853846153846156,0,389,0
0_294,868.0053960779915,9.333391355677328,865.5176807480266,2.4494480108842254,0.026338150654669,0.0653077031020075,865.4906403640052,2.514755713986233,0.0270403840213573,866.3993564349366,1.1771730386344248,865.4918750325799,0.9087160709314048,0.001234668574635,0.0172692434737078,0.0,829,736,93,7.913978494623656,0,146,0
0_295,872.8750248329015,3.548272458670332,866.407305175688,6.307024887879379,0.0256383125523552,0.1870936250779777,866.3809063199442,6.494118512957357,0.026398855743729,868.6474367770134,0.482581909320563,866.3821655035315,2.266530457069166,0.0012591835872606,0.0171853173003585,0.0,2046,1800,246,7.317073170731708,0,377,0
0_296,873.1627601099899,5.324163171402377,868.6586142029399,4.413160388125107,0.0269095145617384,0.1186183159006759,868.6309814059641,4.531778704025783,0.0276327969757669,870.3190974529134,0.6243322076419752,868.6321923930853,1.6881160469492895,0.0012109871211974,0.0173394064455883,0.0,1558,1394,164,8.5,0,263,0
0_297,876.8141826459905,8.947083496387659,870.3686918754722,6.311459120362997,0.0644026440853367,0.2004800086142495,870.3022435170133,6.511939128977247,0.0664483584589515,875.1507565230131,0.2215010773280215,870.3034706779866,4.848513005999848,0.0012271609734244,0.0169737359487489,0.0,4049,3951,98,40.31632653061224,0,382,0
0_298,883.2150991240051,3.099000347803526,875.162611984946,7.870658817933872,0.0276163467295925,0.2101821490796283,875.1342581569916,8.0808409670135,0.0283538279544333,878.2698656140128,0.3267373011956893,875.135424677623,3.1356074570212518,0.0011665206313323,0.0173516965262885,0.0,2973,2688,285,9.43157894736842,0,471,0
0_299,886.654362843954,3.694393178516475,878.2887264476778,8.164628397440538,0.0340192849893355,0.2360106615815311,878.2537237849319,8.400639059022069,0.0350026627459252,882.4288630079245,0.261615435223221,878.2549615967383,4.175139222992584,0.0012378118064015,0.0176062493167895,0.0,3613,3373,240,14.054166666666667,0,481,0
0_3,15.02636358991731,0.1902071340495862,11.136800447129644,3.848385661724024,0.0487137425534686,0.091043675201945,11.08693425299134,3.939429336925969,0.0498661941383034,13.75284687196836,0.0054814056883094,11.087996792895275,2.6659126189770177,0.0010625399039366,0.0161204647841639,0.0,2588,2509,79,31.75949367088608,0,244,0
0_30,96.09238359797746,0.6492728621484963,92.07095035073282,3.960082368459553,0.0267573133004023,0.08870756754186,92.04359366197605,4.048789936001413,0.0273566887567663,93.5913511889521,0.0667555999921199,92.04469762597532,1.5477575269760564,0.0011039639992696,0.0168988676285497,0.0,1550,1402,148,9.472972972972974,0,242,0
0_300,891.5234540249221,3.230157442119283,882.4443692028931,8.851659066742286,0.0320712285026894,0.2604406091850251,882.4113543489948,9.112099675927311,0.0330148538982873,886.6891326649347,0.2658738028980314,882.4126370411435,4.2777783159399405,0.0012826921487076,0.0175156571014035,0.0,3611,3335,276,12.083333333333334,0,517,0
0_301,891.2659256299958,74.27216046916631,887.0553424738755,4.434822072624229,0.3695685060520191,0.1585413704160601,886.6725621869555,4.593363443040289,0.3827802869200241,891.0621626169886,0.2561995867213883,886.673824291737,4.38960043003317,0.0012621047814931,0.0169802510839266,0.0,3490,3478,12,289.8333333333333,0,261,0
0_302,898.330500283977,3.0555459193332557,891.0688717282119,7.093742260127328,0.0241283750344466,0.1926700108451768,891.0440880130045,7.286412270972505,0.0247837152073894,893.1759303630097,0.4748410049776766,891.0452213688525,2.131842350005172,0.0011333558479559,0.0175325507515895,0.0,2175,1881,294,6.3979591836734695,0,421,0
0_303,899.0491993149044,7.192393594519235,893.2236799428509,5.685778696089983,0.0454862295687198,0.1867206708993762,893.176699947915,5.872499366989359,0.0469799949359148,896.7999755829806,0.3054495829642304,893.1779340336218,3.623275635065511,0.0012340857067661,0.0179937898553907,0.0,3061,2936,125,23.488,0,334,0
0_304,903.8219539029524,3.3107031278496426,896.8082202205762,6.783830765867606,0.0248491969445699,0.2556887021055445,896.7824344349792,7.03951946797315,0.0257857855969712,899.2968739649514,0.4768276107979594,896.7837676478795,2.514439529972151,0.0013332129003033,0.016575384388282,0.0,2159,1886,273,6.908424908424909,0,412,0
0_305,919.3612983049824,0.7891513290171523,899.3145891296581,19.42987004457973,0.0166780000382658,0.6340613894863054,899.2973668709164,20.063931434066035,0.0172222587416875,899.4569922639057,6.42469280188504,899.2985070522949,0.1596253929892555,0.0011401813784946,0.0170852412369757,0.0,1305,140,1165,0.1201716738197424,0,1174,0
0_306,902.2225356369744,25.777786732484987,899.5205040084796,2.701886087539606,0.0771967453582744,0.079617059440352,899.4410324899945,2.781503146979958,0.0794715184851416,901.6415324339176,0.4857982394579298,899.4422181041884,2.200499943923205,0.0011856141939241,0.0166000915159072,0.0,1891,1856,35,53.02857142857143,0,167,0
0_307,908.2153011659392,5.641088827117636,901.6643817771308,6.407848716946319,0.0398003025897286,0.1840139180421829,901.6234385309508,6.591862634988502,0.0409432461800528,905.4903078329515,0.2720824242286513,901.6246004508132,3.8668693020008496,0.00116191986238,0.0169254244284947,0.0,3489,3328,161,20.67080745341615,0,394,0
0_308,916.0728927529416,1.974295027484788,905.4969657329024,10.30469688551966,0.0222083984601716,0.2940723095089197,905.4741235579132,10.59876919502858,0.0228421749892857,907.8446574629052,0.4672386296772543,905.4753435959497,2.370533904992044,0.0012200380365373,0.0177332657112856,0.0,2407,1943,464,4.1875,0,603,0
0_309,916.324899207917,3.0852690209020777,907.8545956124904,8.271284368121997,0.027849442316909,0.2276351178297773,907.8259797219652,8.498919485951774,0.0286158905250901,910.9165657279082,0.3614748276698048,907.8272061449836,3.090586005942896,0.0012264230182313,0.0182098770370669,0.0,2817,2520,297,8.484848484848484,0,478,0
0_31,99.32231866300572,0.8868064166339796,93.62624857470344,5.599252736312337,0.0499933280027887,0.148133298731409,93.57493262796196,5.747386035043746,0.051315946741462,97.38543688994832,0.0301689705359195,93.57611308157472,3.810504261986353,0.001180453612759,0.017293587259441,0.0,3340,3228,112,28.821428571428573,0,337,0
0_310,917.5559838738992,13.107942626769988,910.9942952475294,6.41685177735053,0.0916693111050075,0.239933785633184,910.8991983109154,6.656785562983714,0.095096936614053,916.3771718529752,0.2352701339802247,910.9006047226078,5.477973542059772,0.0014064116924415,0.0168401717274848,0.0,3965,3895,70,55.642857142857146,0,369,0
0_311,922.7940897319932,6.235095200891846,916.4041857833296,6.264633697457612,0.0423286060639027,0.1687389855505898,916.360717048985,6.433372683008201,0.04346873434465,920.3764975909144,0.2443261209426372,916.361783091072,4.015780541929416,0.0010660420870532,0.0163350820343161,0.0,3915,3767,148,25.4527027027027,0,399,0
0_312,924.1754727480002,9.831653965404255,920.4025258890332,3.72251935035456,0.0396012696846229,0.0909968296764418,920.3619565679692,3.8135161800310016,0.0405693210641595,922.658618752961,0.4420980444432013,920.3630570290064,2.296662184991874,0.0011004610373703,0.0161367446280758,0.0,2181,2087,94,22.20212765957447,0,233,0
0_313,928.0870686499402,8.213159899556993,922.6902047161062,5.329882071586326,0.04716709797864,0.1151681473711505,922.6420184309828,5.445050218957476,0.0481862851235174,926.2416460379028,0.2477907025248535,922.642981413221,3.599627606919966,0.0009629822383413,0.016331173557854,0.0,3851,3738,113,33.07964601769911,0,353,0
0_314,933.121438461938,2.971724326311904,926.2490539977892,6.720714373281226,0.0214035489594943,0.1736265907529741,926.2270974979036,6.8943409640342,0.0219564998854592,927.934788714978,0.6006050412394679,926.2282027996624,1.7076912170741707,0.001105301758624,0.0165179928247134,0.0,1859,1545,314,4.920382165605096,0,417,0
0_315,933.2553921119544,12.784320439889784,927.991282416573,5.208589384914376,0.071350539519375,0.1286329451249912,927.9181697819148,5.337222330039367,0.0731126346580735,932.01778796094,0.2502061175734067,927.9192703505536,4.0996181790251285,0.0011005686386644,0.0169534815207429,0.0,3798,3725,73,51.02739726027397,0,322,0
0_316,935.436946978909,9.08191210659135,932.034379576908,3.345859555876814,0.0324840733580273,0.0900663500651717,932.001021072967,3.435925905941985,0.0333585039411843,933.7878087079152,0.5676521633482767,932.002107266058,1.7867876349482683,0.0010861930911539,0.0160110511746962,0.0,1748,1645,103,15.970873786407768,0,214,0
0_317,938.4993023239076,5.488300013590103,933.8014003812752,4.613417247426696,0.0269790482305654,0.1121194125153124,933.7737656639656,4.7255366599420086,0.0276347173096023,935.7408479549922,0.4956254491287035,933.7748075507724,1.9670822910266,0.0010418868066878,0.0161313120989205,0.0,2059,1888,171,11.04093567251462,0,295,0
0_318,944.4505567939486,3.137709491009796,935.7558075494228,8.503728685784154,0.0282515903182197,0.2200030562235042,935.726825051941,8.723731742007658,0.028982497481753,939.3641073729376,0.2670165171611534,935.7278589582288,3.6372823209967455,0.0010339062879467,0.0168985030598369,0.0,3819,3518,301,11.687707641196011,0,532,0
0_319,945.2110463599674,4.679262605742413,939.3786167784988,5.725205225287937,0.0283426001251878,0.136241418775171,939.3495997159044,5.861446644063108,0.0290170625943718,941.7372490559936,0.433780400302162,939.3506995083226,2.3876493400894105,0.0010997924182816,0.0171970163563054,0.0,2373,2171,202,10.747524752475249,0,347,0
0_32,106.75953067094088,0.2916927067512045,97.39435536851516,9.134514309931546,0.0249576893713976,0.256319007021375,97.36869735398795,9.39083331695292,0.0256580145271937,100.59347467496993,0.0342154675765203,97.3697942170223,3.224777320981957,0.0010968630343476,0.0168471475299753,0.0,3306,2940,366,8.032786885245901,0,565,0
0_320,946.9640935529025,8.608764486844567,941.7679229449544,5.090495299547911,0.04627722999589,0.1533465983811766,941.7202516549733,5.243841897929087,0.0476712899811735,945.1771722979612,0.3325746559809856,941.721468023954,3.456920642987825,0.0012163689806431,0.0162447386812842,0.0,2952,2842,110,25.83636363636364,0,309,0
0_321,950.205492367968,5.655985073618857,945.19063934294,4.916413614526391,0.0292643667531332,0.1284684705315157,945.16061028291,5.044882085057907,0.0300290600301065,947.477983521996,0.4256415020314448,945.1616513310856,2.3173732390860096,0.00104104817569,0.0162351717022136,0.0,2394,2226,168,13.25,0,314,0
0_322,951.8469234029762,9.33183258238212,947.506676878836,4.274382916628383,0.0419057148689057,0.1088363453745842,947.4637041409732,4.383219262002967,0.0429727378627741,950.2051224519964,0.3803863580672523,947.464801586254,2.7414183110231534,0.0010974452806337,0.016096087754704,0.0,2600,2498,102,24.49019607843137,0,269,0
0_323,955.8719696989284,7.29673259312159,950.2319490084894,5.565436174743809,0.0424842456087313,0.1179692902369424,950.1885642339475,5.683405464980751,0.0433847745418378,953.74891720491,0.2579791499066567,950.1895272723492,3.5603529709624127,0.0009630384016668,0.0162065075879262,0.0,3828,3697,131,28.221374045801525,0,368,0
0_324,959.0995029020124,5.021463365979122,953.762394134082,5.226610210142098,0.0273644513620005,0.1385886039352044,953.734304087935,5.365198814077303,0.0280900461470015,955.997301525902,0.4567593413883908,953.7353853098356,2.2629974379669875,0.0010812219006053,0.0162418920215199,0.0,2284,2093,191,10.958115183246074,0,330,0
0_325,959.0164706800132,11.695322813170892,956.0202521176031,2.9629750216845423,0.0361338417278602,0.070233893347904,955.9832617649809,3.0332089150324464,0.0369903526223469,957.6574227709788,0.6170473084864555,955.9843404769692,1.6741610059980303,0.0010787119884007,0.0165737549882245,0.0,1634,1552,82,18.92682926829268,0,186,0
0_326,960.4395015229238,8.424907908095824,957.6659905260956,2.7260924932779744,0.023913092046298,0.0719628486549481,957.6414461809908,2.7980553419329226,0.0245443451046747,958.6022684619528,1.1952646738927093,957.64264421376,0.9608222809620202,0.0011980327692793,0.0161160794822009,0.0,916,802,114,7.035087719298246,0,171,0
0_327,962.6771609189454,13.187358368752678,958.6416482431464,3.997669374221005,0.054762594167411,0.0938920887419954,958.5855994559824,4.091561462963,0.0560487871638767,961.5208350229076,0.3324760840328173,958.5866144060402,2.935235566925257,0.0010149500577196,0.0158400807676403,0.0,2965,2892,73,39.61643835616438,0,264,0
0_328,970.107998360996,2.2560651124674327,961.5265079151458,8.317724513239227,0.0193435453796261,0.2837694068439305,961.506504440913,8.601493920083158,0.0200034742327515,962.895329472958,0.7234375127520346,961.5075478857154,1.3888250320451334,0.0010434448024381,0.0167736485768326,0.0,1761,1331,430,3.0953488372093023,0,518,0
0_329,1010.654330811929,0.3571216716649926,962.8980470979136,46.243150121415965,0.0163403357319491,1.5300145695218816,962.8811661209912,47.77316469093785,0.0168809769225928,962.8955279539804,962.8955279539804,962.8955279539804,0.0143618329893797,0.0143618329893797,0.0168759020699464,0.0,2831,1,2830,0.0003533568904593,0,2830,0
0_33,105.81733592099044,0.7558381137213603,100.61649525487196,5.116098873317242,0.0365435633808374,0.1221579127013683,100.57907913497183,5.23825678601861,0.0374161199001329,103.37956969591325,0.0405410077238875,100.58017736656436,2.800490560941398,0.001098231592526,0.0174126158934086,0.0,2690,2550,140,18.214285714285715,0,310,0
0_330,965.6946824250044,19.70805474336744,962.9385954221848,2.72799159551505,0.055673297867654,0.0855138865299522,962.8811769429594,2.8135054820450023,0.0574184792254082,964.8713025689358,0.5760425686978721,962.8823650776616,1.9901256259763611,0.0011881347020754,0.016803670532013,0.0,1724,1675,49,34.18367346938776,0,168,0
0_331,968.922209642944,11.13703689244763,964.91907999605,3.9274112904677168,0.0451426585111231,0.1222663755761459,964.8725319769,4.049677666043863,0.0465480191499294,967.4392069329042,0.4635549625936292,964.8737618163616,2.5666749560041358,0.0012298394614298,0.0170460081613761,0.0,2174,2087,87,23.988505747126435,0,239,0
0_332,973.9845477679046,6.324574985505874,967.4638016645066,6.373185956501402,0.0413843243928662,0.1901794024743139,967.4211824089288,6.563365358975716,0.0426192555777643,971.394077469944,0.2937387594405636,967.4223837681852,3.972895061015152,0.0012013592564303,0.0168212357010426,0.0,3461,3307,154,21.47402597402597,0,391,0
0_333,978.529785034014,4.594036549455464,971.4114846137096,6.962319049751386,0.0326869438955464,0.1895582593278959,971.3779077249346,7.151877309079282,0.0335768887750201,974.916286677937,0.322499598636433,971.3790782108604,3.538378953002393,0.0011704859255714,0.0169647810144454,0.0,3236,3023,213,14.192488262910798,0,424,0
0_334,982.0778471860104,5.366545613038308,974.93938820802,6.978876581066288,0.0381359376014551,0.1988046990009024,974.9001659059433,7.177681280067191,0.0392223020768698,978.951262846007,0.292137052475681,974.9013748277396,4.051096940063871,0.0012089217964977,0.0170851603278869,0.0,3534,3351,183,18.311475409836067,0,421,0
0_335,985.7348395639564,5.537836177325598,978.973362503366,6.607802927843295,0.0371224883586702,0.1918745681177824,978.9351620679954,6.7996774959610775,0.0382004353705678,982.6911856629886,0.3154706856060958,978.9363678540612,3.756023594993167,0.0012057860658084,0.0170991792189208,0.0,3293,3115,178,17.5,0,398,0
0_336,987.6269284099108,13.346309843377172,982.7418214997506,4.799813111079857,0.0648623393389169,0.1522130718221888,982.6749022270088,4.9520261829020455,0.0669192727419195,986.38602900994,0.3205674452420994,982.676108313061,3.711126782931387,0.0012060860523013,0.0167689108104143,0.0,3151,3077,74,41.58108108108108,0,291,0
0_337,992.7952741509072,8.342817429839554,986.4238152800708,6.246798882377334,0.0524941082552717,0.1786554026184603,986.3698198659112,6.425454284995794,0.0539954141596285,990.7458637419622,0.2546249971066466,986.370944523808,4.3760438760509714,0.0011246578966977,0.0172219362096203,0.0,4010,3891,119,32.69747899159664,0,383,0
0_338,997.3092394879786,7.613047629679226,990.7793849641056,6.3816984908189625,0.0487152556551065,0.198385683237575,990.729155313922,6.5800841740565374,0.0502296501836376,995.0176915749907,0.2709005422202534,990.7303228979844,4.288536261068657,0.0011675840623655,0.0174927321602128,0.0,3804,3673,131,28.0381679389313,0,384,0
0_339,1001.9441036619246,7.767008555518795,995.0548582169724,6.7247823709622025,0.0521300958989318,0.2182853040285408,995.001035986934,6.943067674990743,0.0538222300386879,999.6851483609062,0.2520002894784235,995.0022167563752,4.684112373972312,0.0011807694413845,0.0175112814032436,0.0,4096,3967,129,30.751937984496124,0,402,0
0_34,109.16753789992072,0.6421619876465925,103.39716634733794,5.640301139326766,0.0331782419960398,0.1642146236263215,103.36302213696764,5.804515762953088,0.0341442103703122,106.39995269000065,0.0430594709388914,103.36425116592474,3.0369305530330166,0.0012290289571157,0.0162799129995298,0.0,2641,2471,170,14.53529411764706,0,344,0
0_340,1003.1147658489645,19.290668574018547,999.7345490467673,3.331982239498757,0.0640765815288222,0.1145133235258981,999.6682702859398,3.446495563024655,0.0662787608273972,1002.2547584460116,0.4830143414197647,999.669516786258,2.5864881600718945,0.0012465003181069,0.0165386039029377,0.0,2127,2075,52,39.90384615384615,0,199,0
0_341,1006.9220903120004,8.60617171206838,1002.2786211723574,4.54820291348733,0.0388735291751053,0.1352961325319484,1002.2385912659812,4.683499046019279,0.0400299063762331,1004.9257338979514,0.4217061409559175,1002.2397188961246,2.687142631970346,0.0011276301435041,0.0170628753337515,0.0,2500,2383,117,20.36752136752137,0,279,0
0_342,1014.4063597409986,3.0927023162835323,1004.93827275739,9.196394600439817,0.028037788415975,0.3006467776140198,1004.9093183629448,9.497041378053837,0.028954394445286,1008.6911996959244,0.312772465021992,1004.9104910393272,3.7818813329795375,0.0011726763823192,0.0174242684301045,0.0,3553,3225,328,9.832317073170731,0,551,0
0_343,1015.8857478299178,3.5770624923588654,1008.6998288149028,7.00003138766624,0.0246479978438952,0.2112795673310756,1008.6744368749204,7.211310954997316,0.0253919399823849,1010.9969373109052,0.540351115612456,1008.6756781899584,2.322500435984693,0.0012413150379394,0.017214121545819,0.0,2155,1871,284,6.588028169014085,0,416,0
0_344,1017.755691499915,6.360973071874469,1011.0228539244206,6.580142473336309,0.0411258904583519,0.1950399925699457,1010.9805090340088,6.775182465906255,0.042344890411914,1015.1156434490111,0.3006859133439014,1010.9817338960984,4.13513441500254,0.0012248620897519,0.0165003003181482,0.0,3536,3376,160,21.1,0,398,0
0_345,1026.839596298989,1.9265283232626436,1015.1212018013103,11.400233636726623,0.0213888060726578,0.3401879182783887,1015.099174743984,11.740421555005014,0.0220270573264634,1017.8411418509204,0.4164652789897383,1015.1002966617856,2.7419671069364995,0.0011219178015288,0.0168826537487214,0.0,2977,2444,533,4.585365853658536,0,698,0
0_346,1022.2434876819608,7.461631296948618,1017.8737852270392,4.294902579160407,0.0313496538624847,0.1069300408707931,1017.8416550619296,4.4018326200312,0.0321301651097167,1019.9150916639484,0.5270879026687071,1017.8427266053932,2.0734366020187736,0.0010715434635755,0.0169955913723534,0.0,2072,1935,137,14.124087591240876,0,265,0
0_347,1028.1902607589727,4.549514428137048,1019.9523918048392,8.054742058273405,0.0356404515852805,0.2197396467672661,1019.915779053932,8.274481705040671,0.0366127509072596,1024.2751275879564,0.2747519119066406,1019.9169484070796,4.3593485340243205,0.0011693531475387,0.0173235981018422,0.0,3954,3728,226,16.495575221238937,0,483,0
0_348,1031.7198176169768,5.517218276026614,1024.2981450762388,7.263949549407698,0.0388446499968326,0.19762445660308,1024.258243610966,7.461574006010778,0.0399014652727849,1028.6498021068985,0.2748196105014422,1024.25941688334,4.391558495932259,0.0011732723740134,0.0164171952410616,0.0,3930,3743,187,20.016042780748663,0,444,0
0_349,1033.3233539150096,15.656414453257725,1028.706079376828,4.577548379078507,0.0693567936224016,0.1107611519983038,1028.6350443839328,4.688309531076811,0.0710349928951032,1032.2649172439706,0.3042336920848719,1028.6361141961522,3.6298728600377217,0.001069812219286,0.016036919258168,0.0,3459,3393,66,51.40909090909091,0,290,0
0_35,111.56466069701128,0.7538152749798059,106.41830775268907,5.050966618815437,0.034128152829834,0.1303955292096361,106.3832985489862,5.181362148025073,0.0350092037028721,109.18313880893402,0.0429516675094154,106.38439998103182,2.799840259947814,0.0011014320456128,0.0160913641086301,0.0,2690,2542,148,17.175675675675677,0,318,0
0_350,1038.3536721019773,4.968199388047738,1032.279360247321,5.965065635391511,0.0285409839013947,0.138449641643092,1032.250156824943,6.103515277034603,0.0292034223781559,1034.929375260952,0.3660875045139554,1032.2511045498936,2.6792184360092506,0.0009477249508345,0.0163841954116045,0.0,3036,2827,209,13.526315789473683,0,390,0
0_351,1039.4837825549766,7.643263107021887,1034.9486000633256,4.461355538922362,0.0328040848450173,0.1074208971112966,1034.915006118943,4.568776436033659,0.0335939443826004,1037.2503401539288,0.4817697817714486,1034.916090807301,2.3353340349858627,0.0010846883580984,0.0164223705959396,0.0,2289,2153,136,15.830882352941176,0,279,0
0_352,1041.095572158927,12.543320146493098,1037.2790415620275,3.764064013492316,0.0453501688372568,0.0990096394671127,1037.2324985059677,3.8630736529594287,0.0465430560597521,1039.7629054218996,0.4564367451369182,1037.23360930795,2.5304069159319624,0.0011108019824108,0.0160562257473188,0.0,2361,2278,83,27.44578313253012,0,238,0
0_353,1044.9432861909736,6.490330970130271,1039.78103158331,5.074882646673359,0.0315210102277848,0.119636052288115,1039.748767492012,5.194518698961474,0.0322640912978973,1042.323377894936,0.3921457403667931,1039.7497361189508,2.5746104029240087,0.0009686269386471,0.0162727223356364,0.0,2819,2658,161,16.509316770186334,0,332,0
0_354,1048.9809819709044,4.746520280411332,1042.339317059931,6.531678524799645,0.0295551064470572,0.140175772132352,1042.3091276739724,6.671854296931997,0.0301893859589683,1045.4407013469609,0.3539068047890862,1042.3101877869287,3.131573672988452,0.0010601129563264,0.016019369339111,0.0,3175,2954,221,13.366515837104073,0,416,0
0_355,1056.3791916049086,2.44532220278914,1045.451542410451,10.724617813364604,0.0248255041976032,0.2283855555579066,1045.426188235986,10.95300336892251,0.0253541744650984,1049.1269475979498,0.3033035407915437,1045.4272581288342,3.700759361963719,0.0010698928482115,0.0167876018679601,0.0,3891,3459,432,8.006944444444445,0,662,0
0_356,1055.810227211914,7.435283290224746,1049.1595649166109,6.564966466743499,0.0462321582165035,0.1328636462567374,1049.1123970989138,6.6978301130002365,0.0471678176971847,1053.402761537931,0.2724787277645967,1049.1135068672631,4.290364439017139,0.0011097683494612,0.0169539836195992,0.0,4008,3866,142,27.225352112676056,0,399,0
0_357,1058.5367449659389,5.7218202430591285,1053.4308841435125,5.05946970032528,0.0273484848666231,0.0741403657011687,1053.4031348999124,5.133610066026449,0.0277492436001429,1055.545028312947,0.5977038665418724,1053.4043477500898,2.141893413034268,0.001212850177256,0.0161714413675253,0.0,1951,1766,185,9.545945945945943,0,311,0
0_358,1104.421016735956,0.4127133844304768,1055.5450629106124,47.23618343553972,0.0176517875319655,1.6580417744116858,1055.526791526005,48.8942252099514,0.0182713846076051,1057.0142339859158,0.8449354388376625,1055.5279805287705,1.487442459911108,0.0011890027657163,0.0177155391442602,0.0,3927,1251,2676,0.4674887892376682,0,2763,0
0_359,1062.7138654189184,10.317610343872994,1057.054099203049,5.662650106358342,0.0549771854986246,0.0526040135882794,1056.9986112989718,5.715254119946621,0.0554879040771516,1061.0646779829403,0.278860624962665,1056.9996799104524,4.066066683968529,0.001068611480675,0.0160115285046416,0.0,3908,3805,103,36.94174757281554,0,363,0
0_36,116.237430739915,0.5010234083617026,109.19925727630849,6.8939128124620765,0.0297151414330261,0.174728934536688,109.16878899291623,7.068641746998765,0.030468283392236,112.36521904997062,0.0361651815416706,109.16981777632694,3.196430057054385,0.001028783410703,0.0166905676290705,0.0,3339,3107,232,13.392241379310343,0,436,0
0_360,1092.523536660941,0.7012346191662011,1061.0690641613526,30.644253863138147,0.0196689691034262,0.8304206097964197,1061.0488621880068,31.474674472934566,0.0202019733459143,1063.8847180620069,0.4216744819904902,1061.0499861895423,2.835855874000117,0.0011240015354736,0.0183817834396241,0.0,4081,2523,1558,1.6193838254172015,0,1733,0
0_361,1068.1077204629546,6.473380124017907,1063.894337731046,4.13296105642803,0.0250482488268365,0.1061130336020141,1063.8686463729246,4.239074090030044,0.0256913581213942,1065.1786717779469,0.9964253243947118,1063.8698718410303,1.3100254050223157,0.0012254681057271,0.017751810212168,0.0,1234,1069,165,6.478787878787879,0,242,0
0_362,1073.2701808089623,4.7913847357542965,1065.1981179970094,7.8808686673874035,0.0351824494079794,0.227391735650599,1065.1619204059243,8.108260403038003,0.036197591084991,1069.094173636986,0.3653773662464066,1065.1632643065502,3.9322532310616234,0.00134390062579,0.0186428891606088,0.0,3150,2926,224,13.0625,0,444,0
0_363,1075.561286577955,23.901361923954557,1069.2206387122264,6.262044092756696,0.1391565353945932,0.222709406283684,1069.0765330789145,6.48475349904038,0.1441056333120084,1074.7298495669384,0.2680792840027284,1069.0779432351849,5.653316488023847,0.0014101562703975,0.0184763780225896,0.0,4054,4009,45,89.08888888888889,0,348,0
0_364,1080.618550539948,22.99188405404145,1074.837313932654,5.698404082097113,0.1212426400446194,0.2085115818772465,1074.7116348759737,5.90691566397436,0.1256790566803055,1079.738655394991,0.2818425098916708,1074.7129470713585,5.027020519017242,0.0013121953847604,0.0187211732969599,0.0,3878,3831,47,81.51063829787235,0,323,0
0_365,1082.5898058789317,12.443560987114155,1079.7534605436638,2.782216894091107,0.0319795045297828,0.0871092008892446,1079.7204797839513,2.869326094980352,0.0329807597124178,1081.024409519974,1.173750716091177,1079.721895559995,1.3039297360228377,0.0014157760434558,0.0179930615972128,0.0,1008,921,87,10.586206896551724,0,156,0
0_366,1086.9091389779933,6.922988146356645,1081.0627406294232,5.70195669552777,0.0363181955129157,0.1819185655331239,1081.0252637169324,5.8838752610608935,0.0374769124908337,1083.937020187965,0.500432603964896,1081.0266080181657,2.9117564710322767,0.0013443012331635,0.0189306929301185,0.0,2323,2166,157,13.796178343949045,0,317,0
0_367,1091.5013695239322,6.458587985348712,1083.9639460807175,7.33285886910744,0.0433896974503398,0.2494301898404956,1083.9190804649843,7.582289058947936,0.0448656157334197,1088.233953040908,0.3586796153727449,1083.9205026378834,4.3148725759238005,0.0014221728991179,0.019333825343338,0.0,3203,3034,169,17.952662721893493,0,397,0
0_368,1094.9119609619956,8.974688204606522,1088.270592845725,6.453741896781139,0.0528995237441076,0.2425135592930019,1088.2157055059215,6.696255456074141,0.0548873398038864,1092.7690678049112,0.3459224652753755,1088.217146899495,4.5533622989896685,0.0014413935735959,0.0175646980088891,0.0,3281,3159,122,25.89344262295082,0,359,0
0_369,1095.9754385079725,15.436273781802427,1092.7975697066458,3.121761652524583,0.0439684739792194,0.1015052745351567,1092.7521715809123,3.22326692705974,0.0453981257332357,1094.7661661879392,0.6920140114968011,1092.7534446495642,2.0139946070266888,0.0012730686517235,0.0170320045075077,0.0,1653,1582,71,22.281690140845072,0,184,0
0_37,149.8024643569952,0.070296792283902,112.3683241246458,36.47835681657307,0.0171179525183355,0.9733581295004116,112.35074941092172,37.45171494607348,0.0175747137241076,113.67676506692078,0.0931013636911718,112.35183541882998,1.326015655999072,0.0010860079082711,0.0169524632989556,0.0,3352,1221,2131,0.5729704364148287,0,2212,0
0_370,1098.9759165860014,8.453660896815395,1094.7809782091572,4.110166580765508,0.0316166660058885,0.1172906982246786,1094.7484593070112,4.227457278990187,0.0325189021460783,1096.74650965794,0.6528253033678214,1094.7496486226962,1.998050350928679,0.0011893156850765,0.0171492840620115,0.0,1810,1680,130,12.923076923076923,0,247,0
0_371,1102.7986621969612,5.62652378671919,1096.7610049945265,5.902744559105486,0.0301160436689055,0.1658749879570678,1096.730042649899,6.0686195470625535,0.0309623446278701,1099.3423210720066,0.5153972438218503,1096.731267346768,2.61227842210792,0.0012246968692489,0.0176343934946664,0.0,2329,2133,196,10.88265306122449,0,347,0
0_372,1104.0715001499048,12.838040699417498,1099.380892089196,4.595522420713678,0.0534363072176009,0.1502692642388865,1099.3257084649522,4.7457916849525645,0.0551836242436344,1102.5553647399647,0.4313596888654009,1099.3269720237452,3.2296562750125304,0.0012635587930408,0.0176294815109306,0.0,2642,2556,86,29.72093023255814,0,268,0
0_373,1112.7348561239196,2.8827327878858022,1102.563821814878,9.917523828917185,0.0256930669142932,0.2799287510570138,1102.5374035439454,10.197452579974197,0.0264182709325756,1106.1791476629442,0.3171385171052018,1102.5384476219613,3.6417441189987594,0.0010440780157679,0.0169837006761021,0.0,3874,3488,386,9.036269430051814,0,617,0
0_374,1113.4049928869354,5.276800914156092,1106.1988532953865,7.073651827755384,0.0335244162452861,0.1668027142295614,1106.1645383449504,7.2404545419849455,0.0343149504359476,1109.7062982619973,0.3450579285640539,1106.165639638457,3.5417599170468748,0.0011012935065444,0.0175293584120287,0.0,3427,3216,211,15.24170616113744,0,426,0
0_375,1115.6718249509577,12.53563848259503,1109.7565340724684,5.825828139553778,0.0654587431410536,0.1566819534637034,1109.6893148579402,5.982510093017481,0.0672192145282863,1114.2471937779335,0.2830193532583017,1109.690472561501,4.557878919993527,0.0011577035610854,0.0160070918317298,0.0,4026,3937,89,44.235955056179776,0,358,0
0_376,1118.622384067974,14.91496512090632,1114.291004707486,4.300056631793268,0.0573340884239102,0.0898548822151497,1114.2324725539656,4.389911514008418,0.0585321535201122,1117.432684485917,0.3335619953689304,1114.2334278411097,3.200211931951344,0.000955287143866,0.0158626610940943,0.0,3425,3350,75,44.66666666666666,0,290,0
0_377,1126.3025158849778,3.1997230564914143,1117.4434312104552,8.665757490089163,0.0246186292332078,0.218566741910763,1117.4181916529778,8.884324231999926,0.0252395574772725,1120.4747221319703,0.3452926724597751,1117.4191335730022,3.0565304789924994,0.0009419200243428,0.016556232252862,0.0,3597,3245,352,9.21875,0,560,0
0_378,1124.3151185809402,18.431395386572788,1120.5234278947034,3.765138513874263,0.06172358219466,0.0897470171330496,1120.4602330499329,3.854885531007312,0.0631948447706116,1123.2829030669527,0.4323644738517909,1120.4613195279994,2.822670017019845,0.0010864780665973,0.0169215658030732,0.0,2659,2598,61,42.59016393442623,0,234,0
0_379,1159.9560371179832,0.5745200778197044,1123.2844653416685,35.38127868669108,0.0175241598250079,1.3084653253899887,1123.2662931059022,36.68974401208106,0.018172235766261,1124.590000659926,1.025150410811236,1123.2674997673005,1.3237075540237129,0.0012066613983807,0.0175166104299442,0.0,3116,1097,2019,0.5433382862803368,0,2096,0
0_38,119.03606217796914,0.929969235765384,113.70238155811784,5.233243371592835,0.040884713840569,0.142434733454138,113.66038407292216,5.375678105046973,0.0419974851956794,116.8777280029608,0.0434328234867933,113.66157966709908,3.2173439300386235,0.0011955941769002,0.0168619857422527,0.0,2819,2691,128,21.0234375,0,317,0
0_380,1128.6895147039322,14.287209046885218,1124.626026291278,4.002707930165343,0.0506671889894347,0.112876487779431,1124.5739302859874,4.115584417944774,0.0520960052904401,1127.379449780914,0.4666305669622988,1124.575091510944,2.805519494926557,0.0011612249565093,0.0165831002913698,0.0,2495,2416,79,30.582278481012654,0,247,0
0_381,1129.6994321419625,18.828323869032708,1127.402399519255,2.272484105196781,0.037874735086613,0.0634812738280743,1127.3634667629376,2.335965379024856,0.0389327563170809,1128.707283644937,1.021454555334785,1127.3646828868127,1.3438168819993734,0.0012161238751125,0.016535808283758,0.0,1165,1105,60,18.416666666666668,0,139,0
0_382,1132.769863244961,9.062158905959688,1128.7233012017896,3.979189900448546,0.0318335192035883,0.1000057075871154,1128.6906676369254,4.079195608035661,0.0326335648642852,1130.674256370985,0.6505605617784723,1128.691808942296,1.9835887340595943,0.0011413053705751,0.0167648549918085,0.0,1863,1738,125,13.904,0,244,0
0_383,1137.4616569059435,4.881809686291603,1130.7040554803243,6.609452003496699,0.0283667467961231,0.1772770144743845,1130.6749278879724,6.786729017971084,0.0291275923518072,1133.4511545510031,0.4812956070280268,1130.6761067527975,2.776226663030684,0.0011788648250661,0.0172124564589716,0.0,2588,2355,233,10.107296137339056,0,398,0
0_384,1140.1282005559187,6.515018288890964,1133.4732760794022,6.493782838108018,0.0371073305034743,0.1993883308023214,1133.4350293870084,6.69317116891034,0.0382466923937733,1137.021168608917,0.3903265254407542,1133.4362604681007,3.5861392219085246,0.0012310810923132,0.0177544682685817,0.0,3088,2913,175,16.645714285714284,0,383,0
0_385,1198.1882236949168,0.3548084760719327,1137.0217726834994,58.97976689040661,0.0174651367753647,2.204802145599388,1137.0036546589108,61.184569036006,0.0181180245886899,1137.1285527129658,13.070443134631793,1137.0050902687276,0.1248980540549382,0.0014356098167234,0.0180810396748448,0.0,3464,87,3377,0.0257625111045306,0,3383,0
0_386,1142.8759358969985,9.938051616495637,1137.1612419076446,5.579362750053406,0.0485161978265513,0.1854601339437067,1137.1111130130012,5.7648228839971125,0.0501288946434531,1140.8560982029885,0.4123079501998513,1137.1124664590402,3.7449851899873465,0.0013534460390268,0.0175638060348675,0.0,2882,2767,115,24.06086956521739,0,326,0
0_387,1145.5127349270042,30.14507197176327,1140.962158494197,4.508033736143261,0.1186324667406121,0.1655312489019706,1140.839169941959,4.673564985045232,0.1229885522380324,1144.8559178909054,0.3684763173128115,1140.8404627478646,4.016747948946431,0.0012928059056795,0.0172846588447052,0.0,3145,3107,38,81.76315789473684,0,268,0
0_388,1155.2000299529172,3.164931588912102,1144.8671886326808,10.07246973994188,0.02759580750669,0.2887585069984197,1144.838801705977,10.3612282469403,0.028386926703946,1148.3433806309476,0.4083724682186869,1144.840048000047,3.5045789249707013,0.0012462940700464,0.0187853406081358,0.0,3177,2812,365,7.704109589041096,0,569,0
0_389,1155.9706692479083,8.256933351770774,1148.3808656148003,7.381157318246551,0.0527225522731896,0.2632492186967283,1148.3262627109652,7.644406536943279,0.0546029038353091,1153.246605986962,0.3327312769725799,1148.327682313757,4.920343275996856,0.0014196027916898,0.0194575947210458,0.0,3606,3466,140,24.757142857142856,0,406,0
0_39,124.63927726796828,0.6457993640827372,116.9187377492253,7.565345652750693,0.0391986821386046,0.1954050093190744,116.87852660589851,7.760750662069768,0.0402111433267863,121.27532468701249,0.0316811193017273,116.87967519473894,4.396798081113957,0.0011485888404163,0.017429806118942,0.0,4021,3828,193,19.83419689119171,0,456,0
0_390,1162.1973048499783,5.959986178717839,1153.2936966147274,8.637411246309057,0.0442944166477387,0.3120918767526746,1153.2478017269168,8.949503123061731,0.0458948878105729,1158.71037556394,0.2990992192989004,1153.249211787277,5.462573837023228,0.0014100603606151,0.0178816886463513,0.0,4069,3874,195,19.866666666666667,0,488,0
0_391,1164.961941392976,6.733884054294658,1158.728947376272,6.074520169757307,0.0351128333511983,0.1947121842531487,1158.6927090389654,6.269232354010455,0.0362383373064188,1161.998376361909,0.4668535059710363,1158.6940371495814,3.3056673229439184,0.0013281106158874,0.0171304337055869,0.0,2662,2489,173,14.38728323699422,0,356,0
0_392,1168.5156137079466,6.95545008159492,1162.019637258519,6.336658636806533,0.0377182061714674,0.1982158751925453,1161.9807391959475,6.534874511999078,0.038898062571423,1165.5854825209826,0.3931148339025236,1161.9819549609813,3.604743325035088,0.0012157650337386,0.0174412570652618,0.0,3133,2965,168,17.648809523809526,0,378,0
0_393,1186.202671494917,1.120115837105682,1165.5885114771324,20.024597713141706,0.0189089685676503,0.6090463878354058,1165.56902739394,20.633644100977108,0.0194840831926129,1166.725262706983,1.226840444486838,1165.5702432039432,1.1562353130429983,0.0012158100031997,0.0183922651444137,0.0,2010,951,1059,0.8980169971671388,0,1126,0
0_394,1173.5627460009418,9.388501968007535,1166.7808894722798,6.616180607699789,0.0529294448615983,0.2203683123225346,1166.7261970809195,6.836548920022324,0.0546923913601785,1171.2915107199224,0.3303134547997525,1166.7274845354143,4.565313639002852,0.0012874544949246,0.0181698822481557,0.0,3671,3546,125,28.368,0,385,0
0_395,1178.267790051992,6.810796474288972,1171.3147209721712,6.757364343735389,0.0390599095013606,0.2361295563168823,1171.2742961519398,6.993493900052272,0.040424820231516,1175.0393028289543,0.4199568630553804,1171.275641758329,3.765006677014753,0.0013456063892118,0.0186617758557082,0.0,2971,2798,173,16.173410404624278,0,382,0
0_396,1242.3393605028978,0.3343216793603061,1175.0399442608225,65.05136610206682,0.0175057497583602,2.2661657298449427,1175.021828670986,67.31753183191177,0.0181155898363594,1175.039537978009,1175.039537978009,1175.039537978009,0.017709307023324,0.017709307023324,0.0181108241455566,0.0,3717,1,3716,0.0002691065662002,0,3716,0
0_397,1184.7248799559893,5.288950356946381,1175.06516224966,9.366315229563044,0.041813907274835,0.3367195965256542,1175.0218451299006,9.703034826088697,0.0433171197593245,1180.366341189947,0.3317499553653589,1175.023347236719,5.344496060046367,0.0015021068184503,0.0194577623484032,0.0,3782,3558,224,15.883928571428571,0,511,0
0_398,1191.179398117005,3.6993149009844872,1180.3819834617352,10.463212898466736,0.0324944499952383,0.3678385625826195,1180.3483466559555,10.831051461049356,0.0336368057796563,1185.13212768198,0.3984976892003967,1180.3499551902614,4.783781026024371,0.0016085343059934,0.0187803429659161,0.0,3296,2974,322,9.236024844720497,0,567,0
0_399,1190.2921522069955,29.03151590748769,1185.2590910664153,4.945239632157609,0.1206156007843319,0.2136480369372293,1185.133264537901,5.158887669094838,0.1258265285145082,1189.506611611927,0.4009122384940771,1185.1347385342185,4.373347074026242,0.0014739963175012,0.0191595267089901,0.0,3008,2967,41,72.36585365853658,0,273,0
0_4,19.833120939903893,0.1049371478301793,13.770903890334663,5.967059398652054,0.0315717428500108,0.1274034862872213,13.738658054964615,6.094462884939276,0.032245835370049,16.76240246393718,0.00528949273081,13.739612218552177,3.0237444089725614,0.0009541635875583,0.0162471877035275,0.0,3358,3169,189,16.767195767195766,0,392,0
0_40,130.30079030897468,0.4571957554700866,121.29043071924202,8.789122788235545,0.0308390273271422,0.2529634197708219,121.25870410096832,9.042086208006369,0.0317266182737065,125.21344045095611,0.0389951542980243,121.25993572237908,3.954736349987797,0.0012316214107716,0.0178503503790125,0.0,3496,3211,285,11.266666666666667,0,512,0
0_400,1194.143665617914,9.256927640448945,1189.524239545115,4.500048518995754,0.0348840970464787,0.1554668199969455,1189.4881502789212,4.6555153389927,0.0360892661937418,1191.8346971189603,0.7280602914593527,1189.4895837223178,2.346546840039082,0.0014334433964808,0.0178989806120435,0.0,1766,1637,129,12.689922480620154,0,255,0
0_401,1198.6484136909712,7.990989424606474,1191.8632290250569,6.587355366558768,0.0439157024437251,0.2433674514759332,1191.8176908729365,6.830722818034701,0.0455381521202313,1195.8937856509583,0.3923536042161937,1191.8190281743728,4.0760947780217975,0.0013373014363588,0.0183641869334193,0.0,3198,3048,150,20.32,0,377,0
0_402,1201.882916943985,6.070115742141339,1195.906589998967,5.803541205707006,0.0293108141702374,0.2031224243110045,1195.876253313967,6.006663630018011,0.0303366850000909,1198.490767018986,0.6517078667857454,1195.8776750179936,2.614513705018908,0.0014217040266551,0.0171320703282782,0.0,2037,1839,198,9.287878787878787,0,338,0
0_403,1203.4478927520104,7.616758814886142,1198.50513401766,4.836972582153976,0.0306137505199618,0.1372686919057741,1198.4736514779506,4.97424127405975,0.0314825397092389,1200.7340857859235,0.6525728727097411,1198.4748799748572,2.260434307972901,0.001228496906507,0.0171759934562458,0.0,1998,1840,158,11.645569620253164,0,290,0
0_404,1206.901669541956,7.496283661751279,1200.7555544781449,6.00720215565525,0.037311814631399,0.1773261273046955,1200.717141258996,6.1845282829599455,0.0384132191488195,1204.1684131330112,0.431137992528826,1200.7183769453095,3.4512718740152195,0.0012356863136466,0.0169767478816442,0.0,2954,2793,161,17.347826086956523,0,362,0
0_405,1211.429847751977,5.880727416271733,1204.1874084034228,7.082592660328373,0.0343815177685843,0.1951756606576964,1204.1520794309909,7.27776832098607,0.0353289724319712,1207.856563309906,0.3881287157165508,1204.1532698178414,3.704483878915198,0.0011903868505511,0.0173460409809265,0.0,3318,3112,206,15.106796116504857,0,424,0
0_406,1218.5079710748978,3.293264786688913,1207.868855345875,10.37210329552181,0.0280327116095184,0.2958447254495695,1207.8400230539264,10.66794802097138,0.0288322919485712,1211.8117694689429,0.3779824608449603,1207.841261901841,3.971746415016242,0.0012388479148522,0.0180978421782571,0.0,3576,3206,370,8.664864864864866,0,598,0
0_407,1221.0263741469244,4.360808479096159,1211.8281701161332,8.976282048271969,0.0320581501723998,0.2548904557479545,1211.7952016429044,9.231172504019924,0.0329684732286425,1215.828386112,0.3808986172030075,1211.7964651718737,4.033184469095431,0.0012635289690148,0.0185642429818731,0.0,3472,3192,280,11.4,0,508,0
0_408,1231.2596200589323,2.175370353461011,1215.837759645145,14.971463094465436,0.0264513482234371,0.4776926474878564,1215.810464316979,15.449155741953293,0.0272953281659952,1220.6112682759997,0.3520655518534755,1215.8118490311294,4.8008039590204135,0.0013847141502799,0.0188133423726729,0.0,4033,3467,566,6.125441696113074,0,823,0
0_409,1228.54644457798,3.791810014129568,1220.617588641556,7.748637203476392,0.0239155469243098,0.204766274546273,1220.5930410999572,7.953403478022665,0.0245475415988353,1222.4183054890018,0.8858103662963781,1220.5943637553116,1.8252643890446048,0.0013226553543801,0.0189140095338829,0.0,1704,1380,324,4.25925925925926,0,425,0
0_41,132.0250693159178,0.4258873203739283,125.21908488060204,6.659034305484965,0.021480755824145,0.1689759694272652,125.19705904100556,6.828010274912231,0.022025839596491,126.41711021098308,0.1265436538648479,125.19828031344798,1.2200511699775234,0.0012212724424199,0.0180901906610797,0.0,1309,999,310,3.2225806451612904,0,381,0
0_410,1225.8302636799635,18.295974084775576,1222.4520858436556,3.3153433172265068,0.0494827360780075,0.1140190317528322,1222.4009013309842,3.429362348979339,0.0511845126713334,1224.5455154399388,0.8179996763125843,1222.4023339389394,2.1446141089545563,0.0014326079552134,0.0191753468660415,0.0,1564,1497,67,22.34328358208955,0,182,0
0_411,1232.6327778669074,5.926119124360132,1224.5662967766564,7.8362842090427876,0.0376744433127057,0.2691653888905421,1224.527328268974,8.10544959793333,0.0389685076823717,1228.714447278995,0.4438997280632207,1224.5288409564778,4.187119010020979,0.0015126875036202,0.0188381278265016,0.0,2976,2768,208,13.307692307692308,0,425,0
0_412,1235.1414942629635,7.624330211499775,1228.7358682757806,6.230455771205016,0.0384596035259568,0.2149567127926275,1228.696081778966,6.445412483997643,0.0397864968148002,1232.2555699329823,0.4962769109677737,1228.6975153223225,3.559488154016435,0.0014335433564303,0.0178143477159333,0.0,2645,2483,162,15.32716049382716,0,349,0
0_413,1238.0478875399567,12.019882403300551,1232.2942113451168,5.6184420480858535,0.0545479810493772,0.1916427368996665,1232.2378027549712,5.81008478498552,0.0564085901454904,1236.2406494719908,0.3854819611699379,1232.239050914222,4.002846717019565,0.0012481592507076,0.0175460006598636,0.0,3310,3207,103,31.135922330097088,0,329,0
0_414,1243.346983112977,5.810032631369051,1236.2568587278945,6.905281400075182,0.0322676700938092,0.2181299539515748,1236.22357175895,7.123411354026757,0.0332869689440502,1239.595650008996,0.441137241996084,1236.2247717867972,3.372078250045888,0.0012000278469914,0.0175295939438358,0.0,3024,2810,214,13.130841121495328,0,408,0
0_415,1246.3241853119107,7.121852487496633,1239.6173291036027,6.528676785179414,0.0373067244867395,0.2167245737509802,1239.5787839529803,6.745401358930394,0.0385451506224594,1243.476684616995,0.3909074770880211,1239.5800093225698,3.897900664014742,0.0012253695894419,0.0162714325423751,0.0,3356,3181,175,18.177142857142854,0,397,0
0_416,1248.6184168579057,15.2270538641208,1243.5251598155037,5.040818442241289,0.0614733956370888,0.1153183167334646,1243.462280098931,5.156136758974753,0.0628797165728628,1247.3042261789087,0.3353869927880905,1243.4633131578391,3.841946079977788,0.0010330589083027,0.0160267155975239,0.0,3801,3719,82,45.35365853658536,0,325,0
0_417,1254.118621018948,5.752837711096092,1247.3209492373787,6.684075079858303,0.0306608948617353,0.1449223781237378,1247.289623560966,6.828997457982041,0.0313256764127616,1250.537694550003,0.3655474114440231,1247.290573011708,3.2480709890369326,0.0009494507421914,0.0164262682061702,0.0,3639,3421,218,15.692660550458717,0,437,0
0_418,1257.4870693949051,6.5494118197651305,1250.5594322504903,6.798084895708598,0.0354066921651489,0.1658226002473384,1250.5231618989492,6.963907495955937,0.0362703515414371,1254.3465561720077,0.3566524185874347,1250.524249017025,3.8233942730585113,0.0010871180759336,0.0163568397025907,0.0,3709,3517,192,18.31770833333333,0,425,0
0_419,1260.5721788179362,8.348160124622094,1254.373283965648,6.09672206279356,0.0403756427999573,0.1434987551765516,1254.331957999966,6.240220817970112,0.0413259656819212,1258.1265628630065,0.3503554895190772,1254.333014698619,3.794604863040149,0.0010566986530326,0.016196132151854,0.0,3742,3591,151,23.781456953642383,0,387,0
0_42,133.91071104595903,0.5556461039251412,126.43101016226316,7.305372912436724,0.0303127506740113,0.205493391607888,126.39984474191442,7.510866304044612,0.0311654203487328,129.6344298699405,0.0561917771434505,126.40124681609215,3.234585128026083,0.0014020741777312,0.0177439052946826,0.0,2548,2307,241,9.572614107883815,0,419,0
0_420,1263.3480899499264,11.806991494859124,1258.1760246696094,5.106313251540996,0.0477225537527195,0.1145450974581763,1258.1272316009272,5.2208583489991724,0.0487930686822352,1261.627515080967,0.366432621284045,1258.128248238592,3.5002834800397977,0.0010166376648387,0.0160801389622371,0.0,3550,3443,107,32.177570093457945,0,331,0
0_421,1265.120547294966,13.902423596647978,1261.6514855811672,3.424502127221785,0.0376318915079317,0.083104716730304,1261.612940451014,3.507606843952089,0.0385451301533196,1263.6668252499076,0.645716313362242,1261.6139899578095,2.053884798893705,0.0010495067955512,0.0159749675281141,0.0,2048,1957,91,21.505494505494507,0,220,0
0_422,1270.1683708059136,7.384699830266939,1263.690552099696,6.368301985785365,0.0370250115452637,0.1473987011704594,1263.6526701189578,6.5157006869558245,0.0378819807381152,1267.3226319029927,0.3293457983115885,1263.65362385123,3.669961784034968,0.0009537322723583,0.0165449936216328,0.0,4020,3848,172,22.37209302325581,0,418,0
0_423,1312.9362901189595,0.5247547122777617,1267.3261722833352,44.11443245015107,0.0176316676459436,1.5139221379067749,1267.307935530902,45.628354588057846,0.0182367524332765,1268.9474727379857,0.8499313280227634,1267.3090336804044,1.6395372070837766,0.0010981495024003,0.0175814617829632,0.0,3995,1493,2502,0.596722621902478,0,2602,0
0_424,1273.473419986898,6.564295979313908,1268.9543404378685,4.420440034009516,0.022785773371183,0.1220544349635019,1268.930925517925,4.542494468973018,0.0234149199431598,1270.2023913610028,1.2248817660183249,1268.932151618063,1.271465843077749,0.0012261001379727,0.0168609722984292,0.0,1231,1037,194,5.345360824742268,0,267,0
0_425,1272.8708799809683,13.835553043271394,1270.2320263990032,2.599295037565753,0.0282532069300625,0.0685569354100152,1270.2030280079923,2.667851972975768,0.0289983910106061,1271.3017270489363,1.3955013469252868,1270.2042340442615,1.0986990409437567,0.0012060362688734,0.0170560101307827,0.0,1003,911,92,9.902173913043478,0,157,0
0_426,1282.1576254758984,2.988712413696733,1271.310453233306,10.595438977587037,0.0246979929547483,0.2770771253854036,1271.285109372926,10.87251610297244,0.0253438603798891,1274.531023638905,0.4782480388888949,1271.286327352013,3.2459142659790814,0.0012179790866713,0.0177776266596581,0.0,3094,2665,429,6.212121212121212,0,621,0
0_427,1281.1309914540034,10.0088358707344,1274.566143731265,6.436910831718706,0.0502883658728023,0.1796286053722724,1274.5144520169124,6.616539437090978,0.0516917143522732,1278.754513090942,0.3762149200032192,1274.515699460594,4.240061074029654,0.0012474436816798,0.0185662372114165,0.0,3527,3399,128,26.5546875,0,371,0
0_428,1287.8150053229183,4.471579879593467,1278.7682722758364,8.819641702459194,0.0306237559113166,0.258613062556833,1278.7367505579025,9.078254765016029,0.0315217179340834,1282.7030189539073,0.431886538368319,1278.7380860018066,3.9662683960050336,0.0013354439043787,0.017749952670177,0.0,3258,2970,288,10.3125,0,506,0
0_429,1286.3103551189415,9.321089529847402,1282.7128167104186,3.534983375458978,0.0256158215612969,0.0888144375057891,1282.6865573059767,3.623797812964767,0.0262594044417736,1283.8411231319187,1.389438444947964,1282.687806836091,1.1545658259419724,0.0012495301146558,0.0178929854132086,0.0,1062,924,138,6.695652173913044,0,204,0
0_43,134.05533700599335,1.136062178016893,129.6538301001577,4.315182417398319,0.0365693425203247,0.1239442055812105,129.61621038301382,4.439126622979529,0.0376197171438943,132.04384841991123,0.078364301732885,129.6176511177538,2.427638036897406,0.0014407347399984,0.0170465134413739,0.0,1803,1685,118,14.279661016949152,0,250,0
0_430,1294.3636783779366,3.595454662160935,1283.8533527081186,10.242040636832826,0.0284501128800911,0.2975617061601951,1283.8240760349436,10.53960234299302,0.0292766731749806,1287.8505095680011,0.4323096708855324,1283.825427640695,4.0264335330575705,0.0013516057512781,0.018092135583154,0.0,3339,2979,360,8.275,0,583,0
0_431,1292.4562572789146,7.833068225932815,1287.8617639719896,4.510489566018805,0.0273363004001139,0.1120189439971,1287.8337487688989,4.622508510015905,0.0280152030910054,1289.4439973320111,0.998794730698692,1287.8349960567089,1.610248563112691,0.0012472878103119,0.0182561208903225,0.0,1456,1291,165,7.824242424242424,0,257,0
0_432,1295.5158895800123,10.042758833953584,1289.474565728536,5.903960455209017,0.0457671353116978,0.1845612388569861,1289.4273678859463,6.088521694066003,0.0471978425896589,1293.179969380959,0.4798441444827306,1289.4287603169278,3.752601495012641,0.0013924309814518,0.0181079085197935,0.0,2824,2695,129,20.89147286821705,0,333,0
0_433,1299.8092136149062,10.9227665009656,1293.2177451630876,6.452068731770851,0.0542190649728642,0.1952596221817657,1293.1618852609536,6.6473283539526165,0.0558599021340556,1297.7049339469522,0.3533092659806567,1293.163122137808,4.543048685998656,0.0012368768543421,0.0176830224197811,0.0,3792,3673,119,30.865546218487395,0,377,0
0_434,1304.921546239988,6.126392235868488,1297.7217728810483,7.03424199426081,0.0330246103016939,0.1994925597682595,1297.6878116859589,7.23373455402907,0.0339611950893383,1301.0991396669997,0.4623664320067518,1297.6890239560305,3.411327981040813,0.001212270071443,0.017945570765203,0.0,3027,2814,213,13.211267605633802,0,408,0
0_435,1305.0636256309226,19.773691297438223,1301.1425805661818,3.8559241362381727,0.0584230929733056,0.1254446987295523,1301.082256795955,3.981368834967725,0.0603237702267837,1303.8544476109091,0.6003013110547464,1301.083533126901,2.7721908149542287,0.0012763309461115,0.0183208790911135,0.0,2238,2172,66,32.90909090909091,0,221,0
0_436,1311.084812901914,6.303292369720741,1303.8901940786163,7.025143229286186,0.0337747270638758,0.2042322066845372,1303.8554374659434,7.229375435970724,0.0347566126729361,1307.3261077939533,0.4548803437000533,1303.856645075661,3.4706703280098736,0.0012076097174703,0.0180706976344271,0.0,3082,2874,208,13.817307692307692,0,407,0
0_437,1311.3866430999478,18.213703376388164,1307.36588432423,3.947730023297481,0.0548295836569094,0.1296591577120125,1307.3092539189383,4.077389181009494,0.0566304052917985,1310.0633135070093,0.6110369932402095,1307.3105384616567,2.754059588070959,0.0012845427183166,0.0183795776797018,0.0,2216,2144,72,29.77777777777778,0,225,0
0_438,1316.7348399689654,7.700203742508569,1310.084519107413,6.496228103293106,0.0379896380309538,0.1932122927391901,1310.045399572933,6.689440396032296,0.039119534479721,1313.9507698069792,0.380524404809435,1310.0465305808202,3.9053702340461314,0.001131007887068,0.0162811120583986,0.0,3624,3453,171,20.19298245614035,0,405,0
0_439,1318.6570261549205,11.6695312049108,1313.9777389272256,4.599892646423541,0.0407070145701198,0.1211739315185695,1313.9359595769783,4.721066577942111,0.0417793502472753,1316.8059452750022,0.5003062102108671,1313.9370499970764,2.869985698023811,0.0010904200980333,0.0163812467249407,0.0,2745,2632,113,23.292035398230087,0,288,0
0_44,137.91146171290893,0.999358418209485,132.06941433156675,5.801700243377127,0.0420413061114284,0.082989819580689,132.02677164995112,5.884690062957816,0.0426426816156363,135.67725618800614,0.043908497148222,132.027953036533,3.650484538055025,0.0011813865818948,0.0161898951079912,0.0,3228,3090,138,22.39130434782609,0,359,0
0_440,1350.660865784972,0.6780426033057089,1316.8094124907252,32.817749618319795,0.016474773904779,1.050705912639387,1316.7924102540128,33.86845553095918,0.0170022367123289,1316.8380242109995,62.70657258147618,1316.7945823472023,0.0456139569869264,0.0021720931898536,0.0169793381395443,0.0,2013,21,1992,0.0105421686746987,0,1994,0
0_441,1323.977406046004,7.234849213366142,1316.8609189354386,6.981808488373645,0.0381519589528614,0.1737801997223869,1316.821817357908,7.155588688096032,0.0391015775305794,1320.8771501469892,0.3676251461583604,1316.822946033886,4.055332789081149,0.0011286759780353,0.016941289065655,0.0,3776,3593,183,19.633879781420767,0,430,0
0_442,1328.5079989859369,7.029142851777444,1320.9012556029325,7.438259720336646,0.0393558715361727,0.2089450636412948,1320.860794201959,7.647204783977941,0.0404614009734282,1325.2470557419583,0.3562492085327844,1320.8619733045234,4.386261539999396,0.0011791025645159,0.0172536679575584,0.0,3909,3720,189,19.682539682539684,0,449,0
0_443,1332.2471714939456,4.916041223224892,1325.2566400432368,6.826343236141838,0.0251894584359477,0.1900790717918425,1325.230749186012,7.016422307933681,0.0258908572248475,1327.5540880769258,0.700926128868493,1325.2319758696924,2.323338890913874,0.0012266836805247,0.0173176509853129,0.0,2165,1894,271,6.988929889298893,0,406,0
0_444,1332.8218388359528,10.021216833353028,1327.5766021674235,5.130140428082086,0.0385724844216698,0.1548328818753361,1327.5368655259954,5.284973309957422,0.0397366414282513,1330.5122134590056,0.5640153511907612,1327.5381268010835,2.975347933010198,0.0012612750881772,0.017365604337949,0.0,2492,2359,133,17.736842105263158,0,305,0
0_445,1336.742510934011,9.480443339957525,1330.5395017662788,6.06895549944602,0.0430422375847235,0.1783608766272664,1330.4951945579378,6.247316376073286,0.0443072083409452,1334.3434018609114,0.4236010799558449,1330.4964162110498,3.8482073029736057,0.0012216531120551,0.0170149579652459,0.0,3291,3150,141,22.34042553191489,0,367,0
0_446,1341.6642165869707,5.567071438120211,1334.3576455878087,7.148005892755464,0.0296597754886118,0.1890091522363945,1334.3272015419789,7.337015044991858,0.0304440458298417,1337.4923935789848,0.5062423896968148,1334.3283995707588,3.165192037005909,0.001198028780093,0.0173104689128047,0.0,2883,2642,241,10.962655601659751,0,426,0
0_447,1343.3363213499542,13.56905375100964,1337.5349811251426,5.685857087140903,0.0574328998701101,0.1746804869035259,1337.4757837759098,5.860537574044429,0.059197349232772,1341.645663828007,0.4008502132739788,1337.477029631916,4.169880052097142,0.0012458560060045,0.0170773487065382,0.0,3446,3347,99,33.80808080808081,0,338,0
0_448,1348.5233243399998,7.840251885697674,1341.668084135979,6.708629608852789,0.0390036605165859,0.1866997191682458,1341.6279950119788,6.895329328021035,0.0400891240001222,1345.527450694004,0.4010514011010444,1341.6291572938512,3.899455682025291,0.0011622818724367,0.0174178700348589,0.0,3527,3355,172,19.50581395348837,0,402,0
0_449,1350.0094808449503,14.210626114157373,1345.558175080642,4.362379105528817,0.045919780058198,0.1362809754209593,1345.5108207640003,4.498660080949776,0.0473543166415765,1348.3957029279554,0.587280358418099,1345.5120772457792,2.8848821639548987,0.001256481778726,0.0169871359683671,0.0,2391,2296,95,24.16842105263158,0,259,0
0_45,141.17753134993836,0.8113651227007952,135.69310128782814,5.45946092880331,0.0313762122345017,0.0566710411803796,135.66139937995467,5.5161319699836895,0.0317019078734694,138.3628471099073,0.0589279587350542,135.66254991135585,2.7014477299526334,0.0011505314011723,0.016176346207075,0.0,2522,2348,174,13.494252873563218,0,340,0
0_450,1353.5727788580116,18.291524038621777,1348.4481163314636,5.058524618507363,0.06835844079064,0.1363387645687908,1348.3779154749354,5.194863383076154,0.0702008565280561,1352.3654135979014,0.3556048944511968,1348.3789639887727,3.987498122965917,0.0010485138372248,0.0163157467582464,0.0,3877,3803,74,51.391891891891895,0,327,0
0_451,1358.0452009909786,8.035770420064962,1352.384508159097,5.556590068037622,0.0328792311718202,0.1377973640337586,1352.3508135589072,5.69438743207138,0.0336946001897714,1355.1867375789443,0.4586080330216394,1352.3517732624673,2.835924020037055,0.0009597035600802,0.0169139846865936,0.0,3124,2955,169,17.485207100591715,0,358,0
0_452,1406.0956003789324,0.4701088600397634,1355.1893556158425,49.26872075803112,0.0164723238910167,1.6545495049795136,1355.1723301159218,50.92327026301064,0.0170254999207658,1355.23656140198,28.23409502920792,1355.173668267715,0.0642312860582023,0.0013381517928792,0.01700402506752,0.0,3039,48,2991,0.0160481444332999,0,2994,0
0_453,1363.6952509100083,5.368878940590584,1355.2535456061375,8.257943504373543,0.0325115885998958,0.2171282236231491,1355.2201791820116,8.475071727996692,0.0333664241259712,1359.347646321985,0.3872785317156652,1355.2213550985755,4.127467139973305,0.0011759165640949,0.017116553496155,0.0,3764,3510,254,13.818897637795276,0,499,0
0_454,1369.0503698309185,3.781907098980438,1359.3583909539236,9.458457462256774,0.026128335531096,0.260369001654908,1359.3315433670068,9.718826463911682,0.0268475869168831,1362.7428414219758,0.4858263249276205,1359.332759516046,3.4112980549689382,0.0012161490392046,0.0174241116269136,0.0,3167,2805,362,7.748618784530387,0,562,0
0_455,1367.2202154949773,11.115611508089248,1362.7620639268905,4.367861517355777,0.0355110692467949,0.1268322766991332,1362.7255217009224,4.494693794054911,0.0365422259679261,1365.0568355509313,0.7537586060468975,1362.7268090084044,2.3313138500088826,0.001287307482059,0.0175884548296425,0.0,1934,1811,123,14.723577235772357,0,257,0
0_456,1370.984882639954,15.233165362666156,1365.1060437604256,5.755723832640797,0.0639524870293421,0.1891694163205102,1365.0399893909926,5.944893248961307,0.0660543694329034,1369.4741315359715,0.3971792724872307,1365.041275395095,4.434142144978978,0.001286004102372,0.0167861233775814,0.0,3538,3448,90,38.31111111111111,0,343,0
0_457,1373.6684933879878,19.3474435688449,1369.5172855963597,4.090846555074677,0.0576175571137278,0.1196642050053924,1369.4579826279078,4.210510760080069,0.0593029684518319,1372.4938161169412,0.5185091862927621,1369.4591295238235,3.0358334890333936,0.0011468959157662,0.016544750296432,0.0,2718,2647,71,37.28169014084507,0,253,0
0_458,1378.5372567609884,7.033353350821369,1372.5086957991773,5.903929046820849,0.0301220869735757,0.1555476122302934,1372.4777801019372,6.059476659051143,0.0309156972400568,1375.217967237928,0.5673341449001353,1372.4789105421748,2.740187135990709,0.0011304402376199,0.0169351506278593,0.0,2620,2424,196,12.36734693877551,0,362,0
0_459,1381.6606377209537,8.4764456301899,1375.2416137467778,6.269244792289101,0.0384616244925711,0.189402786665596,1375.201990141999,6.458647578954697,0.0396236047788631,1378.864270496997,0.4565775730122506,1375.2032028176131,3.6622803549980745,0.0012126756142377,0.0171556271408381,0.0,3183,3020,163,18.52760736196319,0,378,0
0_46,143.9574420870049,1.4840973411031433,138.4050264636657,5.53156099782791,0.0570264020394629,0.0786922882543876,138.3471888009226,5.610253286082298,0.0578376627431164,142.3064415549161,0.0407521310294719,138.34832260755317,3.959252753993496,0.0011338066305823,0.0170206240421525,0.0,3589,3492,97,36.0,0,341,0
0_460,1382.8732009789674,12.024984356338846,1378.8831405430778,3.9106627561850473,0.0340057630972612,0.1143982098437845,1378.8481400129383,4.025060966028832,0.0350005301393811,1380.9101620279253,0.8229500369653905,1378.84936886992,2.062022014986724,0.0012288569815177,0.0170699039221052,0.0,1793,1678,115,14.591304347826089,0,235,0
0_461,1387.2013124049408,9.566905602792696,1380.9366627007394,6.129369316040538,0.0422715125244175,0.1787848999956622,1380.8931581889046,6.3081542160362005,0.0435045118347324,1384.6991422519786,0.4272444129132918,1380.8943325128982,3.8059840630739927,0.0011743239935433,0.0172563458824979,0.0,3386,3241,145,22.351724137931036,0,371,0
0_462,1389.9609181389678,10.372842672678864,1384.720164601884,5.129534206353128,0.0382801060175606,0.1506234926637262,1384.680760439951,5.280157699016854,0.0394041619329616,1387.664175354992,0.5682490480569173,1384.6819821495803,2.9834149150410667,0.0012217096294189,0.0171398715222073,0.0,2576,2442,134,18.22388059701493,0,306,0
0_463,1393.916703508003,11.519972756264483,1387.7166682326192,6.067549230298027,0.0501450349611407,0.1841530057135969,1387.665001271991,6.251702236011624,0.0516669606281952,1391.810847373912,0.3958506391848442,1387.6661804091077,4.145846101921052,0.0011791371165873,0.0174037697032278,0.0,3637,3516,121,29.05785123966942,0,364,0
0_464,1395.3720307999756,15.333758580219513,1391.8317737633076,3.472453573718667,0.0381588304804249,0.107139652245678,1391.7924375740113,3.579593225964345,0.0393361892963114,1393.825904230005,0.8614498790049475,1391.7936943519198,2.033466655993834,0.0012567779085252,0.0169904018678078,0.0,1709,1618,91,17.78021978021978,0,206,0
0_465,1399.684890341945,9.393858324442585,1393.847774539571,5.7081770763034,0.0383099132637812,0.1683786977082491,1393.8083345679331,5.876555774011649,0.039439971637662,1397.0845593399135,0.5000302646170056,1393.8095071609082,3.276224771980196,0.0011725929749392,0.0174518859196741,0.0,2943,2794,149,18.751677852348998,0,342,0
0_466,1400.405816454906,18.42639232177508,1397.110057045791,3.2373551963828504,0.0425967788997743,0.1023476715199649,1397.0661135870032,3.339702867902816,0.0439434587881949,1399.0861524179345,0.8657711339219891,1397.0673636110323,2.0200388309312984,0.0012500240290416,0.0173640004864673,0.0,1692,1616,76,21.26315789473684,0,191,0
0_467,1403.2723967808995,14.319106089601018,1399.1116370175482,4.078302202397026,0.041615328595888,0.1253519915044307,1399.0687425869985,4.203654193901457,0.0428944305500148,1401.5972900799245,0.6690201861956679,1399.069949530909,2.528547492926009,0.0012069439107045,0.0170929255201576,0.0,2193,2095,98,21.377551020408163,0,245,0
0_468,1406.7307711499743,11.436835537804669,1401.6214147028002,4.991408772999421,0.0405805591300765,0.1598276450531557,1401.5795347319215,5.1512364180525765,0.0418799708784762,1404.6328356149606,0.544009618750953,1401.580717265184,3.053300883038901,0.0011825332622149,0.0170563864635258,0.0,2705,2582,123,20.991869918699187,0,302,0
0_469,1413.1393939079717,4.131986531894654,1404.6406073855685,8.283730441355146,0.0242214340390501,0.2399792086798697,1404.615684257937,8.523709650035016,0.0249231276316813,1407.453000482987,0.5448908248095187,1404.6167827156312,2.837316225050017,0.0010984576945605,0.0166268813596052,0.0,2925,2583,342,7.552631578947368,0,516,0
0_47,148.73184623592533,1.1440911248917334,142.3398677329542,6.270878948038444,0.0482375303695264,0.1706497758859768,142.2903175120009,6.441528723924421,0.0495502209532647,146.44579737901222,0.0409295129622728,142.29147890939248,4.155479867011309,0.0011613973915626,0.0175849912070239,0.0,3708,3578,130,27.523076923076925,0,375,0
0_470,1412.1977240119595,11.96777732213525,1407.4790855472586,4.651944416458719,0.0394232577665993,0.1070242915302515,1407.4387553039703,4.75896870798897,0.0403302432880421,1410.182640657993,0.561602007430503,1407.4398480500297,2.7438853540224954,0.0010927460589496,0.017076977575987,0.0,2629,2511,118,21.279661016949152,0,285,0
0_471,1414.5920259859413,22.103000406030333,1410.2522324014335,4.290838364162482,0.0670443494400387,0.1178408327978104,1410.183346788981,4.408679196960293,0.0688856124525045,1413.5629956719931,0.4754668670272429,1410.1844835696345,3.3796488830121234,0.0011367806535526,0.0160785986554401,0.0,3037,2973,64,46.453125,0,267,0
0_472,1418.4793685969198,8.70232741470503,1413.5937580428024,4.799842390115373,0.0294468858289286,0.1159262538421899,1413.5635999529622,4.915768643957563,0.0301580898402304,1415.7840101890033,0.6063314818796588,1413.564550878117,2.2204102360410616,0.0009509251546214,0.0165359411528619,0.0,2498,2335,163,14.325153374233128,0,312,0
0_473,1418.7261572940042,12.44496629205267,1415.795812440247,2.8897556016454478,0.025348733347767,0.066521507455036,1415.7698801849035,2.956277109100484,0.0259322553429866,1416.831000666949,1.494547469057963,1415.7709995103066,1.0611204820452258,0.0011193254030012,0.0166241809390812,0.0,1062,948,114,8.31578947368421,0,178,0
0_474,1420.9235644770088,15.614544664582514,1416.859905180945,4.006716894800775,0.0440298559868217,0.1020941712195053,1416.8147534109885,4.10881106602028,0.0451517699562668,1419.46345742594,0.5786642712702568,1416.8158331924867,2.648704014951363,0.0010797814981456,0.0160451324293287,0.0,2544,2453,91,26.95604395604396,0,257,0
0_475,1423.9785275689792,7.340095502932883,1419.4725540212023,4.412547025596723,0.0227450877608078,0.1167735353810712,1419.4492070080014,4.529320560977794,0.0233470132009164,1420.8045194599545,1.1467348825342651,1419.4503008840725,1.3553124519530684,0.0010938760709871,0.0163608665413645,0.0,1433,1239,194,6.38659793814433,0,277,0
0_476,1422.7680875199148,19.226595777296147,1420.815052424397,1.9355428313137963,0.0261559842069431,0.0442461696220561,1420.788298518979,1.9797890009358523,0.026753905418052,1421.5526612479007,2.0483467741324217,1420.7893999061964,0.7643627289216965,0.0011013872174664,0.0164246793515426,0.0,768,694,74,9.37837837837838,0,120,0
0_477,1428.2903830989962,4.994022318527959,1421.5601693161643,6.5514021089766175,0.0229070003810371,0.2024264590581879,1421.5365545309614,6.753828568034805,0.0236147852029189,1423.4793673049426,0.8483190508372721,1421.537712345487,1.942812773981132,0.0011578145256145,0.0168217335456422,0.0,1964,1678,286,5.867132867132868,0,403,0
0_478,1428.1884115219582,8.255424344057563,1423.4906429320054,4.601955085876398,0.0266008964501525,0.1231261121574789,1423.4633303239243,4.725081198033877,0.0273126080811206,1425.215388334007,0.9100992262669264,1423.464449134914,1.752058010082692,0.0011188109898356,0.0171851051326658,0.0,1739,1566,173,9.052023121387284,0,280,0
0_479,1458.6271396089578,0.794892174173819,1425.2176190435384,32.16343137633521,0.0175277555184388,1.2643059396650642,1425.1994022929575,33.427737316000275,0.0182167505809265,1425.7280429729726,3.270018447185717,1425.2006147715815,0.5286406800150871,0.0012124786238878,0.0179286630168856,0.0,2271,436,1835,0.2376021798365122,0,1866,0
0_48,152.40841712697875,0.8809735094045015,146.46332629849377,5.79777264315635,0.0335131366656436,0.1818826668895781,146.42876181693282,5.979655310045928,0.0345644815609591,149.61317792895716,0.057477210114851,146.42998518078684,3.184416112024337,0.0012233638540239,0.0161574520116854,0.0,2776,2603,173,15.046242774566474,0,355,0
0_480,1430.7116563100135,9.935497613263983,1425.7465188062738,4.843129443353973,0.0336328433566248,0.1567293016705662,1425.711797564989,4.99985874502454,0.0347212412848926,1428.290036057937,0.7439010604468421,1425.7131403975377,2.578238492948003,0.0013428325484104,0.016816807306087,0.0,2064,1920,144,13.333333333333334,0,291,0
0_481,1483.0469101989877,0.5040948029228374,1428.2919835830726,52.89528472733218,0.0179793625857689,1.878259680699557,1428.2733657909555,54.77354440803174,0.018617792116938,1429.1712341419188,1.903024279816137,1428.274561354672,0.8978683509631082,0.001195563716329,0.0183126023307507,0.0,3693,751,2942,0.2552685248130523,0,2995,0
0_482,1432.5864365670132,31.14318340363072,1429.2463142757797,3.306917182984762,0.0718895039779296,0.1074300480540841,1429.1720893359743,3.414347231038846,0.0742249398051923,1431.8202160549115,0.6834464038448266,1429.1733533582744,2.64812671893742,0.0012640223002087,0.0166569676543788,0.0,2141,2095,46,45.54347826086956,0,202,0
0_483,1441.9501716039376,4.5060942862623055,1431.8354336254656,9.874846297781914,0.0308588946805684,0.2715993232559412,1431.8037259828998,10.146445621037856,0.0317076425657433,1436.0841309209354,0.408791383695114,1431.8049444300782,4.280404938035645,0.00121844717849,0.0183313771343819,0.0,3833,3513,320,10.978125,0,574,0
0_484,1444.2755456859013,8.02375303158834,1436.1128485180695,7.953388006077148,0.0441854889226508,0.2549108219100162,1436.067246857914,8.208298827987164,0.0456016601554842,1440.9449313719524,0.4140646354517104,1436.0686484913952,4.877684514038265,0.0014016334810454,0.0185034128552716,0.0,3660,3480,180,19.33333333333333,0,447,0
0_485,1449.0532387319254,6.41173999438905,1440.9609419683811,7.874933245475404,0.0348448373693601,0.2533292814623564,1440.9249762049876,8.12826252693776,0.0359657633935299,1444.9284104669932,0.5153097041608392,1440.9264039632835,4.003434262005612,0.0014277582960077,0.0182514524996997,0.0,3030,2804,226,12.4070796460177,0,443,0
0_486,1451.7864549409132,7.890143776852789,1444.948628153665,6.649705563904718,0.036139704151656,0.2254863970447331,1444.9112629799638,6.875191960949451,0.0373651737008122,1448.3636329579167,0.589244765239185,1444.9126675243,3.4523699779529124,0.0014045443360264,0.0186022933858507,0.0,2642,2458,184,13.358695652173912,0,373,0
0_487,1480.698175465921,0.8941414103055079,1448.3648265407285,31.46594142122194,0.0190011723558103,0.8869442706927657,1448.3452897740062,32.35288569191471,0.0195367667221707,1449.7365026909392,1.5775152368780625,1448.3468036074305,1.391212916933,0.0015138334243014,0.0186966623037329,0.0,2575,919,1656,0.5549516908212561,0,1730,0
0_488,1456.8393359800102,12.892383504247878,1449.7819344337413,6.856858887011185,0.0606801671416919,0.2635551730636507,1449.7189219199354,7.120414060074836,0.063012513805972,1454.6693323279032,0.431652620868814,1449.720390884448,4.9504104079678655,0.0014689645127501,0.0192035721425395,0.0,3483,3370,113,29.82300884955752,0,380,0
0_489,1461.649567288929,14.054322762393545,1454.7183052867958,6.729364713421091,0.0647054299367412,0.2691910945577547,1454.6510114809498,6.998555807978846,0.0672938058459504,1459.758145530941,0.4173122199916926,1454.6524714964014,5.107134049991146,0.0014600154516841,0.0181867476729586,0.0,3602,3498,104,33.63461538461539,0,377,0
0_49,157.33284187398385,0.595957734371151,149.62568974086335,7.526222604094073,0.0285084189549017,0.2102342899888754,149.5963849799009,7.736456894082949,0.0293047609624354,152.95377446792554,0.0481138013425371,149.5974410948704,3.357389488024637,0.001056114969495,0.0165873765380996,0.0,3443,3179,264,12.041666666666666,0,474,0
0_490,1468.3542359489948,7.269080375985123,1459.783420337589,8.351301098242402,0.0413430747437742,0.2621553868521005,1459.7407794639005,8.613456485094503,0.0426408736885866,1464.5627015559005,0.3997168945294487,1459.742095490672,4.821922092000023,0.001316026771834,0.0187699722430419,0.0,3866,3664,202,18.138613861386137,0,471,0
0_491,1474.390030798968,5.0841035544792,1464.5789247657397,9.547807475551965,0.0329234740536274,0.297247021459043,1464.544976301957,9.845054497011006,0.0339484637827965,1468.8531306089135,0.4879910732919978,1464.5464075824575,4.308154306956567,0.00143128050065,0.0190927592760497,0.0,3300,3010,290,10.379310344827584,0,519,0
0_492,1478.5662231689785,5.396227091857586,1468.889545136988,9.4143929251004,0.0343590982667897,0.297730813967064,1468.854099429911,9.712123739067463,0.0354457070768885,1473.2447308409028,0.4889627384138409,1468.855556659055,4.390631410991773,0.0014572291440397,0.0194215048469915,0.0,3287,3013,274,10.996350364963504,0,505,0
0_493,1482.8894506120123,6.961922303342781,1473.2711687560277,9.325476476573384,0.0437815797022224,0.3381746334489435,1473.22579950199,9.663651110022329,0.0453692540376635,1478.9184742550133,0.3940630093938218,1473.2273163351242,5.692674753023312,0.0015168331342987,0.0186430814882582,0.0,3966,3753,213,17.619718309859156,0,505,0
0_494,1488.132697969908,5.636866280189045,1478.935278923084,8.926254868507385,0.0338115714716188,0.3061353533994406,1478.900307748001,9.232390221906826,0.0349711750829804,1483.7097698609575,0.3959727168030311,1478.9015912980713,4.80946211295668,0.0012835500701779,0.016753515564205,0.0,4011,3747,264,14.193181818181818,0,531,0
0_495,1488.15079860494,9.921005324032931,1483.7249187565144,4.35676921531558,0.0290451281021038,0.0988145247101783,1483.6952148649143,4.455583740025759,0.0297038916001717,1485.5708425359337,0.8637039782185659,1483.6963053461184,1.8756276710191744,0.0010904812040809,0.0171997071267105,0.0,1870,1720,150,11.466666666666669,0,265,0
0_496,1492.6173172879498,5.85340124426647,1485.582112921945,6.858806059579365,0.0268972786650171,0.2040959614096209,1485.5544152669609,7.062902020988986,0.0276976549842705,1488.4013352940092,0.6253787123084072,1485.555611451846,2.846920027048327,0.0011961848853144,0.0165332627213359,0.0,2635,2380,255,9.333333333333334,0,422,0
0_497,1492.9568484599004,8.248380378231493,1488.4124703738555,4.464406173676252,0.0246652274788743,0.1052184572909027,1488.3872238289332,4.569624630967155,0.0252465449224704,1489.922133166925,1.0492409388499473,1488.388304751002,1.5349093379918486,0.0010809220690083,0.0167663828341177,0.0,1601,1420,181,7.845303867403315,0,276,0
0_498,1496.5091430229368,9.125055750139856,1489.9457969170153,6.435802345513366,0.03924269722874,0.1678096874384209,1489.905530989985,6.603612032951787,0.0402659270301938,1493.862192448927,0.4188007267869154,1489.906640230652,3.956661458942108,0.0011092406669307,0.0161399425244492,0.0,3731,3567,164,21.75,0,408,0
0_499,1500.0021859449334,6.25000910810389,1493.8732932543974,6.014259398216382,0.0250594141592349,0.1402771947905421,1493.8476493519263,6.154536593006924,0.0256439024708621,1496.6633207009872,0.570157455505138,1493.8487219886308,2.8156713490607217,0.001072636704404,0.0139119385164425,0.0,2865,2625,240,10.9375,0,414,0
0_5,21.089770038961436,0.4904597683479403,16.84888363667753,4.243623150396161,0.0986889104743293,0.098236737656407,16.747910150908865,4.341859888052568,0.1009734857686643,20.41351394297089,0.0058896462616765,16.74896774000063,3.665603792062029,0.0010575890917663,0.0157268859532683,0.0,3509,3466,43,80.6046511627907,0,272,0
0_50,158.03010320093017,1.075034715652586,152.97361863094625,4.969765199464746,0.033807926526971,0.1213528264779597,152.9389851749875,5.091118025942706,0.0346334559587939,155.55337220896035,0.0650306740004014,152.9400781461555,2.614387033972889,0.0010929711680488,0.0168485101494545,0.0,2539,2392,147,16.272108843537413,0,307,0
0_51,161.14231919299343,1.0329635845704708,155.57270431818398,5.4606644755695015,0.0350042594587788,0.1448833984322846,155.53677131899167,5.605547874001786,0.0359329991923191,158.64399519597646,0.0567193404347431,155.53788223206888,3.10722387698479,0.0011109130772201,0.0160148974167756,0.0,2953,2797,156,17.92948717948718,0,346,0
0_52,162.64248587191105,3.319234405549205,158.71158688580047,3.920959542854689,0.0800195825072385,0.0918331721331924,158.62969315692317,4.0127927149878815,0.0818937288773037,161.8738428259967,0.0514048405290557,158.63072337275963,3.244149669073522,0.0010302158364793,0.0156865927737624,0.0,3198,3149,49,64.26530612244898,0,256,0
0_53,165.2920377079863,3.1786930328458904,161.92535769950615,3.365802533342503,0.0647269717950481,0.0668908086372539,161.85934436600655,3.432693341979757,0.0660133334996107,164.47396920190658,0.0577912751939236,161.86026306763546,2.614624835900031,0.0009187016289177,0.0157320866553793,0.0,2898,2846,52,54.73076923076923,0,233,0
0_54,170.01898587495089,1.2978548540072588,164.5021338581111,5.448259999742732,0.0415897709904025,0.1110293403035029,164.45969653490465,5.559289340046234,0.0424373232064598,167.89850939600728,0.0444293488743073,164.46060651449213,3.438812861102633,0.0009099795874841,0.0161868433507145,0.0,3910,3779,131,28.84732824427481,0,370,0
0_55,174.1334964960115,0.9463776983478888,167.91744365974307,6.089993522618897,0.0330977908837983,0.1600268154870718,167.88347615790553,6.250020338105969,0.0339675018375324,171.0653435549466,0.0542719998588028,167.88448563360257,3.18186739704106,0.0010094756970307,0.0166747442449179,0.0,3336,3152,184,17.130434782608695,0,389,0
0_56,221.7850762349553,0.0749780514655021,171.06818992842486,48.9435565052554,0.0165461651471451,1.790481267729774,171.05103846197017,50.734037772985175,0.0171514664546941,171.14520711801015,2.2519106199738177,171.05227752323384,0.094168656039983,0.0012390612636839,0.0171196312092444,0.0,3034,76,2958,0.0256930358350236,0,2963,0
0_57,176.46064876497258,1.4828625946636351,171.17419688258724,5.187916229246184,0.0435959346995477,0.143336092820391,171.129396442906,5.331252322066575,0.0448004396812317,174.50175396900158,0.0616613971621913,171.13058808867493,3.372357526095584,0.0011916457689383,0.0164613008064789,0.0,2949,2830,119,23.781512605042018,0,320,0
0_58,183.2250528199365,0.6067054729136971,174.51422699166704,8.50152265233919,0.0281507372594012,0.2382427966222167,174.48528737097513,8.739765448961407,0.0289396206919251,177.97008530795574,0.0581031946810172,174.4864250784309,3.484797936980613,0.0011377074557559,0.017400554675433,0.0,3365,3063,302,10.142384105960264,0,514,0
0_59,189.0987510589184,0.3939557313727467,177.97729246732268,10.81760903156828,0.0225366854824339,0.3270676364190876,177.95407439093103,11.144676667987367,0.0232180763916403,180.52608918293845,0.0844764104740002,177.95527795424036,2.572014792007394,0.0012035633093155,0.0178597122416249,0.0,2617,2137,480,4.452083333333333,0,632,0
0_6,27.275156548945237,0.1180742707746546,20.428849718402425,6.725523332017474,0.0291148196191232,0.1505500499624759,20.399083166965283,6.87607338197995,0.0297665514371426,23.46423794690054,0.0069236464877251,20.399987609213717,3.065154779935256,0.0009044422484317,0.0164974831257346,0.0,3620,3389,231,14.670995670995673,0,445,0
0_60,185.7307948200032,1.0552886069318363,180.538675843275,5.064304939820431,0.0287744598853433,0.1574832882033661,180.5090065919794,5.221788228023797,0.0296692512955897,182.54516350699123,0.1244343309522776,180.5103945653366,2.036156915011816,0.0013879733571996,0.0181001779148408,0.0,1643,1467,176,8.335227272727273,0,289,0
0_61,187.00978227495216,1.4275555898851309,182.5612623291144,4.330055499798618,0.0330538587770886,0.1526838302379474,182.5270429449156,4.482739330036566,0.0342193841987524,184.6653593420051,0.1246055056288833,182.52848580348316,2.138316397089511,0.0014428585675367,0.0178963582667714,0.0,1613,1482,131,11.312977099236642,0,248,0
0_62,191.61689328297507,0.8996098276196013,184.6799246441598,6.750226404285058,0.0316912037759861,0.219463784713298,184.6472030939767,6.9696901889983565,0.0327215501830908,187.9371429219609,0.0784706233494617,184.64857676405103,3.289939827984199,0.0013736700743149,0.0172758232911462,0.0,2608,2395,213,11.244131455399062,0,397,0
0_63,194.2799164649332,1.982448127193196,187.98506007468143,6.154108332819305,0.0627970238042786,0.2056434841360896,187.9201646479778,6.359751816955395,0.0648954267036264,192.59640285896603,0.0507366709322882,187.9213965337025,4.676238210988231,0.0012318857247071,0.017178710264971,0.0,3894,3796,98,38.734693877551024,0,370,0
0_64,197.4109128949931,0.8734996145796154,192.60142436857075,4.699733810499311,0.020795282347342,0.1311302204849198,192.5800488640089,4.83086403098423,0.0213755045618771,193.55216640094292,0.2450027422796746,192.58127939253663,0.9721175369340926,0.0012305285277646,0.0170740995311953,0.0,1016,790,226,3.495575221238938,0,282,0
0_65,197.871621778002,2.019098181408184,193.5794966575756,4.195641545695253,0.042812668833625,0.1407322873128578,193.5352479449939,4.336373833008111,0.0442487125817154,196.18212040199435,0.0921475436364463,193.5364911918032,2.646872457000427,0.0012432468093003,0.017239809959262,0.0,2227,2129,98,21.72448979591837,0,253,0
0_66,201.94760287797544,1.8031035971247809,196.21708396937905,5.60057042457629,0.050005093076574,0.1815747804939746,196.1654576729052,5.782145205070265,0.0516262964738416,200.03562213794797,0.0609864701640085,196.16663760109572,3.8701644650427625,0.0011799281905618,0.0170712566073884,0.0,3392,3280,112,29.285714285714285,0,342,0
0_67,207.2147131199017,1.1707045938977498,200.05958980966443,6.980220802128315,0.039436275718239,0.2155566178262233,200.0189356999472,7.195777419954538,0.0406541097172572,204.07599324896,0.0582242491437831,200.0200932056673,4.057057549012825,0.0011575057201177,0.0177328806267893,0.0,3682,3505,177,19.80225988700565,0,418,0
0_68,208.1250291639008,1.1892858809365758,204.08262813776463,3.9629197937902063,0.0226452559645154,0.1027134221512824,204.05939594795927,4.065633215941489,0.0232321898053799,205.02181492594536,0.2652287385846641,204.06064099191528,0.96241897798609,0.0012450439559975,0.0177326527883165,0.0,948,773,175,4.417142857142857,0,230,0
0_69,209.5799098329153,2.910832081012712,205.068197712071,4.41361383581534,0.0613001921641019,0.1616435261676088,205.00465247093237,4.575257361982949,0.063545241138652,208.3564836669248,0.0826483473490379,205.005982035072,3.3518311959924176,0.0013295641396241,0.0169920300832018,0.0,2593,2521,72,35.013888888888886,0,260,0
0_7,28.85053500696085,0.1910631457414626,23.4854894811673,5.2719174777157605,0.0349133607795745,0.1288950182497501,23.449722510995343,5.400812495965511,0.035766970171957,26.354117991984825,0.0099262214659076,23.450816445263136,2.9043954809894785,0.0010939342677926,0.0165325630130863,0.0,2806,2655,151,17.582781456953644,0,328,0
0_70,214.1128531609429,0.9688364396422756,208.36618927146185,5.614882037159987,0.0254067060504976,0.157903051818721,208.3400680719642,5.772785088978708,0.0261211994976412,210.29932203993667,0.1273769364263698,208.34125477939483,1.9592539679724723,0.0011867074306314,0.01725579692763,0.0,1872,1651,221,7.470588235294118,0,336,0
0_71,215.13956310495269,2.151395631049527,210.33175261033463,4.701813154970296,0.0470181315497029,0.154561082017608,210.2831888679648,4.856374236987904,0.048563742369879,213.3906131919939,0.084578126512879,210.2844205066188,3.1074243240291253,0.0012316386539948,0.0174894991295877,0.0,2623,2523,100,25.23,0,280,0
0_72,219.77761474600996,1.9111096934435643,213.42908333200435,6.19711681175977,0.0538879722761719,0.207103474298492,213.37339445995167,6.404220286058262,0.0556888720526805,217.71766407997347,0.0593397830689488,213.37457850727247,4.344269620021805,0.0011840473208018,0.0179126144872735,0.0,3784,3669,115,31.904347826086955,0,369,0
0_73,221.2302655359963,1.28622247404649,217.7212346136627,3.4449188211001456,0.0200285977970938,0.0846327499020844,217.7007139649941,3.52955157100223,0.0205206486686176,218.2043279199861,0.5609365756297843,217.7020086024105,0.5036139549920335,0.0012946374164319,0.0175926605581988,0.0,561,389,172,2.261627906976744,0,200,0
0_74,225.9551070180023,1.1022200342341577,218.2250868208303,7.520840633660555,0.036687027481271,0.2470718193799257,218.18719456496183,7.767912453040481,0.0378922558684901,222.59245218592696,0.0601926587847287,218.1883858190508,4.405257620965131,0.0011912540889575,0.0164031943028065,0.0,3903,3698,205,18.039024390243902,0,465,0
0_75,227.3013830949785,2.5829702624429376,222.6316749739556,4.607103722402826,0.0523534513909412,0.1162792046088725,222.5780001679668,4.7233829270116985,0.0536748059887693,225.9010524849873,0.0748512433681203,222.5791012456067,3.3230523170204838,0.0011010776398344,0.0159128478408092,0.0,3106,3018,88,34.29545454545455,0,289,0
0_76,236.39048697194085,0.5206838920086803,225.90723288718695,10.22617954411544,0.0225246245465097,0.2802163818851113,225.8840910459403,10.50639592600055,0.0231418412466972,228.6167945229681,0.0809836324913099,225.8850590599244,2.732703477027826,0.0009680139840693,0.0171226705924509,0.0,3277,2823,454,6.21806167400881,0,636,0
0_77,237.0382421989925,0.8588342108659149,228.63280625959337,8.228907554410398,0.0298148824435159,0.207093606586568,228.60224103799555,8.436001160996966,0.030565221597815,232.11849036591596,0.072019388881761,228.60333202444545,3.5162493279203773,0.0010909864498667,0.0178251878010021,0.0,3499,3223,276,11.67753623188406,0,491,0
0_78,242.1292992189992,0.5806458014844106,232.1256939599841,9.725775160011835,0.0233232018225703,0.3018772270297631,232.1016468319576,10.0276523870416,0.0240471280264786,234.8796261169482,0.1068606124280929,232.10291069878429,2.777979284990579,0.0012638668266563,0.0173853071991631,0.0,2615,2198,417,5.270983213429257,0,574,0
0_79,240.0492973739747,1.4460801046624985,234.89313038490172,5.030808831565082,0.0303060772985848,0.1566076544113457,234.86188088799827,5.187416485976428,0.0312494969034724,237.2004545379896,0.137587270613683,234.86323736923376,2.338573649991304,0.0013564812354937,0.0171617038312356,0.0,1890,1724,166,10.385542168674698,0,294,0
0_8,31.503298849915154,0.1853135226465597,26.367754662377923,5.040513231069781,0.0296500778298222,0.1254187918966636,26.33736682694871,5.1659320229664445,0.0303878354292143,28.78318479598965,0.0135068910351898,26.33851455945413,2.445817969040945,0.0011477325054157,0.0160006709054441,0.0,2301,2131,170,12.53529411764706,0,316,0
0_80,241.5972974949982,1.1615254687259529,237.2056254837522,4.309679872356355,0.020719614770944,0.1032079457072541,237.1844096769346,4.412887818063609,0.0212158068176135,238.01580161601305,0.3439534705433714,237.18561111037255,0.8313919390784577,0.0012014334379746,0.0172187301874286,0.0,900,692,208,3.326923076923077,0,257,0
0_81,242.998350773938,4.85996701547876,238.1161511617247,4.822854667436332,0.0964570933487266,0.1589816715568304,238.01651443494484,4.981836338993162,0.0996367267798632,242.21713220397945,0.0722173918318364,238.01776685526957,4.200617769034579,0.0012524203246972,0.0156243713991716,0.0,3404,3354,50,67.08,0,294,0
0_82,274.9453815199668,0.1533437710652352,242.2209757211737,31.693725888850167,0.0176763669207195,1.0489412971073762,242.2027143340092,32.74266718595754,0.018261387164505,243.73871854995377,0.1513905084161203,242.20366837389489,1.5360042159445584,0.0009540398856798,0.0174047200055844,0.0,3403,1610,1793,0.8979364194088121,0,1897,0
0_83,249.2507164459676,2.8649507637467537,243.7884152027104,5.400587391690351,0.0620757171458661,0.1252289823023602,243.72490007197484,5.525816373992711,0.0635151307355484,247.7771727429936,0.0656711298020126,243.7259740907056,4.052272671018727,0.0010740187307232,0.0169372839422297,0.0,3860,3773,87,43.367816091954026,0,338,0
0_84,251.2409185329452,2.3701973446504265,247.79330543143223,3.3918878053082158,0.0319989415595114,0.0885597066953778,247.7604710209416,3.480447512003593,0.0328344104905999,249.49164097197357,0.1760703182582735,247.76169273579768,1.7311699510319158,0.0012217148560563,0.0165026184997328,0.0,1523,1417,106,13.367924528301886,0,207,0
0_85,255.84466612397227,1.0316317182418238,249.5012479887716,6.197119398391806,0.0249883846709347,0.17198059160728,249.4755661339732,6.369099989999086,0.0256818547983834,251.56252868799493,0.1414067052771191,249.4767392438968,2.0869625540217385,0.0011731099235647,0.017266683209586,0.0,2027,1779,248,7.173387096774194,0,373,0
0_86,255.55052580300253,1.879047983845607,251.5759038400951,3.9007920852163807,0.028682294744238,0.1032715218607336,251.5464621959254,4.004063607077114,0.0294416441696846,253.15506914898288,0.1914940008691247,251.5476789939232,1.6086069530574605,0.0012167979977741,0.0176136518677915,0.0,1458,1322,136,9.720588235294118,0,231,0
0_87,262.4493648079224,0.7372173168761865,253.16448822988752,9.05294020427391,0.0254296073153761,0.258090955670923,253.1383336479776,9.311031159944832,0.0261545819099573,256.20351078896783,0.1101950584038571,253.13965200373715,3.065177140990272,0.0013183557595657,0.0175445337611083,0.0,2681,2325,356,6.530898876404494,0,530,0
0_88,260.47277929994743,2.3050688433623665,256.225239357704,4.167118574492633,0.0368771555264834,0.1183458315208554,256.18731489393394,4.285464406013489,0.0379244637700308,258.4443134549074,0.1401541830015766,256.1885388627848,2.256998560973443,0.0012239688508532,0.0179510251773455,0.0,1957,1844,113,16.31858407079646,0,244,0
0_89,268.563846978941,0.8834337071675691,258.4785178375678,9.84076799021568,0.0323709473362357,0.2778460658155381,258.4452329229098,10.11861405603122,0.0332849146579974,263.07094976492226,0.0736893416708465,258.4465286419131,4.62571684201248,0.0012957190033648,0.0180687408355879,0.0,3874,3570,304,11.74342105263158,0,564,0
0_9,33.946658693952486,0.3361055316232919,28.818043342461845,5.068032296258025,0.0501785375867131,0.111869208747521,28.76675718894694,5.179901505005546,0.0512861535149063,32.31032864795998,0.0093843533685622,28.767786399361988,3.5435714590130374,0.0010292104150488,0.0162012875840842,0.0,3544,3443,101,34.08910891089109,0,327,0
0_90,272.32773692091,0.9902826797123998,263.0878722946566,9.015873384429142,0.0327849941251968,0.257713375496678,263.05415016098414,9.27358675992582,0.0337221336724575,267.1859691449208,0.0825157409341942,263.05542620143626,4.131818983936682,0.0012760404521113,0.0186973373672332,0.0,3513,3238,275,11.774545454545455,0,506,0
0_91,272.95791373297106,1.3122976621777456,267.19543526016173,5.632099390728399,0.0270774009169634,0.1582171423360705,267.1675971999066,5.79031653306447,0.0278380602551176,269.0964581349399,0.1977196606428654,267.1690144379191,1.928860935033299,0.0014172380125152,0.0185646903751498,0.0,1569,1361,208,6.543269230769231,0,310,0
0_92,275.7741549129132,2.703668185420718,269.1627674081543,6.446375708677806,0.0631997618497824,0.2304710783064365,269.097308125929,6.6768467869842425,0.0654592822253357,274.03420769097283,0.0748931969639171,269.09865737423866,4.936899565043859,0.0013492483096594,0.0170583060974547,0.0,3761,3659,102,35.872549019607845,0,371,0
0_93,279.56108091794886,1.6066728788387863,274.0487114830403,5.38520577410236,0.0309494584718526,0.1590270679444074,274.0168480759021,5.544232842046768,0.0318634071381998,276.59292565693613,0.114389133853158,274.01791345124576,2.576077581034042,0.0010653753436865,0.0170583635690386,0.0,2592,2418,174,13.89655172413793,0,334,0
0_94,279.1939994969871,3.102155549966523,276.60770353418127,2.553444654098712,0.0283716072677634,0.0619108139071613,276.5786440289812,2.6153554680058733,0.0290595052000652,277.61538466101047,0.2991545093329854,276.5797612063864,1.0367406320292505,0.0011171774052039,0.0175401648441847,0.0,1018,928,90,10.311111111111112,0,152,0
0_95,320.39183170790784,0.1365112193046049,277.61714459739926,41.13717587699648,0.017527556828716,1.655744262970984,277.5989115679404,42.79292013996746,0.0182330294588698,278.36432469799183,0.4858016137835809,277.60024736746925,0.7654131300514564,0.0013357995288856,0.0179069054153881,0.0,2920,573,2347,0.2441414571793779,0,2388,0
0_96,286.9569980339147,0.8175413049399279,278.37242023011027,8.35151186620351,0.0237934811002949,0.2575933027546853,278.3478928649565,8.609105168958195,0.024527365153727,280.7264553220012,0.1393875150556112,278.3490738790861,2.378562457044609,0.0011810141296149,0.0177508339370757,0.0,2365,2014,351,5.737891737891738,0,493,0
0_97,310.57764576899353,0.1912423927148974,280.7284499633251,29.01514332811348,0.0178664675665723,0.8524438489694148,280.71005859191064,29.867587177082896,0.0183913714144599,281.02819839294534,1.1241127935717814,280.7113311511148,0.3181398010347038,0.0012725592041388,0.0181954725221971,0.0,1874,250,1624,0.1539408866995074,0,1642,0
0_98,283.1866880489979,3.371270095821404,281.0375088057661,2.115679752547294,0.0251866637208011,0.059393216506578,281.011615079944,2.175072969053872,0.0258937258220699,281.71070618892554,0.5534591477189107,281.01298853988305,0.6990911089815199,0.0013734599390599,0.0175712126199089,0.0,593,509,84,6.059523809523809,0,123,0
0_99,287.6509652159875,2.9055653052119954,281.75387143729506,5.752192574553192,0.058102955298517,0.2050756304524839,281.69369701098185,5.957268205005676,0.0601744263131886,285.8603670009179,0.09680337521196,281.69510800657616,4.166669989936054,0.0014109955942892,0.0180868506572689,0.0,3052,2953,99,29.828282828282827,0,333,0
